	ID1	ID2	Edge_PDB	Edge_UP	TM-score
0	1A22_A	1BP3_A		u	0.9418
1	1A22_A	3MZG_A			0.8479
2	1A22_A	3N06_A			0.8527
3	1A22_A	3N0P_A			0.8509
4	1A22_A	3NCB_A			0.8584
5	1A22_B	1AHW_C			0.6367
6	1A22_B	3MZG_B			0.8884
7	1A22_B	3NCC_B			0.8888
8	1A22_B	3S9D_B			0.6897
9	1A22_B	3SE4_C			0.6431
10	1A22_B	4NKQ_B			0.7001
11	1A4Y_A	1Z7X_W		u	0.998
12	1ACB_I	1CSE_I		u	0.9855
13	1ACB_I	1SBN_I		u	0.9928
14	1ACB_I	1SIB_I		u	0.9973
15	1ACB_I	1TM1_I			0.8581
16	1ACB_I	1TM3_I			0.8609
17	1ACB_I	1TM4_I			0.8597
18	1ACB_I	1TM5_I			0.8552
19	1ACB_I	1TM7_I			0.8564
20	1ACB_I	1TMG_I			0.8595
21	1ACB_I	1TO1_I			0.8549
22	1ACB_I	1Y1K_I			0.8555
23	1ACB_I	1Y33_I			0.8568
24	1ACB_I	1Y34_I			0.8568
25	1ACB_I	1Y3B_I			0.8592
26	1ACB_I	1Y3C_I			0.8535
27	1ACB_I	1Y3D_I			0.8532
28	1ACB_I	1Y48_I			0.8527
29	1AHW_C	3MZG_B			0.6769
30	1AHW_C	3NCC_B			0.678
31	1AHW_C	3S9D_B			0.6922
32	1AHW_C	3SE4_C			0.7148
33	1AK4_D	1M9E_D			0.9896
34	1AO7_A	1BD2_A		u	0.9862
35	1AO7_A	1LP9_A		u	0.9872
36	1AO7_A	1OGA_A		u	0.977
37	1AO7_A	2AK4_A			0.9575
38	1AO7_A	2BNR_A		u	0.9904
39	1AO7_A	2J8U_A		u	0.9884
40	1AO7_A	2JCC_A		u	0.9895
41	1AO7_A	2UWE_A		u	0.9886
42	1AO7_A	3H9S_A		u	0.9885
43	1AO7_A	4FTV_A		u	0.9952
44	1AO7_A	4K71_B			0.7876
45	1AO7_A	4L3E_A		u	0.9913
46	1AO7_C	1BD2_C			1.096
47	1AO7_C	1QSE_C			1.08
48	1AO7_C	2BNQ_C			0.9647
49	1AO7_C	2BNR_C			0.9796
50	1AO7_C	2OI9_Q			0.6911
51	1AO7_C	3D3V_C			1.067
52	1AO7_C	3PWP_C			1.044
53	1AO7_C	3QDJ_C			0.7796
54	1AO7_C	3QFJ_C			1.083
55	1AO7_C	4JFD_C			0.866
56	1AO7_C	4JFE_C			0.8472
57	1AO7_C	4JFF_C			0.8561
58	1AO7_C	4MNQ_C			0.7551
59	1AO7_D	1DVF_A			0.8698
60	1AO7_D	1DVF_B			0.8737
61	1AO7_D	1DVF_C			0.8701
62	1AO7_D	1DVF_D			0.8851
63	1AO7_D	1KIP_B			0.8709
64	1AO7_D	1KIQ_B			0.8711
65	1AO7_D	1KIR_A			0.8734
66	1AO7_D	1NMB_H			0.8568
67	1AO7_D	1NMB_L			0.8612
68	1AO7_D	1VFB_A			0.8736
69	1AO7_D	1VFB_B			0.8699
70	1AO7_D	2I26_N			0.8404
71	1AO7_D	4KRL_B			0.8779
72	1AO7_D	4KRO_B			0.7508
73	1AO7_D	4KRP_B			0.7983
74	1AO7_D	5C6T_H			0.8205
75	1AO7_D	5C6T_L			0.8493
76	1AO7_D	5E9D_D		u	0.9823
77	1AO7_D	5E9D_E			0.8863
78	1AO7_E	1BD2_E			0.9878
79	1AO7_E	1BJ1_H			0.8173
80	1AO7_E	1DQJ_A			0.7119
81	1AO7_E	1DQJ_B			0.6925
82	1AO7_E	1JRH_H			0.7263
83	1AO7_E	1JRH_L			0.7476
84	1AO7_E	1MHP_H			0.8091
85	1AO7_E	1MHP_L			0.6323
86	1AO7_E	1MI5_E		u	0.9459
87	1AO7_E	1MLC_A			0.6561
88	1AO7_E	1MLC_B			0.7402
89	1AO7_E	1N8Z_B			0.821
90	1AO7_E	1NCA_H			0.8279
91	1AO7_E	1OGA_E		u	0.9541
92	1AO7_E	1XGP_B			0.7016
93	1AO7_E	1XGQ_B			0.6989
94	1AO7_E	1XGR_B			0.7024
95	1AO7_E	1XGT_B			0.7009
96	1AO7_E	1XGU_B			0.6951
97	1AO7_E	1YY9_C			0.6215
98	1AO7_E	1YY9_D			0.8123
99	1AO7_E	2AK4_E		u	0.9464
100	1AO7_E	2B2X_H			0.8096
101	1AO7_E	2B2X_L			0.6153
102	1AO7_E	2BDN_H			0.7256
103	1AO7_E	2BDN_L			0.6616
104	1AO7_E	2NYY_D			0.8297
105	1AO7_E	2VLR_E		u	0.94
106	1AO7_E	3BN9_D			0.8138
107	1AO7_E	3D3V_E		u	0.9948
108	1AO7_E	3G6D_H			0.7877
109	1AO7_E	3HFM_H			0.817
110	1AO7_E	3L5X_L			0.6622
111	1AO7_E	3N85_H			0.8162
112	1AO7_E	3NGB_L			0.6668
113	1AO7_E	3QDG_E			0.9635
114	1AO7_E	3QDJ_E			0.9629
115	1AO7_E	3QIB_D			0.8866
116	1AO7_E	3SE8_H			0.7314
117	1AO7_E	3SE8_L			0.6799
118	1AO7_E	3SE9_H			0.7472
119	1AO7_E	3SE9_L			0.6647
120	1AO7_E	4B0M_M			0.6341
121	1AO7_E	4FTV_E			0.9963
122	1AO7_E	4I77_H			0.7994
123	1AO7_E	4L3E_E			0.9568
124	1AO7_E	4OZG_H		u	0.9395
125	1B2S_A	1B2U_A		u	0.9969
126	1B2S_A	1B3S_A		u	1.0
127	1B2S_A	1BRS_A		u	1.008
128	1B2S_D	1B2U_D		u	1.008
129	1B2S_D	1B3S_D		u	1.007
130	1B2S_D	1BRS_D		u	1.008
131	1B2S_D	1X1W_D		u	1.003
132	1B2S_D	1X1X_D		u	1.002
133	1B2U_A	1B3S_A		u	1.005
134	1B2U_A	1BRS_A		u	1.005
135	1B2U_D	1B3S_D		u	1.008
136	1B2U_D	1BRS_D		u	1.007
137	1B2U_D	1X1W_D		u	1.005
138	1B2U_D	1X1X_D		u	1.006
139	1B3S_A	1BRS_A		u	1.008
140	1B3S_D	1BRS_D		u	1.006
141	1B3S_D	1X1W_D		u	1.005
142	1B3S_D	1X1X_D		u	1.006
143	1B41_B	1FSS_B		u	0.9873
144	1BD2_A	1LP9_A		u	0.9778
145	1BD2_A	1OGA_A		u	0.9811
146	1BD2_A	2AK4_A			0.9744
147	1BD2_A	2BNR_A		u	0.9917
148	1BD2_A	2J8U_A		u	0.98
149	1BD2_A	2JCC_A		u	0.9814
150	1BD2_A	2UWE_A		u	0.98
151	1BD2_A	3H9S_A		u	0.9842
152	1BD2_A	4FTV_A		u	0.9919
153	1BD2_A	4K71_B			0.8019
154	1BD2_A	4L3E_A		u	0.9804
155	1BD2_C	1QSE_C			1.053
156	1BD2_C	2BNQ_C			0.9766
157	1BD2_C	2BNR_C			0.9969
158	1BD2_C	2OI9_Q			0.7319
159	1BD2_C	3D3V_C			1.081
160	1BD2_C	3PWP_C			1.059
161	1BD2_C	3QDJ_C			0.7872
162	1BD2_C	3QFJ_C			1.08
163	1BD2_C	4JFD_C			0.8448
164	1BD2_C	4JFE_C			0.8094
165	1BD2_C	4JFF_C			0.8406
166	1BD2_C	4MNQ_C			0.7362
167	1BD2_D	1CZ8_L			0.731
168	1BD2_D	1DQJ_A			0.7074
169	1BD2_D	1DQJ_B			0.7275
170	1BD2_D	1JRH_H			0.6869
171	1BD2_D	1JRH_L			0.7593
172	1BD2_D	1MHP_H			0.7016
173	1BD2_D	1MHP_L			0.7424
174	1BD2_D	1MI5_D		u	0.9139
175	1BD2_D	1MLC_A			0.7418
176	1BD2_D	1MLC_B			0.7412
177	1BD2_D	1N8Z_A			0.7384
178	1BD2_D	1OGA_D		u	0.8813
179	1BD2_D	1XGP_B			0.7244
180	1BD2_D	1XGQ_B			0.7284
181	1BD2_D	1XGR_B			0.7247
182	1BD2_D	1XGT_B			0.7256
183	1BD2_D	1XGU_B			0.728
184	1BD2_D	1YY9_C			0.7566
185	1BD2_D	2AK4_D		u	0.9504
186	1BD2_D	2B2X_H			0.6869
187	1BD2_D	2B2X_L			0.7405
188	1BD2_D	2BDN_H			0.7213
189	1BD2_D	2BDN_L			0.7193
190	1BD2_D	2NYY_C			0.7569
191	1BD2_D	2P5E_D		u	0.8273
192	1BD2_D	3HFM_L			0.7392
193	1BD2_D	3L5X_L			0.7278
194	1BD2_D	3N85_L			0.7243
195	1BD2_D	3QDG_D		u	0.9463
196	1BD2_D	3QDJ_D		u	0.9502
197	1BD2_D	3QIB_C		u	0.7959
198	1BD2_D	3SE8_H			0.7399
199	1BD2_D	3SE8_L			0.7144
200	1BD2_D	3SE9_H			0.7515
201	1BD2_D	3SE9_L			0.7149
202	1BD2_D	4FTV_D			0.9194
203	1BD2_D	4I77_L			0.7405
204	1BD2_D	4L3E_D			0.9305
205	1BD2_D	4OZG_G			0.8414
206	1BD2_E	1BJ1_H			0.8464
207	1BD2_E	1DQJ_A			0.7775
208	1BD2_E	1DQJ_B			0.748
209	1BD2_E	1MHP_H			0.8609
210	1BD2_E	1MHP_L			0.6878
211	1BD2_E	1MI5_E			0.97
212	1BD2_E	1MLC_A			0.7135
213	1BD2_E	1MLC_B			0.7843
214	1BD2_E	1N8Z_B			0.8659
215	1BD2_E	1NCA_H			0.8704
216	1BD2_E	1OGA_E			0.978
217	1BD2_E	1XGP_B			0.7552
218	1BD2_E	1XGQ_B			0.7545
219	1BD2_E	1XGR_B			0.7569
220	1BD2_E	1XGT_B			0.7556
221	1BD2_E	1XGU_B			0.7497
222	1BD2_E	1YY9_D			0.8541
223	1BD2_E	2AK4_E			0.9673
224	1BD2_E	2B2X_H			0.8562
225	1BD2_E	2BDN_H			0.7619
226	1BD2_E	2BDN_L			0.7175
227	1BD2_E	2NYY_D			0.8825
228	1BD2_E	2VLR_E			0.9644
229	1BD2_E	3BN9_D			0.8461
230	1BD2_E	3D3V_E			0.9925
231	1BD2_E	3G6D_H			0.8164
232	1BD2_E	3HFM_H			0.8821
233	1BD2_E	3L5X_L			0.7213
234	1BD2_E	3N85_H			0.8718
235	1BD2_E	3NGB_L			0.7346
236	1BD2_E	3QDG_E			0.9846
237	1BD2_E	3QDJ_E			0.9824
238	1BD2_E	3QIB_D			0.9078
239	1BD2_E	3SE8_H			0.7436
240	1BD2_E	3SE8_L			0.7491
241	1BD2_E	3SE9_H			0.7673
242	1BD2_E	3SE9_L			0.7291
243	1BD2_E	4FTV_E			0.9941
244	1BD2_E	4I77_H			0.8472
245	1BD2_E	4L3E_E			0.9798
246	1BD2_E	4OZG_H			0.9561
247	1BJ1_H	1DQJ_A			0.6945
248	1BJ1_H	1DQJ_B			0.6989
249	1BJ1_H	1JRH_H			0.7696
250	1BJ1_H	1MHP_H			0.8651
251	1BJ1_H	1MI5_E			0.8628
252	1BJ1_H	1MLC_B			0.7473
253	1BJ1_H	1N8Z_B			0.9743
254	1BJ1_H	1NCA_H			0.904
255	1BJ1_H	1OGA_E			0.8394
256	1BJ1_H	1XGP_B			0.7113
257	1BJ1_H	1XGQ_B			0.7057
258	1BJ1_H	1XGR_B			0.7129
259	1BJ1_H	1XGT_B			0.707
260	1BJ1_H	1XGU_B			0.7021
261	1BJ1_H	1YY9_D			0.8832
262	1BJ1_H	2AK4_E			0.8261
263	1BJ1_H	2B2X_H			0.8739
264	1BJ1_H	2BDN_H			0.7447
265	1BJ1_H	2BDN_L			0.6352
266	1BJ1_H	2NYY_D			0.9032
267	1BJ1_H	2VLR_E			0.832
268	1BJ1_H	3BN9_D			0.932
269	1BJ1_H	3D3V_E			0.8441
270	1BJ1_H	3G6D_H			0.9115
271	1BJ1_H	3HFM_H			0.9195
272	1BJ1_H	3L5X_L			0.636
273	1BJ1_H	3N85_H			0.9762
274	1BJ1_H	3NGB_L			0.6988
275	1BJ1_H	3QDG_E			0.8404
276	1BJ1_H	3QDJ_E			0.8402
277	1BJ1_H	3QIB_D			0.864
278	1BJ1_H	3SE8_H			0.7529
279	1BJ1_H	3SE8_L			0.6731
280	1BJ1_H	3SE9_H			0.7566
281	1BJ1_H	3SE9_L			0.6495
282	1BJ1_H	4B0M_M			0.6419
283	1BJ1_H	4FTV_E			0.8412
284	1BJ1_H	4I77_H			0.9435
285	1BJ1_H	4L3E_E			0.8393
286	1BJ1_H	4OZG_H			0.8466
287	1BP3_A	3MZG_A			0.8424
288	1BP3_A	3N06_A			0.8404
289	1BP3_A	3N0P_A			0.8453
290	1BP3_A	3NCB_A			0.8429
291	1BRS_D	1X1W_D		u	1.009
292	1BRS_D	1X1X_D		u	1.005
293	1C1Y_A	1E96_A			0.9397
294	1C1Y_A	1GRN_A			0.9247
295	1C1Y_A	1GUA_A		u	0.9972
296	1C1Y_A	1K8R_A			0.986
297	1C1Y_A	1LFD_B			0.986
298	1C1Y_A	2REX_B			0.8884
299	1C1Y_A	3EG5_A			0.924
300	1C1Y_A	3KUD_A			0.9776
301	1C1Y_A	3Q3J_B			0.9005
302	1C1Y_A	4G0N_A			0.9903
303	1C1Y_A	5UFE_A			0.9645
304	1C1Y_A	5UFQ_A			0.9655
305	1C1Y_A	5XCO_A			0.9497
306	1C1Y_B	1GUA_B		u	1.005
307	1C1Y_B	1K8R_B			0.7501
308	1C1Y_B	1LFD_A			0.759
309	1C1Y_B	1XD3_B			0.7564
310	1C1Y_B	3KUD_B		u	0.9706
311	1C1Y_B	3M62_B			0.7447
312	1C1Y_B	4G0N_B		u	0.9844
313	1C4Z_D	1S1Q_A			0.7269
314	1CBW_I	2FTL_I		u	0.9937
315	1CBW_I	3BTD_I		u	1.011
316	1CBW_I	3BTE_I		u	1.011
317	1CBW_I	3BTF_I		u	1.011
318	1CBW_I	3BTG_I		u	1.011
319	1CBW_I	3BTH_I		u	1.012
320	1CBW_I	3BTM_I		u	1.011
321	1CBW_I	3BTQ_I		u	1.011
322	1CBW_I	3BTT_I		u	1.011
323	1CBW_I	3BTW_I		u	1.011
324	1CHO_I	1CSO_I		u	0.9715
325	1CHO_I	1CT0_I		u	0.9655
326	1CHO_I	1CT2_I		u	0.9679
327	1CHO_I	1CT4_I		u	0.9661
328	1CHO_I	1PPF_I		u	0.9762
329	1CHO_I	1R0R_I		u	0.991
330	1CHO_I	1SGD_I		u	0.9689
331	1CHO_I	1SGE_I		u	0.9706
332	1CHO_I	1SGN_I		u	0.9687
333	1CHO_I	1SGP_I		u	0.9664
334	1CHO_I	1SGQ_I		u	0.9664
335	1CHO_I	1SGY_I		u	0.9672
336	1CHO_I	2NU0_I			0.9624
337	1CHO_I	2NU1_I			0.9643
338	1CHO_I	2NU2_I		u	0.9585
339	1CHO_I	2NU4_I		u	0.9661
340	1CHO_I	2SGP_I		u	0.9652
341	1CHO_I	2SGQ_I		u	0.9699
342	1CHO_I	3SGB_I		u	0.9778
343	1CSE_I	1SBN_I		u	0.9923
344	1CSE_I	1SIB_I		u	0.9922
345	1CSE_I	1TM1_I			0.8679
346	1CSE_I	1TM3_I			0.8706
347	1CSE_I	1TM4_I			0.8687
348	1CSE_I	1TM5_I			0.8655
349	1CSE_I	1TM7_I			0.8664
350	1CSE_I	1TMG_I			0.8686
351	1CSE_I	1TO1_I			0.8648
352	1CSE_I	1Y1K_I			0.8666
353	1CSE_I	1Y33_I			0.8668
354	1CSE_I	1Y34_I			0.8662
355	1CSE_I	1Y3B_I			0.8689
356	1CSE_I	1Y3C_I			0.8642
357	1CSE_I	1Y3D_I			0.864
358	1CSE_I	1Y48_I			0.8619
359	1CSO_I	1CT0_I		u	1.017
360	1CSO_I	1CT2_I		u	1.017
361	1CSO_I	1CT4_I		u	1.017
362	1CSO_I	1PPF_I		u	1.006
363	1CSO_I	1R0R_I		u	0.9746
364	1CSO_I	1SGD_I		u	1.017
365	1CSO_I	1SGE_I		u	1.018
366	1CSO_I	1SGN_I		u	1.017
367	1CSO_I	1SGP_I		u	1.017
368	1CSO_I	1SGQ_I		u	1.017
369	1CSO_I	1SGY_I		u	1.018
370	1CSO_I	2NU0_I			1.018
371	1CSO_I	2NU1_I			1.018
372	1CSO_I	2NU2_I		u	1.015
373	1CSO_I	2NU4_I		u	1.017
374	1CSO_I	2SGP_I		u	1.015
375	1CSO_I	2SGQ_I		u	1.018
376	1CSO_I	3SGB_I		u	1.015
377	1CT0_I	1CT2_I		u	1.019
378	1CT0_I	1CT4_I		u	1.019
379	1CT0_I	1PPF_I		u	1.003
380	1CT0_I	1R0R_I		u	0.9725
381	1CT0_I	1SGD_I		u	1.018
382	1CT0_I	1SGE_I		u	1.018
383	1CT0_I	1SGN_I		u	1.018
384	1CT0_I	1SGP_I		u	1.018
385	1CT0_I	1SGQ_I		u	1.018
386	1CT0_I	1SGY_I		u	1.017
387	1CT0_I	2NU0_I			1.018
388	1CT0_I	2NU1_I			1.018
389	1CT0_I	2NU2_I		u	1.018
390	1CT0_I	2NU4_I		u	1.019
391	1CT0_I	2SGP_I		u	1.015
392	1CT0_I	2SGQ_I		u	1.018
393	1CT0_I	3SGB_I		u	1.012
394	1CT2_I	1CT4_I		u	1.02
395	1CT2_I	1PPF_I		u	1.005
396	1CT2_I	1R0R_I		u	0.975
397	1CT2_I	1SGD_I		u	1.019
398	1CT2_I	1SGE_I		u	1.019
399	1CT2_I	1SGN_I		u	1.019
400	1CT2_I	1SGP_I		u	1.018
401	1CT2_I	1SGQ_I		u	1.019
402	1CT2_I	1SGY_I		u	1.018
403	1CT2_I	2NU0_I			1.018
404	1CT2_I	2NU1_I			1.019
405	1CT2_I	2NU2_I		u	1.018
406	1CT2_I	2NU4_I		u	1.019
407	1CT2_I	2SGP_I		u	1.015
408	1CT2_I	2SGQ_I		u	1.018
409	1CT2_I	3SGB_I		u	1.014
410	1CT4_I	1PPF_I		u	1.003
411	1CT4_I	1R0R_I		u	0.9729
412	1CT4_I	1SGD_I		u	1.018
413	1CT4_I	1SGE_I		u	1.019
414	1CT4_I	1SGN_I		u	1.018
415	1CT4_I	1SGP_I		u	1.018
416	1CT4_I	1SGQ_I		u	1.018
417	1CT4_I	1SGY_I		u	1.018
418	1CT4_I	2NU0_I			1.018
419	1CT4_I	2NU1_I			1.019
420	1CT4_I	2NU2_I		u	1.018
421	1CT4_I	2NU4_I		u	1.019
422	1CT4_I	2SGP_I		u	1.016
423	1CT4_I	2SGQ_I		u	1.018
424	1CT4_I	3SGB_I		u	1.014
425	1CZ8_L	1DQJ_A			0.7489
426	1CZ8_L	1DQJ_B			0.697
427	1CZ8_L	1JRH_L			0.7874
428	1CZ8_L	1MHP_L			0.9043
429	1CZ8_L	1MI5_D			0.7056
430	1CZ8_L	1MLC_A			0.8481
431	1CZ8_L	1MLC_B			0.6695
432	1CZ8_L	1N8Z_A			0.9958
433	1CZ8_L	1OGA_D			0.7348
434	1CZ8_L	1XGP_B			0.6888
435	1CZ8_L	1XGQ_B			0.6937
436	1CZ8_L	1XGR_B			0.6873
437	1CZ8_L	1XGT_B			0.6896
438	1CZ8_L	1XGU_B			0.6941
439	1CZ8_L	1YY9_C			0.9178
440	1CZ8_L	2AK4_D			0.7207
441	1CZ8_L	2B2X_L			0.9334
442	1CZ8_L	2BDN_H			0.6604
443	1CZ8_L	2BDN_L			0.8157
444	1CZ8_L	2NYY_C			0.9632
445	1CZ8_L	2P5E_D			0.7359
446	1CZ8_L	3HFM_L			0.9529
447	1CZ8_L	3L5X_L			0.8482
448	1CZ8_L	3N85_L			0.9932
449	1CZ8_L	3NGB_H			0.7501
450	1CZ8_L	3QDG_D			0.7491
451	1CZ8_L	3QDJ_D			0.7456
452	1CZ8_L	3QIB_C			0.7368
453	1CZ8_L	3SE8_H			0.6778
454	1CZ8_L	3SE8_L			0.7955
455	1CZ8_L	3SE9_H			0.6899
456	1CZ8_L	3SE9_L			0.812
457	1CZ8_L	4FTV_D			0.7408
458	1CZ8_L	4I77_L			0.9951
459	1CZ8_L	4L3E_D			0.7496
460	1CZ8_L	4OZG_G			0.7217
461	1DAN_H	1EAW_A			0.929
462	1DAN_H	1F5R_A			0.961
463	1DAN_H	1FY8_E			0.9627
464	1DAN_H	3BN9_B			0.9289
465	1DAN_H	3NPS_A			0.928
466	1DAN_H	3TGK_E			0.95
467	1DAN_T	1JRH_I			0.91
468	1DAN_U	1JRH_I			0.7655
469	1DQJ_A	1DQJ_B	p		0.8118
470	1DQJ_A	1JRH_H			0.7611
471	1DQJ_A	1JRH_L		u	0.9688
472	1DQJ_A	1MHP_H			0.7824
473	1DQJ_A	1MHP_L			0.8924
474	1DQJ_A	1MI5_D			0.6797
475	1DQJ_A	1MI5_E			0.762
476	1DQJ_A	1MLC_A		u	0.9386
477	1DQJ_A	1MLC_B			0.8227
478	1DQJ_A	1N8Z_A			0.7462
479	1DQJ_A	1N8Z_B			0.7115
480	1DQJ_A	1NCA_H			0.7743
481	1DQJ_A	1OGA_D			0.6623
482	1DQJ_A	1OGA_E			0.7868
483	1DQJ_A	1XGP_B			0.8157
484	1DQJ_A	1XGQ_B			0.8172
485	1DQJ_A	1XGR_B			0.8147
486	1DQJ_A	1XGT_B			0.8155
487	1DQJ_A	1XGU_B			0.8144
488	1DQJ_A	1YY9_C			0.8793
489	1DQJ_A	1YY9_D			0.7628
490	1DQJ_A	2AK4_D			0.6701
491	1DQJ_A	2AK4_E			0.7904
492	1DQJ_A	2B2X_H			0.7767
493	1DQJ_A	2B2X_L			0.871
494	1DQJ_A	2BDN_H			0.8051
495	1DQJ_A	2BDN_L			0.9558
496	1DQJ_A	2NYY_C			0.8233
497	1DQJ_A	2NYY_D			0.7722
498	1DQJ_A	2VLR_E			0.7978
499	1DQJ_A	3BN9_D			0.6887
500	1DQJ_A	3D3V_E			0.7641
501	1DQJ_A	3G6D_H			0.6656
502	1DQJ_A	3HFM_H			0.751
503	1DQJ_A	3HFM_L		u	0.8302
504	1DQJ_A	3L5X_L			0.9464
505	1DQJ_A	3N85_H			0.7052
506	1DQJ_A	3N85_L			0.7294
507	1DQJ_A	3NGB_H			0.6286
508	1DQJ_A	3NGB_L			0.6959
509	1DQJ_A	3QDG_D			0.691
510	1DQJ_A	3QDG_E			0.7662
511	1DQJ_A	3QDJ_D			0.6931
512	1DQJ_A	3QDJ_E			0.7656
513	1DQJ_A	3QIB_D			0.679
514	1DQJ_A	3SE8_H			0.816
515	1DQJ_A	3SE8_L			0.9756
516	1DQJ_A	3SE9_H			0.8319
517	1DQJ_A	3SE9_L			0.9546
518	1DQJ_A	4FTV_D			0.6742
519	1DQJ_A	4FTV_E			0.7667
520	1DQJ_A	4I77_H			0.7215
521	1DQJ_A	4I77_L			0.7744
522	1DQJ_A	4L3E_D			0.6855
523	1DQJ_A	4L3E_E			0.7765
524	1DQJ_A	4OZG_G			0.6722
525	1DQJ_A	4OZG_H			0.7361
526	1DQJ_B	1JRH_H			0.923
527	1DQJ_B	1JRH_L			0.844
528	1DQJ_B	1MHP_H			0.835
529	1DQJ_B	1MHP_L			0.7737
530	1DQJ_B	1MI5_D			0.6981
531	1DQJ_B	1MI5_E			0.7351
532	1DQJ_B	1MLC_A			0.8134
533	1DQJ_B	1MLC_B			0.9473
534	1DQJ_B	1N8Z_A			0.6974
535	1DQJ_B	1N8Z_B			0.7185
536	1DQJ_B	1NCA_H		u	0.7789
537	1DQJ_B	1OGA_D			0.6691
538	1DQJ_B	1OGA_E			0.7631
539	1DQJ_B	1XGP_B			0.9996
540	1DQJ_B	1XGQ_B			1.002
541	1DQJ_B	1XGR_B			0.9995
542	1DQJ_B	1XGT_B			1.0
543	1DQJ_B	1XGU_B			1.003
544	1DQJ_B	1YY9_C			0.7793
545	1DQJ_B	1YY9_D			0.8082
546	1DQJ_B	2AK4_D			0.6871
547	1DQJ_B	2AK4_E			0.769
548	1DQJ_B	2B2X_H			0.8328
549	1DQJ_B	2B2X_L			0.7701
550	1DQJ_B	2BDN_H			0.9529
551	1DQJ_B	2BDN_L			0.8272
552	1DQJ_B	2NYY_C			0.7385
553	1DQJ_B	2NYY_D			0.8036
554	1DQJ_B	2P5E_D			0.6594
555	1DQJ_B	2VLR_E			0.7782
556	1DQJ_B	3BN9_D			0.7125
557	1DQJ_B	3D3V_E			0.7363
558	1DQJ_B	3HFM_H			0.7848
559	1DQJ_B	3HFM_L			0.7463
560	1DQJ_B	3L5X_L			0.7898
561	1DQJ_B	3N85_H			0.714
562	1DQJ_B	3N85_L			0.6889
563	1DQJ_B	3NGB_H			0.6939
564	1DQJ_B	3QDG_D			0.7016
565	1DQJ_B	3QDG_E			0.7479
566	1DQJ_B	3QDJ_D			0.7044
567	1DQJ_B	3QDJ_E			0.7482
568	1DQJ_B	3SE8_H			0.9399
569	1DQJ_B	3SE8_L			0.832
570	1DQJ_B	3SE9_H			0.9305
571	1DQJ_B	3SE9_L			0.8412
572	1DQJ_B	4FTV_D			0.6866
573	1DQJ_B	4FTV_E			0.7375
574	1DQJ_B	4I77_H			0.7466
575	1DQJ_B	4I77_L			0.7104
576	1DQJ_B	4L3E_D			0.6997
577	1DQJ_B	4L3E_E			0.759
578	1DQJ_B	4OZG_G			0.6988
579	1DQJ_B	4OZG_H			0.7083
580	1DQJ_C	1VFB_C		u	0.9813
581	1DQJ_C	1YQV_Y		u	0.9944
582	1DQJ_C	3HFM_Y		u	0.9928
583	1DVF_A	1DVF_B	p		0.8857
584	1DVF_A	1DVF_C	p		0.9924
585	1DVF_A	1DVF_D	p		0.8977
586	1DVF_A	1JRH_I			0.6959
587	1DVF_A	1JRH_L			0.9892
588	1DVF_A	1KIP_B			0.8783
589	1DVF_A	1KIQ_B			0.8785
590	1DVF_A	1KIR_A			1.004
591	1DVF_A	1NMB_H			0.8758
592	1DVF_A	1NMB_L			0.9845
593	1DVF_A	1VFB_A		u	1.004
594	1DVF_A	1VFB_B			0.8776
595	1DVF_A	2I26_N			0.8394
596	1DVF_A	4KRL_B			0.8743
597	1DVF_A	4KRO_B			0.7512
598	1DVF_A	4KRP_B			0.7956
599	1DVF_A	5C6T_H			0.8256
600	1DVF_A	5C6T_L			0.9262
601	1DVF_A	5E9D_D			0.8546
602	1DVF_A	5E9D_E			0.8926
603	1DVF_B	1DVF_C	p		0.8921
604	1DVF_B	1DVF_D	p		0.9681
605	1DVF_B	1E50_A			0.6614
606	1DVF_B	1JRH_H			0.9874
607	1DVF_B	1KIP_B			0.9969
608	1DVF_B	1KIQ_B			0.9968
609	1DVF_B	1KIR_A			0.8868
610	1DVF_B	1NMB_H			0.9407
611	1DVF_B	1NMB_L			0.8747
612	1DVF_B	1VFB_A			0.8866
613	1DVF_B	1VFB_B		u	0.9965
614	1DVF_B	2I26_N			0.7786
615	1DVF_B	4KRL_B			0.9377
616	1DVF_B	4KRO_B			0.8166
617	1DVF_B	4KRP_B			0.8755
618	1DVF_B	5C6T_H			0.9034
619	1DVF_B	5C6T_L			0.8633
620	1DVF_B	5E9D_D			0.8709
621	1DVF_B	5E9D_E			0.8449
622	1DVF_C	1DVF_D	p		0.9055
623	1DVF_C	1JRH_I			0.6983
624	1DVF_C	1JRH_L			0.9778
625	1DVF_C	1KIP_B			0.8855
626	1DVF_C	1KIQ_B			0.8854
627	1DVF_C	1KIR_A			0.9924
628	1DVF_C	1NMB_H			0.8891
629	1DVF_C	1NMB_L			0.9892
630	1DVF_C	1VFB_A			0.9927
631	1DVF_C	1VFB_B			0.8843
632	1DVF_C	2I26_N			0.8493
633	1DVF_C	4KRL_B			0.88
634	1DVF_C	4KRO_B			0.7524
635	1DVF_C	4KRP_B			0.7969
636	1DVF_C	5C6T_H			0.8283
637	1DVF_C	5C6T_L			0.9253
638	1DVF_C	5E9D_D			0.858
639	1DVF_C	5E9D_E			0.8926
640	1DVF_D	1JRH_H			0.9425
641	1DVF_D	1KIP_B			0.9622
642	1DVF_D	1KIQ_B			0.9612
643	1DVF_D	1KIR_A			0.8999
644	1DVF_D	1NMB_H			0.9261
645	1DVF_D	1NMB_L			0.8929
646	1DVF_D	1VFB_A			0.8999
647	1DVF_D	1VFB_B			0.9612
648	1DVF_D	2I26_N			0.7931
649	1DVF_D	4KRL_B			0.8859
650	1DVF_D	4KRO_B			0.8085
651	1DVF_D	4KRP_B			0.852
652	1DVF_D	5C6T_H			0.9164
653	1DVF_D	5C6T_L			0.8932
654	1DVF_D	5E9D_D			0.8793
655	1DVF_D	5E9D_E			0.8583
656	1E50_A	1KIP_B			0.6646
657	1E50_A	1KIQ_B			0.6649
658	1E50_A	1VFB_B			0.6588
659	1E50_B	1H9D_B		u	0.9989
660	1E96_A	1GRN_A			0.9776
661	1E96_A	1GUA_A			0.9346
662	1E96_A	1K8R_A			0.9511
663	1E96_A	1LFD_B			0.9494
664	1E96_A	2REX_B			0.9684
665	1E96_A	3EG5_A			0.9836
666	1E96_A	3KUD_A			0.9482
667	1E96_A	3Q3J_B			0.972
668	1E96_A	4G0N_A			0.9538
669	1E96_A	5UFE_A			0.9172
670	1E96_A	5UFQ_A			0.9232
671	1E96_A	5XCO_A			0.9224
672	1EAW_A	1F5R_A			0.9787
673	1EAW_A	1FY8_E			0.9805
674	1EAW_A	3BN9_B		u	0.9929
675	1EAW_A	3NPS_A		u	0.9945
676	1EAW_A	3TGK_E			0.9678
677	1EFN_A	1GCQ_C			0.9063
678	1EMV_A	1FR2_A		u	1.005
679	1EMV_A	2GYK_A		u	1.008
680	1EMV_A	2WPT_A			0.9863
681	1EMV_B	2VLN_B		u	0.9943
682	1EMV_B	2VLO_B		u	0.9994
683	1EMV_B	2VLP_B		u	0.9921
684	1EMV_B	2VLQ_B		u	0.9924
685	1EMV_B	2WPT_B		u	0.9983
686	1F5R_A	1FY8_E		u	1.004
687	1F5R_A	3BN9_B			0.979
688	1F5R_A	3NPS_A			0.9787
689	1F5R_A	3TGK_E		u	0.9963
690	1FC2_C	3MZW_B		u	0.9087
691	1FR2_A	2GYK_A		u	1.005
692	1FR2_A	2WPT_A			0.983
693	1FY8_E	3BN9_B			0.9809
694	1FY8_E	3NPS_A			0.9811
695	1FY8_E	3TGK_E		u	0.9996
696	1GL0_I	1GL1_I		u	0.7181
697	1GRN_A	1GUA_A			0.9192
698	1GRN_A	1K8R_A			0.935
699	1GRN_A	1LFD_B			0.9302
700	1GRN_A	2REX_B			0.9569
701	1GRN_A	3EG5_A			0.9776
702	1GRN_A	3KUD_A			0.932
703	1GRN_A	3Q3J_B			0.9551
704	1GRN_A	4G0N_A			0.9373
705	1GRN_A	5UFE_A			0.9051
706	1GRN_A	5UFQ_A			0.9101
707	1GRN_A	5XCO_A			0.9
708	1GUA_A	1K8R_A			0.9846
709	1GUA_A	1LFD_B			0.9836
710	1GUA_A	2REX_B			0.8803
711	1GUA_A	3EG5_A			0.9169
712	1GUA_A	3KUD_A			0.9798
713	1GUA_A	3Q3J_B			0.8936
714	1GUA_A	4G0N_A			0.9872
715	1GUA_A	5UFE_A			0.96
716	1GUA_A	5UFQ_A			0.9599
717	1GUA_A	5XCO_A			0.9486
718	1GUA_B	1K8R_B			0.7515
719	1GUA_B	1LFD_A			0.7653
720	1GUA_B	1XD3_B			0.76
721	1GUA_B	3KUD_B		u	0.9751
722	1GUA_B	3M62_B			0.7475
723	1GUA_B	4G0N_B		u	0.982
724	1IAR_A	3LB6_A			0.7899
725	1JCK_B	1SBB_B			0.9426
726	1JCK_B	3W2D_A			0.9639
727	1JRH_H	1JRH_L	p		0.7752
728	1JRH_H	1KIP_B			0.9823
729	1JRH_H	1KIQ_B			0.982
730	1JRH_H	1MHP_H			0.8466
731	1JRH_H	1MHP_L			0.7295
732	1JRH_H	1MI5_D			0.7082
733	1JRH_H	1MLC_A			0.7556
734	1JRH_H	1MLC_B			0.9076
735	1JRH_H	1N8Z_B			0.7767
736	1JRH_H	1NCA_H			0.8083
737	1JRH_H	1NMB_H			0.9117
738	1JRH_H	1OGA_D			0.6618
739	1JRH_H	1VFB_B			0.9826
740	1JRH_H	1XGP_B			0.9206
741	1JRH_H	1XGQ_B			0.9214
742	1JRH_H	1XGR_B			0.9207
743	1JRH_H	1XGT_B			0.9215
744	1JRH_H	1XGU_B			0.9215
745	1JRH_H	1YY9_C			0.7317
746	1JRH_H	1YY9_D			0.8387
747	1JRH_H	2AK4_D			0.6959
748	1JRH_H	2B2X_H			0.861
749	1JRH_H	2B2X_L			0.7189
750	1JRH_H	2BDN_H			0.9118
751	1JRH_H	2BDN_L			0.7818
752	1JRH_H	2NYY_C			0.7168
753	1JRH_H	2NYY_D			0.8301
754	1JRH_H	2P5E_D			0.6526
755	1JRH_H	3BN9_D			0.8024
756	1JRH_H	3HFM_H			0.7996
757	1JRH_H	3HFM_L			0.7091
758	1JRH_H	3L5X_L			0.7471
759	1JRH_H	3N85_H			0.7658
760	1JRH_H	3QDG_D			0.6981
761	1JRH_H	3QDJ_D			0.6981
762	1JRH_H	3SE8_H			0.9268
763	1JRH_H	3SE8_L			0.7492
764	1JRH_H	3SE9_H			0.9175
765	1JRH_H	3SE9_L			0.7557
766	1JRH_H	4FTV_D			0.6942
767	1JRH_H	4I77_H			0.7965
768	1JRH_H	4KRL_B			0.8891
769	1JRH_H	4L3E_D			0.6959
770	1JRH_H	4OZG_G			0.6957
771	1JRH_I	1KIR_A			0.6993
772	1JRH_I	1NMB_L			0.7029
773	1JRH_I	1VFB_A			0.6992
774	1JRH_L	1KIR_A			0.9857
775	1JRH_L	1MHP_H			0.8058
776	1JRH_L	1MHP_L			0.917
777	1JRH_L	1MI5_D			0.7487
778	1JRH_L	1MLC_A		u	0.9774
779	1JRH_L	1MLC_B			0.8516
780	1JRH_L	1N8Z_A			0.7785
781	1JRH_L	1NCA_H			0.7825
782	1JRH_L	1NMB_L			0.987
783	1JRH_L	1OGA_D			0.7157
784	1JRH_L	1VFB_A			0.984
785	1JRH_L	1XGP_B			0.8469
786	1JRH_L	1XGQ_B			0.8475
787	1JRH_L	1XGR_B			0.8469
788	1JRH_L	1XGT_B			0.8457
789	1JRH_L	1XGU_B			0.8457
790	1JRH_L	1YY9_C			0.9275
791	1JRH_L	1YY9_D			0.7809
792	1JRH_L	2AK4_D			0.7383
793	1JRH_L	2B2X_H			0.8017
794	1JRH_L	2B2X_L			0.8965
795	1JRH_L	2BDN_H			0.8478
796	1JRH_L	2BDN_L			0.9871
797	1JRH_L	2NYY_C			0.865
798	1JRH_L	2NYY_D			0.7795
799	1JRH_L	3BN9_D			0.7537
800	1JRH_L	3HFM_H			0.7672
801	1JRH_L	3HFM_L		u	0.8681
802	1JRH_L	3L5X_L			0.9691
803	1JRH_L	3N85_L			0.7629
804	1JRH_L	3QDG_D			0.7539
805	1JRH_L	3QDJ_D			0.7563
806	1JRH_L	3QIB_C			0.6962
807	1JRH_L	3SE8_H			0.8512
808	1JRH_L	3SE8_L			0.9505
809	1JRH_L	3SE9_H			0.8442
810	1JRH_L	3SE9_L			0.9363
811	1JRH_L	4FTV_D			0.728
812	1JRH_L	4I77_L			0.8139
813	1JRH_L	4L3E_D			0.7481
814	1JRH_L	4OZG_G			0.7296
815	1JTD_A	1JTG_A		u	1.001
816	1JTD_A	2G2U_A			0.9961
817	1JTD_A	2G2W_A			0.9969
818	1JTD_A	3N4I_A			0.9958
819	1JTD_B	3QHY_B		u	1.002
820	1JTG_A	2G2U_A			0.9947
821	1JTG_A	2G2W_A			0.9948
822	1JTG_A	3N4I_A			0.9946
823	1JTG_B	1S0W_C		u	1.004
824	1JTG_B	2G2U_B		u	0.9992
825	1K8R_A	1LFD_B		u	0.998
826	1K8R_A	2REX_B			0.8952
827	1K8R_A	3EG5_A			0.9348
828	1K8R_A	3KUD_A		u	0.9895
829	1K8R_A	3Q3J_B			0.9091
830	1K8R_A	4G0N_A		u	0.9981
831	1K8R_A	5UFE_A			0.9681
832	1K8R_A	5UFQ_A			0.9652
833	1K8R_A	5XCO_A			0.9574
834	1K8R_B	1LFD_A			0.8124
835	1K8R_B	1XD3_B			0.7151
836	1K8R_B	3KUD_B			0.7553
837	1K8R_B	4G0N_B			0.7468
838	1KAC_A	1P69_A		u	1.005
839	1KAC_A	1P6A_A		u	1.004
840	1KAC_A	2J12_A			0.9154
841	1KAC_A	2J1K_C			0.8622
842	1KIP_B	1KIQ_B			1.007
843	1KIP_B	1KIR_A			0.8789
844	1KIP_B	1NMB_H			0.9349
845	1KIP_B	1NMB_L			0.8667
846	1KIP_B	1VFB_A			0.8783
847	1KIP_B	1VFB_B			1.007
848	1KIP_B	2I26_N			0.775
849	1KIP_B	4KRL_B			0.9345
850	1KIP_B	4KRO_B			0.815
851	1KIP_B	4KRP_B			0.8736
852	1KIP_B	5C6T_H			0.9013
853	1KIP_B	5C6T_L			0.8639
854	1KIP_B	5E9D_D			0.8725
855	1KIP_B	5E9D_E			0.8405
856	1KIQ_B	1KIR_A			0.8792
857	1KIQ_B	1NMB_H			0.9328
858	1KIQ_B	1NMB_L			0.8662
859	1KIQ_B	1VFB_A			0.8788
860	1KIQ_B	1VFB_B			1.008
861	1KIQ_B	2I26_N			0.7748
862	1KIQ_B	4KRL_B			0.9336
863	1KIQ_B	4KRO_B			0.8151
864	1KIQ_B	4KRP_B			0.8731
865	1KIQ_B	5C6T_H			0.9014
866	1KIQ_B	5C6T_L			0.8652
867	1KIQ_B	5E9D_D			0.8726
868	1KIQ_B	5E9D_E			0.8394
869	1KIR_A	1NMB_H			0.8777
870	1KIR_A	1NMB_L			0.983
871	1KIR_A	1VFB_A			1.008
872	1KIR_A	1VFB_B			0.8781
873	1KIR_A	2I26_N			0.8442
874	1KIR_A	4KRL_B			0.878
875	1KIR_A	4KRO_B			0.7535
876	1KIR_A	4KRP_B			0.7998
877	1KIR_A	5C6T_H			0.826
878	1KIR_A	5C6T_L			0.9278
879	1KIR_A	5E9D_D			0.8578
880	1KIR_A	5E9D_E			0.8936
881	1LFD_A	1XD3_B			0.8013
882	1LFD_A	2REX_A			0.8
883	1LFD_A	3KUD_B			0.7768
884	1LFD_A	3M62_B			0.8078
885	1LFD_A	4G0N_B			0.7614
886	1LFD_B	2REX_B			0.8944
887	1LFD_B	3EG5_A			0.9338
888	1LFD_B	3KUD_A		u	0.9892
889	1LFD_B	3Q3J_B			0.907
890	1LFD_B	4G0N_A		u	0.9972
891	1LFD_B	5UFE_A			0.9685
892	1LFD_B	5UFQ_A			0.9674
893	1LFD_B	5XCO_A			0.9564
894	1LP9_A	1OGA_A		u	0.9619
895	1LP9_A	2AK4_A			0.9404
896	1LP9_A	2BNR_A		u	0.986
897	1LP9_A	2J8U_A		u	1.002
898	1LP9_A	2JCC_A		u	1.002
899	1LP9_A	2UWE_A		u	1.002
900	1LP9_A	3H9S_A		u	0.9898
901	1LP9_A	4FTV_A		u	0.9883
902	1LP9_A	4K71_B			0.787
903	1LP9_A	4L3E_A		u	0.9902
904	1MHP_H	1MHP_L	p		0.711
905	1MHP_H	1MI5_D			0.6664
906	1MHP_H	1MI5_E			0.8587
907	1MHP_H	1MLC_A			0.7291
908	1MHP_H	1MLC_B			0.8782
909	1MHP_H	1N8Z_B			0.8928
910	1MHP_H	1NCA_H			0.9407
911	1MHP_H	1OGA_E			0.8746
912	1MHP_H	1XGP_B			0.8471
913	1MHP_H	1XGQ_B			0.843
914	1MHP_H	1XGR_B			0.8474
915	1MHP_H	1XGT_B			0.8457
916	1MHP_H	1XGU_B			0.8379
917	1MHP_H	1YY9_C			0.6898
918	1MHP_H	1YY9_D			0.9442
919	1MHP_H	2AK4_D			0.6544
920	1MHP_H	2AK4_E			0.866
921	1MHP_H	2B2X_H			0.9918
922	1MHP_H	2B2X_L			0.6854
923	1MHP_H	2BDN_H			0.8659
924	1MHP_H	2BDN_L			0.7481
925	1MHP_H	2NYY_C			0.6557
926	1MHP_H	2NYY_D			0.9644
927	1MHP_H	2VLR_E			0.8754
928	1MHP_H	3BN9_D			0.9051
929	1MHP_H	3D3V_E			0.851
930	1MHP_H	3G6D_H			0.8074
931	1MHP_H	3HFM_H			0.9461
932	1MHP_H	3HFM_L			0.6683
933	1MHP_H	3L5X_L			0.7421
934	1MHP_H	3N85_H			0.9077
935	1MHP_H	3NGB_L			0.6859
936	1MHP_H	3QDG_D			0.6682
937	1MHP_H	3QDG_E			0.8564
938	1MHP_H	3QDJ_D			0.6733
939	1MHP_H	3QDJ_E			0.8582
940	1MHP_H	3QIB_D			0.8019
941	1MHP_H	3SE8_H			0.8628
942	1MHP_H	3SE8_L			0.7771
943	1MHP_H	3SE9_H			0.8917
944	1MHP_H	3SE9_L			0.7611
945	1MHP_H	4B0M_M			0.6448
946	1MHP_H	4FTV_E			0.8509
947	1MHP_H	4I77_H			0.8833
948	1MHP_H	4I77_L			0.6248
949	1MHP_H	4L3E_D			0.6649
950	1MHP_H	4L3E_E			0.8627
951	1MHP_H	4OZG_H			0.8328
952	1MHP_L	1MI5_D			0.7014
953	1MHP_L	1MLC_A			0.9579
954	1MHP_L	1MLC_B			0.7627
955	1MHP_L	1N8Z_A			0.9028
956	1MHP_L	1NCA_H			0.6794
957	1MHP_L	1OGA_D			0.6997
958	1MHP_L	1OGA_E			0.6924
959	1MHP_L	1XGP_B			0.774
960	1MHP_L	1XGQ_B			0.7754
961	1MHP_L	1XGR_B			0.7736
962	1MHP_L	1XGT_B			0.7719
963	1MHP_L	1XGU_B			0.7735
964	1MHP_L	1YY9_C			0.9751
965	1MHP_L	1YY9_D			0.667
966	1MHP_L	2AK4_D			0.7051
967	1MHP_L	2AK4_E			0.6937
968	1MHP_L	2B2X_H			0.6939
969	1MHP_L	2B2X_L			0.9904
970	1MHP_L	2BDN_H			0.7467
971	1MHP_L	2BDN_L			0.9357
972	1MHP_L	2NYY_C			0.9681
973	1MHP_L	2NYY_D			0.6855
974	1MHP_L	2P5E_D			0.6825
975	1MHP_L	2VLR_E			0.6962
976	1MHP_L	3HFM_H			0.6585
977	1MHP_L	3HFM_L			0.9617
978	1MHP_L	3L5X_L			0.9766
979	1MHP_L	3N85_L			0.8823
980	1MHP_L	3NGB_H			0.694
981	1MHP_L	3NGB_L			0.6128
982	1MHP_L	3QDG_D			0.7339
983	1MHP_L	3QDG_E			0.6768
984	1MHP_L	3QDJ_D			0.7317
985	1MHP_L	3QDJ_E			0.6793
986	1MHP_L	3QIB_C			0.6851
987	1MHP_L	3SE8_H			0.7616
988	1MHP_L	3SE8_L			0.9352
989	1MHP_L	3SE9_H			0.7762
990	1MHP_L	3SE9_L			0.9412
991	1MHP_L	4FTV_D			0.7123
992	1MHP_L	4I77_L			0.9359
993	1MHP_L	4L3E_D			0.7258
994	1MHP_L	4L3E_E			0.6849
995	1MHP_L	4OZG_G			0.6995
996	1MI5_D	1MLC_A			0.7136
997	1MI5_D	1MLC_B			0.7012
998	1MI5_D	1N8Z_A			0.7156
999	1MI5_D	1OGA_D		u	0.9244
1000	1MI5_D	1XGP_B			0.696
1001	1MI5_D	1XGQ_B			0.6979
1002	1MI5_D	1XGR_B			0.6953
1003	1MI5_D	1XGT_B			0.6962
1004	1MI5_D	1XGU_B			0.6978
1005	1MI5_D	1YY9_C			0.7204
1006	1MI5_D	2AK4_D		u	0.926
1007	1MI5_D	2B2X_H			0.6501
1008	1MI5_D	2B2X_L			0.7073
1009	1MI5_D	2BDN_H			0.6951
1010	1MI5_D	2BDN_L			0.7017
1011	1MI5_D	2NYY_C			0.72
1012	1MI5_D	2P5E_D		u	0.8797
1013	1MI5_D	3HFM_L			0.7021
1014	1MI5_D	3L5X_L			0.6921
1015	1MI5_D	3N85_L			0.708
1016	1MI5_D	3QDG_D		u	0.9321
1017	1MI5_D	3QDJ_D		u	0.9295
1018	1MI5_D	3QIB_C		u	0.8812
1019	1MI5_D	3SE8_H			0.7132
1020	1MI5_D	3SE8_L			0.6759
1021	1MI5_D	3SE9_H			0.7189
1022	1MI5_D	3SE9_L			0.6915
1023	1MI5_D	4FTV_D			0.928
1024	1MI5_D	4I77_L			0.7129
1025	1MI5_D	4L3E_D			0.9341
1026	1MI5_D	4OZG_G			0.9591
1027	1MI5_E	1MLC_A			0.6886
1028	1MI5_E	1MLC_B			0.7761
1029	1MI5_E	1N8Z_B			0.8754
1030	1MI5_E	1NCA_H			0.8695
1031	1MI5_E	1OGA_E		u	0.9667
1032	1MI5_E	1XGP_B			0.7425
1033	1MI5_E	1XGQ_B			0.741
1034	1MI5_E	1XGR_B			0.745
1035	1MI5_E	1XGT_B			0.7428
1036	1MI5_E	1XGU_B			0.7372
1037	1MI5_E	1YY9_D			0.8466
1038	1MI5_E	2AK4_E		u	0.9417
1039	1MI5_E	2B2X_H			0.855
1040	1MI5_E	2BDN_H			0.749
1041	1MI5_E	2BDN_L			0.6966
1042	1MI5_E	2NYY_D			0.8855
1043	1MI5_E	2VLR_E		u	0.9517
1044	1MI5_E	3BN9_D			0.8506
1045	1MI5_E	3D3V_E		u	0.9633
1046	1MI5_E	3G6D_H			0.8345
1047	1MI5_E	3HFM_H			0.8886
1048	1MI5_E	3L5X_L			0.699
1049	1MI5_E	3N85_H			0.8875
1050	1MI5_E	3NGB_L			0.7358
1051	1MI5_E	3QDG_E			0.9727
1052	1MI5_E	3QDJ_E			0.9708
1053	1MI5_E	3QIB_D			0.9379
1054	1MI5_E	3SE8_H			0.7279
1055	1MI5_E	3SE8_L			0.7327
1056	1MI5_E	3SE9_H			0.7506
1057	1MI5_E	3SE9_L			0.7116
1058	1MI5_E	4FTV_E			0.9633
1059	1MI5_E	4I77_H			0.8603
1060	1MI5_E	4L3E_E			0.9694
1061	1MI5_E	4OZG_H		u	0.9819
1062	1MLC_A	1MLC_B	p		0.8078
1063	1MLC_A	1N8Z_A			0.8407
1064	1MLC_A	1N8Z_B			0.6342
1065	1MLC_A	1NCA_H			0.7057
1066	1MLC_A	1OGA_D			0.7061
1067	1MLC_A	1OGA_E			0.7103
1068	1MLC_A	1XGP_B			0.8105
1069	1MLC_A	1XGQ_B			0.8143
1070	1MLC_A	1XGR_B			0.811
1071	1MLC_A	1XGT_B			0.8119
1072	1MLC_A	1XGU_B			0.8129
1073	1MLC_A	1YY9_C			0.9667
1074	1MLC_A	1YY9_D			0.6932
1075	1MLC_A	2AK4_D			0.7093
1076	1MLC_A	2AK4_E			0.7185
1077	1MLC_A	2B2X_H			0.7114
1078	1MLC_A	2B2X_L			0.9553
1079	1MLC_A	2BDN_H			0.7835
1080	1MLC_A	2BDN_L			0.9785
1081	1MLC_A	2NYY_C			0.9164
1082	1MLC_A	2NYY_D			0.7082
1083	1MLC_A	2P5E_D			0.6913
1084	1MLC_A	2VLR_E			0.7219
1085	1MLC_A	3BN9_D			0.6232
1086	1MLC_A	3D3V_E			0.7046
1087	1MLC_A	3HFM_H			0.6838
1088	1MLC_A	3HFM_L		u	0.9245
1089	1MLC_A	3L5X_L			0.9677
1090	1MLC_A	3N85_H			0.6292
1091	1MLC_A	3N85_L			0.8253
1092	1MLC_A	3NGB_H			0.6948
1093	1MLC_A	3NGB_L			0.6206
1094	1MLC_A	3QDG_D			0.737
1095	1MLC_A	3QDG_E			0.7048
1096	1MLC_A	3QDJ_D			0.7361
1097	1MLC_A	3QDJ_E			0.7038
1098	1MLC_A	3QIB_C			0.683
1099	1MLC_A	3SE8_H			0.8094
1100	1MLC_A	3SE8_L			0.9615
1101	1MLC_A	3SE9_H			0.8052
1102	1MLC_A	3SE9_L			0.9699
1103	1MLC_A	4FTV_D			0.7132
1104	1MLC_A	4FTV_E			0.7077
1105	1MLC_A	4I77_H			0.6494
1106	1MLC_A	4I77_L			0.8718
1107	1MLC_A	4L3E_D			0.7279
1108	1MLC_A	4L3E_E			0.7111
1109	1MLC_A	4OZG_G			0.7135
1110	1MLC_B	1N8Z_A			0.6715
1111	1MLC_B	1N8Z_B			0.762
1112	1MLC_B	1NCA_H			0.85
1113	1MLC_B	1OGA_D			0.6672
1114	1MLC_B	1OGA_E			0.803
1115	1MLC_B	1XGP_B			0.9531
1116	1MLC_B	1XGQ_B			0.9528
1117	1MLC_B	1XGR_B			0.9546
1118	1MLC_B	1XGT_B			0.954
1119	1MLC_B	1XGU_B			0.9492
1120	1MLC_B	1YY9_C			0.7666
1121	1MLC_B	1YY9_D			0.8565
1122	1MLC_B	2AK4_D			0.6806
1123	1MLC_B	2AK4_E			0.8037
1124	1MLC_B	2B2X_H		u	0.8863
1125	1MLC_B	2B2X_L			0.7485
1126	1MLC_B	2BDN_H			0.9683
1127	1MLC_B	2BDN_L			0.8135
1128	1MLC_B	2NYY_C			0.7195
1129	1MLC_B	2NYY_D			0.8467
1130	1MLC_B	2VLR_E			0.8229
1131	1MLC_B	3BN9_D			0.761
1132	1MLC_B	3D3V_E			0.7768
1133	1MLC_B	3G6D_H			0.6915
1134	1MLC_B	3HFM_H			0.8157
1135	1MLC_B	3HFM_L			0.7345
1136	1MLC_B	3L5X_L			0.7876
1137	1MLC_B	3N85_H			0.7657
1138	1MLC_B	3N85_L			0.6565
1139	1MLC_B	3NGB_H			0.6434
1140	1MLC_B	3NGB_L			0.6315
1141	1MLC_B	3QDG_D			0.7039
1142	1MLC_B	3QDG_E			0.7834
1143	1MLC_B	3QDJ_D			0.7095
1144	1MLC_B	3QDJ_E			0.7844
1145	1MLC_B	3QIB_D			0.7199
1146	1MLC_B	3SE8_H			0.9575
1147	1MLC_B	3SE8_L			0.8297
1148	1MLC_B	3SE9_H			0.9402
1149	1MLC_B	3SE9_L			0.8347
1150	1MLC_B	4FTV_D			0.6815
1151	1MLC_B	4FTV_E			0.7783
1152	1MLC_B	4I77_H			0.7762
1153	1MLC_B	4I77_L			0.6767
1154	1MLC_B	4L3E_D			0.7022
1155	1MLC_B	4L3E_E			0.7999
1156	1MLC_B	4OZG_G			0.6936
1157	1MLC_B	4OZG_H			0.757
1158	1N8Z_A	1OGA_D			0.744
1159	1N8Z_A	1XGP_B			0.6948
1160	1N8Z_A	1XGQ_B			0.6968
1161	1N8Z_A	1XGR_B			0.6898
1162	1N8Z_A	1XGT_B			0.6916
1163	1N8Z_A	1XGU_B			0.6967
1164	1N8Z_A	1YY9_C			0.9129
1165	1N8Z_A	2AK4_D			0.7313
1166	1N8Z_A	2B2X_L			0.9271
1167	1N8Z_A	2BDN_H			0.6713
1168	1N8Z_A	2BDN_L			0.8117
1169	1N8Z_A	2NYY_C			0.9568
1170	1N8Z_A	2P5E_D			0.749
1171	1N8Z_A	3HFM_L			0.9428
1172	1N8Z_A	3L5X_L			0.8434
1173	1N8Z_A	3N85_L			0.9931
1174	1N8Z_A	3NGB_H			0.7576
1175	1N8Z_A	3QDG_D			0.756
1176	1N8Z_A	3QDJ_D			0.7516
1177	1N8Z_A	3QIB_C			0.7468
1178	1N8Z_A	3SE8_H			0.6789
1179	1N8Z_A	3SE8_L			0.7969
1180	1N8Z_A	3SE9_H			0.6898
1181	1N8Z_A	3SE9_L			0.8165
1182	1N8Z_A	4FTV_D			0.7525
1183	1N8Z_A	4I77_L			0.9873
1184	1N8Z_A	4L3E_D			0.7581
1185	1N8Z_A	4OZG_G			0.7328
1186	1N8Z_B	1NCA_H			0.9126
1187	1N8Z_B	1OGA_E			0.8564
1188	1N8Z_B	1XGP_B			0.7228
1189	1N8Z_B	1XGQ_B			0.7242
1190	1N8Z_B	1XGR_B			0.727
1191	1N8Z_B	1XGT_B			0.7275
1192	1N8Z_B	1XGU_B			0.719
1193	1N8Z_B	1YY9_D			0.8853
1194	1N8Z_B	2AK4_E			0.8403
1195	1N8Z_B	2B2X_H			0.8765
1196	1N8Z_B	2BDN_H			0.757
1197	1N8Z_B	2BDN_L			0.6618
1198	1N8Z_B	2NYY_D			0.9249
1199	1N8Z_B	2VLR_E			0.8422
1200	1N8Z_B	3BN9_D			0.9272
1201	1N8Z_B	3D3V_E			0.8618
1202	1N8Z_B	3G6D_H			0.9223
1203	1N8Z_B	3HFM_H			0.9436
1204	1N8Z_B	3L5X_L			0.6543
1205	1N8Z_B	3N85_H			0.9876
1206	1N8Z_B	3NGB_L			0.7204
1207	1N8Z_B	3QDG_E			0.8559
1208	1N8Z_B	3QDJ_E			0.8562
1209	1N8Z_B	3QIB_D			0.8731
1210	1N8Z_B	3SE8_H			0.7368
1211	1N8Z_B	3SE8_L			0.691
1212	1N8Z_B	3SE9_H			0.7576
1213	1N8Z_B	3SE9_L			0.6646
1214	1N8Z_B	4B0M_M			0.6452
1215	1N8Z_B	4FTV_E			0.8574
1216	1N8Z_B	4I77_H			0.9549
1217	1N8Z_B	4L3E_E			0.8517
1218	1N8Z_B	4OZG_H			0.8605
1219	1NCA_H	1OGA_E			0.8727
1220	1NCA_H	1XGP_B			0.7943
1221	1NCA_H	1XGQ_B			0.7886
1222	1NCA_H	1XGR_B			0.7957
1223	1NCA_H	1XGT_B			0.7931
1224	1NCA_H	1XGU_B			0.7833
1225	1NCA_H	1YY9_C			0.6621
1226	1NCA_H	1YY9_D			0.9342
1227	1NCA_H	2AK4_E			0.8537
1228	1NCA_H	2B2X_H			0.9556
1229	1NCA_H	2B2X_L			0.6555
1230	1NCA_H	2BDN_H			0.8397
1231	1NCA_H	2BDN_L			0.7212
1232	1NCA_H	2NYY_C			0.6235
1233	1NCA_H	2NYY_D			0.9424
1234	1NCA_H	2VLR_E			0.8712
1235	1NCA_H	3BN9_D			0.9071
1236	1NCA_H	3D3V_E			0.8628
1237	1NCA_H	3G6D_H			0.8493
1238	1NCA_H	3HFM_H			0.9529
1239	1NCA_H	3HFM_L			0.6376
1240	1NCA_H	3L5X_L			0.7199
1241	1NCA_H	3N85_H			0.9299
1242	1NCA_H	3NGB_L			0.7331
1243	1NCA_H	3QDG_E			0.8626
1244	1NCA_H	3QDJ_E			0.8627
1245	1NCA_H	3QIB_D			0.8433
1246	1NCA_H	3SE8_H			0.8203
1247	1NCA_H	3SE8_L			0.7539
1248	1NCA_H	3SE9_H			0.8466
1249	1NCA_H	3SE9_L			0.7381
1250	1NCA_H	4FTV_E			0.8617
1251	1NCA_H	4I77_H			0.9005
1252	1NCA_H	4L3E_E			0.8644
1253	1NCA_H	4OZG_H			0.8533
1254	1NMB_H	1NMB_L	p		0.8839
1255	1NMB_H	1VFB_A			0.8772
1256	1NMB_H	1VFB_B			0.933
1257	1NMB_H	2I26_N			0.7512
1258	1NMB_H	4KRL_B			0.8781
1259	1NMB_H	4KRO_B			0.8154
1260	1NMB_H	4KRP_B			0.8492
1261	1NMB_H	5C6T_H			0.8808
1262	1NMB_H	5C6T_L			0.8843
1263	1NMB_H	5E9D_D			0.8695
1264	1NMB_H	5E9D_E			0.8579
1265	1NMB_L	1VFB_A			0.9826
1266	1NMB_L	1VFB_B			0.865
1267	1NMB_L	2I26_N			0.8184
1268	1NMB_L	4KRL_B			0.8687
1269	1NMB_L	4KRO_B			0.7432
1270	1NMB_L	4KRP_B			0.7815
1271	1NMB_L	5C6T_H			0.8184
1272	1NMB_L	5C6T_L			0.926
1273	1NMB_L	5E9D_D			0.8572
1274	1NMB_L	5E9D_E			0.8688
1275	1OGA_A	2AK4_A			0.9814
1276	1OGA_A	2BNR_A		u	0.99
1277	1OGA_A	2J8U_A		u	0.9643
1278	1OGA_A	2JCC_A		u	0.9666
1279	1OGA_A	2UWE_A		u	0.9674
1280	1OGA_A	3H9S_A		u	0.971
1281	1OGA_A	4FTV_A		u	0.983
1282	1OGA_A	4K71_B			0.8232
1283	1OGA_A	4L3E_A		u	0.9785
1284	1OGA_D	1XGP_B			0.666
1285	1OGA_D	1XGQ_B			0.6695
1286	1OGA_D	1XGR_B			0.6638
1287	1OGA_D	1XGT_B			0.6652
1288	1OGA_D	1XGU_B			0.6677
1289	1OGA_D	1YY9_C			0.7145
1290	1OGA_D	2AK4_D		u	0.9292
1291	1OGA_D	2B2X_L			0.7088
1292	1OGA_D	2BDN_H			0.6663
1293	1OGA_D	2BDN_L			0.69
1294	1OGA_D	2NYY_C			0.7252
1295	1OGA_D	2P5E_D		u	0.9492
1296	1OGA_D	3HFM_L			0.7109
1297	1OGA_D	3L5X_L			0.6805
1298	1OGA_D	3N85_L			0.746
1299	1OGA_D	3NGB_H			0.6887
1300	1OGA_D	3QDG_D		u	0.9362
1301	1OGA_D	3QDJ_D		u	0.9296
1302	1OGA_D	3QIB_C		u	0.9425
1303	1OGA_D	3SE8_H			0.6819
1304	1OGA_D	3SE8_L			0.6533
1305	1OGA_D	3SE9_H			0.6816
1306	1OGA_D	3SE9_L			0.6672
1307	1OGA_D	4FTV_D			0.9338
1308	1OGA_D	4I77_L			0.7285
1309	1OGA_D	4L3E_D			0.9436
1310	1OGA_D	4OZG_G			0.9302
1311	1OGA_E	1XGP_B			0.7679
1312	1OGA_E	1XGQ_B			0.7688
1313	1OGA_E	1XGR_B			0.7688
1314	1OGA_E	1XGT_B			0.7675
1315	1OGA_E	1XGU_B			0.7619
1316	1OGA_E	1YY9_C			0.6803
1317	1OGA_E	1YY9_D			0.8561
1318	1OGA_E	2AK4_E		u	0.9615
1319	1OGA_E	2B2X_H			0.8739
1320	1OGA_E	2BDN_H			0.7827
1321	1OGA_E	2BDN_L			0.7278
1322	1OGA_E	2NYY_D			0.8902
1323	1OGA_E	2VLR_E		u	0.9909
1324	1OGA_E	3BN9_D			0.8416
1325	1OGA_E	3D3V_E		u	0.9743
1326	1OGA_E	3G6D_H			0.8006
1327	1OGA_E	3HFM_H			0.8916
1328	1OGA_E	3L5X_L			0.7271
1329	1OGA_E	3N85_H			0.8695
1330	1OGA_E	3NGB_L			0.7222
1331	1OGA_E	3QDG_E			0.9787
1332	1OGA_E	3QDJ_E			0.9768
1333	1OGA_E	3QIB_D			0.8895
1334	1OGA_E	3SE8_H			0.7465
1335	1OGA_E	3SE8_L			0.761
1336	1OGA_E	3SE9_H			0.7825
1337	1OGA_E	3SE9_L			0.7398
1338	1OGA_E	4FTV_E			0.9729
1339	1OGA_E	4I77_H			0.8513
1340	1OGA_E	4L3E_E			0.9786
1341	1OGA_E	4OZG_H		u	0.9478
1342	1P69_A	1P6A_A		u	1.004
1343	1P69_A	2J12_A			0.9154
1344	1P69_A	2J1K_C			0.8622
1345	1P6A_A	2J12_A			0.9144
1346	1P6A_A	2J1K_C			0.8622
1347	1PPF_I	1R0R_I		u	0.9862
1348	1PPF_I	1SGD_I		u	1.005
1349	1PPF_I	1SGE_I		u	1.006
1350	1PPF_I	1SGN_I		u	1.005
1351	1PPF_I	1SGP_I		u	1.004
1352	1PPF_I	1SGQ_I		u	1.004
1353	1PPF_I	1SGY_I		u	1.005
1354	1PPF_I	2NU0_I			1.002
1355	1PPF_I	2NU1_I			1.003
1356	1PPF_I	2NU2_I		u	0.9991
1357	1PPF_I	2NU4_I		u	1.003
1358	1PPF_I	2SGP_I		u	1.002
1359	1PPF_I	2SGQ_I		u	1.004
1360	1PPF_I	3SGB_I		u	1.005
1361	1QSE_C	2BNQ_C			1.006
1362	1QSE_C	2BNR_C			0.9971
1363	1QSE_C	3D3V_C			1.09
1364	1QSE_C	3PWP_C			1.053
1365	1QSE_C	3QDJ_C			0.7229
1366	1QSE_C	3QFJ_C			1.091
1367	1QSE_C	4JFD_C			0.862
1368	1QSE_C	4JFE_C			0.8367
1369	1QSE_C	4JFF_C			0.8495
1370	1QSE_C	4MNQ_C			0.7968
1371	1R0R_I	1SGD_I		u	0.9761
1372	1R0R_I	1SGE_I		u	0.9757
1373	1R0R_I	1SGN_I		u	0.9748
1374	1R0R_I	1SGP_I		u	0.9724
1375	1R0R_I	1SGQ_I		u	0.9738
1376	1R0R_I	1SGY_I		u	0.972
1377	1R0R_I	2NU0_I			0.9691
1378	1R0R_I	2NU1_I			0.9708
1379	1R0R_I	2NU2_I		u	0.9655
1380	1R0R_I	2NU4_I		u	0.9717
1381	1R0R_I	2SGP_I		u	0.9712
1382	1R0R_I	2SGQ_I		u	0.9742
1383	1R0R_I	3SGB_I		u	0.9891
1384	1S0W_C	2G2U_B		u	0.9966
1385	1SBB_B	3W2D_A		u	0.9826
1386	1SBN_I	1SIB_I		u	1.01
1387	1SBN_I	1TM1_I			0.8819
1388	1SBN_I	1TM3_I			0.8839
1389	1SBN_I	1TM4_I			0.8839
1390	1SBN_I	1TM5_I			0.8792
1391	1SBN_I	1TM7_I			0.8805
1392	1SBN_I	1TMG_I			0.8835
1393	1SBN_I	1TO1_I			0.879
1394	1SBN_I	1Y1K_I			0.8806
1395	1SBN_I	1Y33_I			0.8805
1396	1SBN_I	1Y34_I			0.88
1397	1SBN_I	1Y3B_I			0.8824
1398	1SBN_I	1Y3C_I			0.8778
1399	1SBN_I	1Y3D_I			0.8786
1400	1SBN_I	1Y48_I			0.876
1401	1SGD_I	1SGE_I		u	1.018
1402	1SGD_I	1SGN_I		u	1.018
1403	1SGD_I	1SGP_I		u	1.018
1404	1SGD_I	1SGQ_I		u	1.018
1405	1SGD_I	1SGY_I		u	1.018
1406	1SGD_I	2NU0_I			1.018
1407	1SGD_I	2NU1_I			1.018
1408	1SGD_I	2NU2_I		u	1.016
1409	1SGD_I	2NU4_I		u	1.017
1410	1SGD_I	2SGP_I		u	1.015
1411	1SGD_I	2SGQ_I		u	1.017
1412	1SGD_I	3SGB_I		u	1.015
1413	1SGE_I	1SGN_I		u	1.019
1414	1SGE_I	1SGP_I		u	1.019
1415	1SGE_I	1SGQ_I		u	1.019
1416	1SGE_I	1SGY_I		u	1.018
1417	1SGE_I	2NU0_I			1.018
1418	1SGE_I	2NU1_I			1.018
1419	1SGE_I	2NU2_I		u	1.016
1420	1SGE_I	2NU4_I		u	1.018
1421	1SGE_I	2SGP_I		u	1.015
1422	1SGE_I	2SGQ_I		u	1.019
1423	1SGE_I	3SGB_I		u	1.015
1424	1SGN_I	1SGP_I		u	1.018
1425	1SGN_I	1SGQ_I		u	1.019
1426	1SGN_I	1SGY_I		u	1.018
1427	1SGN_I	2NU0_I			1.018
1428	1SGN_I	2NU1_I			1.018
1429	1SGN_I	2NU2_I		u	1.017
1430	1SGN_I	2NU4_I		u	1.018
1431	1SGN_I	2SGP_I		u	1.016
1432	1SGN_I	2SGQ_I		u	1.018
1433	1SGN_I	3SGB_I		u	1.015
1434	1SGP_I	1SGQ_I		u	1.019
1435	1SGP_I	1SGY_I		u	1.018
1436	1SGP_I	2NU0_I			1.018
1437	1SGP_I	2NU1_I			1.019
1438	1SGP_I	2NU2_I		u	1.017
1439	1SGP_I	2NU4_I		u	1.018
1440	1SGP_I	2SGP_I		u	1.016
1441	1SGP_I	2SGQ_I		u	1.018
1442	1SGP_I	3SGB_I		u	1.014
1443	1SGQ_I	1SGY_I		u	1.018
1444	1SGQ_I	2NU0_I			1.018
1445	1SGQ_I	2NU1_I			1.018
1446	1SGQ_I	2NU2_I		u	1.017
1447	1SGQ_I	2NU4_I		u	1.018
1448	1SGQ_I	2SGP_I		u	1.015
1449	1SGQ_I	2SGQ_I		u	1.018
1450	1SGQ_I	3SGB_I		u	1.013
1451	1SGY_I	2NU0_I			1.018
1452	1SGY_I	2NU1_I			1.019
1453	1SGY_I	2NU2_I		u	1.016
1454	1SGY_I	2NU4_I		u	1.017
1455	1SGY_I	2SGP_I		u	1.016
1456	1SGY_I	2SGQ_I		u	1.018
1457	1SGY_I	3SGB_I		u	1.015
1458	1SIB_I	1TM1_I			0.8816
1459	1SIB_I	1TM3_I			0.8834
1460	1SIB_I	1TM4_I			0.8835
1461	1SIB_I	1TM5_I			0.8787
1462	1SIB_I	1TM7_I			0.88
1463	1SIB_I	1TMG_I			0.8829
1464	1SIB_I	1TO1_I			0.8788
1465	1SIB_I	1Y1K_I			0.8799
1466	1SIB_I	1Y33_I			0.8802
1467	1SIB_I	1Y34_I			0.8797
1468	1SIB_I	1Y3B_I			0.8821
1469	1SIB_I	1Y3C_I			0.8772
1470	1SIB_I	1Y3D_I			0.8778
1471	1SIB_I	1Y48_I			0.8749
1472	1TM1_I	1TM3_I		u	1.015
1473	1TM1_I	1TM4_I		u	1.016
1474	1TM1_I	1TM5_I		u	1.016
1475	1TM1_I	1TM7_I		u	1.015
1476	1TM1_I	1TMG_I		u	1.014
1477	1TM1_I	1TO1_I		u	1.015
1478	1TM1_I	1Y1K_I		u	1.015
1479	1TM1_I	1Y33_I		u	1.015
1480	1TM1_I	1Y34_I		u	1.015
1481	1TM1_I	1Y3B_I		u	1.016
1482	1TM1_I	1Y3C_I		u	1.015
1483	1TM1_I	1Y3D_I		u	1.014
1484	1TM1_I	1Y48_I		u	1.014
1485	1TM3_I	1TM4_I		u	1.015
1486	1TM3_I	1TM5_I		u	1.015
1487	1TM3_I	1TM7_I		u	1.015
1488	1TM3_I	1TMG_I		u	1.014
1489	1TM3_I	1TO1_I		u	1.015
1490	1TM3_I	1Y1K_I		u	1.015
1491	1TM3_I	1Y33_I		u	1.014
1492	1TM3_I	1Y34_I		u	1.014
1493	1TM3_I	1Y3B_I		u	1.015
1494	1TM3_I	1Y3C_I		u	1.014
1495	1TM3_I	1Y3D_I		u	1.012
1496	1TM3_I	1Y48_I		u	1.013
1497	1TM4_I	1TM5_I		u	1.016
1498	1TM4_I	1TM7_I		u	1.016
1499	1TM4_I	1TMG_I		u	1.015
1500	1TM4_I	1TO1_I		u	1.016
1501	1TM4_I	1Y1K_I		u	1.015
1502	1TM4_I	1Y33_I		u	1.015
1503	1TM4_I	1Y34_I		u	1.015
1504	1TM4_I	1Y3B_I		u	1.015
1505	1TM4_I	1Y3C_I		u	1.015
1506	1TM4_I	1Y3D_I		u	1.014
1507	1TM4_I	1Y48_I		u	1.014
1508	1TM5_I	1TM7_I		u	1.016
1509	1TM5_I	1TMG_I		u	1.015
1510	1TM5_I	1TO1_I		u	1.016
1511	1TM5_I	1Y1K_I		u	1.015
1512	1TM5_I	1Y33_I		u	1.015
1513	1TM5_I	1Y34_I		u	1.015
1514	1TM5_I	1Y3B_I		u	1.015
1515	1TM5_I	1Y3C_I		u	1.016
1516	1TM5_I	1Y3D_I		u	1.014
1517	1TM5_I	1Y48_I		u	1.015
1518	1TM7_I	1TMG_I		u	1.014
1519	1TM7_I	1TO1_I		u	1.016
1520	1TM7_I	1Y1K_I		u	1.015
1521	1TM7_I	1Y33_I		u	1.014
1522	1TM7_I	1Y34_I		u	1.015
1523	1TM7_I	1Y3B_I		u	1.016
1524	1TM7_I	1Y3C_I		u	1.015
1525	1TM7_I	1Y3D_I		u	1.014
1526	1TM7_I	1Y48_I		u	1.014
1527	1TMG_I	1TO1_I		u	1.015
1528	1TMG_I	1Y1K_I		u	1.012
1529	1TMG_I	1Y33_I		u	1.012
1530	1TMG_I	1Y34_I		u	1.014
1531	1TMG_I	1Y3B_I		u	1.015
1532	1TMG_I	1Y3C_I		u	1.014
1533	1TMG_I	1Y3D_I		u	1.014
1534	1TMG_I	1Y48_I		u	1.014
1535	1TO1_I	1Y1K_I		u	1.015
1536	1TO1_I	1Y33_I		u	1.015
1537	1TO1_I	1Y34_I		u	1.015
1538	1TO1_I	1Y3B_I		u	1.015
1539	1TO1_I	1Y3C_I		u	1.015
1540	1TO1_I	1Y3D_I		u	1.014
1541	1TO1_I	1Y48_I		u	1.014
1542	1VFB_A	1VFB_B	p		0.8774
1543	1VFB_A	2I26_N			0.8444
1544	1VFB_A	4KRL_B			0.8783
1545	1VFB_A	4KRO_B			0.7546
1546	1VFB_A	4KRP_B			0.8
1547	1VFB_A	5C6T_H			0.8267
1548	1VFB_A	5C6T_L			0.9272
1549	1VFB_A	5E9D_D			0.8579
1550	1VFB_A	5E9D_E			0.8941
1551	1VFB_B	2I26_N			0.7746
1552	1VFB_B	4KRL_B			0.934
1553	1VFB_B	4KRO_B			0.8162
1554	1VFB_B	4KRP_B			0.8742
1555	1VFB_B	5C6T_H			0.9024
1556	1VFB_B	5C6T_L			0.8647
1557	1VFB_B	5E9D_D			0.8723
1558	1VFB_B	5E9D_E			0.8388
1559	1VFB_C	1YQV_Y		u	0.9821
1560	1VFB_C	3HFM_Y		u	0.9809
1561	1WQJ_I	2DSQ_I		u	0.9874
1562	1X1W_D	1X1X_D		u	1.009
1563	1XD3_B	3KUD_B			0.7573
1564	1XD3_B	3M62_B			0.9596
1565	1XD3_B	4G0N_B			0.7663
1566	1XGP_B	1XGQ_B			1.003
1567	1XGP_B	1XGR_B			1.004
1568	1XGP_B	1XGT_B			1.004
1569	1XGP_B	1XGU_B			1.001
1570	1XGP_B	1YY9_C			0.7746
1571	1XGP_B	1YY9_D			0.8259
1572	1XGP_B	2AK4_D			0.6824
1573	1XGP_B	2AK4_E			0.7769
1574	1XGP_B	2B2X_H			0.8443
1575	1XGP_B	2B2X_L			0.7631
1576	1XGP_B	2BDN_H			0.9621
1577	1XGP_B	2BDN_L			0.8259
1578	1XGP_B	2NYY_C			0.7302
1579	1XGP_B	2NYY_D			0.8112
1580	1XGP_B	2P5E_D			0.6549
1581	1XGP_B	2VLR_E			0.7876
1582	1XGP_B	3BN9_D			0.7247
1583	1XGP_B	3D3V_E			0.7442
1584	1XGP_B	3G6D_H			0.6479
1585	1XGP_B	3HFM_H			0.7979
1586	1XGP_B	3HFM_L			0.7409
1587	1XGP_B	3L5X_L			0.7903
1588	1XGP_B	3N85_H			0.7275
1589	1XGP_B	3N85_L			0.6817
1590	1XGP_B	3NGB_H			0.6816
1591	1XGP_B	3QDG_D			0.6955
1592	1XGP_B	3QDG_E			0.7509
1593	1XGP_B	3QDJ_D			0.7017
1594	1XGP_B	3QDJ_E			0.7547
1595	1XGP_B	3SE8_H			0.9441
1596	1XGP_B	3SE8_L			0.8338
1597	1XGP_B	3SE9_H			0.9363
1598	1XGP_B	3SE9_L			0.8435
1599	1XGP_B	4FTV_D			0.683
1600	1XGP_B	4FTV_E			0.7456
1601	1XGP_B	4I77_H			0.7544
1602	1XGP_B	4I77_L			0.7007
1603	1XGP_B	4L3E_D			0.696
1604	1XGP_B	4L3E_E			0.7659
1605	1XGP_B	4OZG_G			0.6958
1606	1XGP_B	4OZG_H			0.7171
1607	1XGQ_B	1XGR_B			1.003
1608	1XGQ_B	1XGT_B			1.003
1609	1XGQ_B	1XGU_B			1.003
1610	1XGQ_B	1YY9_C			0.7792
1611	1XGQ_B	1YY9_D			0.8182
1612	1XGQ_B	2AK4_D			0.6868
1613	1XGQ_B	2AK4_E			0.7752
1614	1XGQ_B	2B2X_H			0.8402
1615	1XGQ_B	2B2X_L			0.7684
1616	1XGQ_B	2BDN_H			0.9588
1617	1XGQ_B	2BDN_L			0.829
1618	1XGQ_B	2NYY_C			0.7371
1619	1XGQ_B	2NYY_D			0.8142
1620	1XGQ_B	2P5E_D			0.6575
1621	1XGQ_B	2VLR_E			0.7845
1622	1XGQ_B	3BN9_D			0.7212
1623	1XGQ_B	3D3V_E			0.7427
1624	1XGQ_B	3G6D_H			0.6429
1625	1XGQ_B	3HFM_H			0.7926
1626	1XGQ_B	3HFM_L			0.747
1627	1XGQ_B	3L5X_L			0.7923
1628	1XGQ_B	3N85_H			0.7219
1629	1XGQ_B	3N85_L			0.6868
1630	1XGQ_B	3NGB_H			0.6847
1631	1XGQ_B	3QDG_D			0.6998
1632	1XGQ_B	3QDG_E			0.7532
1633	1XGQ_B	3QDJ_D			0.7024
1634	1XGQ_B	3QDJ_E			0.7534
1635	1XGQ_B	3SE8_H			0.9434
1636	1XGQ_B	3SE8_L			0.8351
1637	1XGQ_B	3SE9_H			0.9344
1638	1XGQ_B	3SE9_L			0.8444
1639	1XGQ_B	4FTV_D			0.6866
1640	1XGQ_B	4FTV_E			0.7442
1641	1XGQ_B	4I77_H			0.7535
1642	1XGQ_B	4I77_L			0.708
1643	1XGQ_B	4L3E_D			0.6991
1644	1XGQ_B	4L3E_E			0.7636
1645	1XGQ_B	4OZG_G			0.6997
1646	1XGQ_B	4OZG_H			0.7154
1647	1XGR_B	1XGT_B			1.004
1648	1XGR_B	1XGU_B			1.001
1649	1XGR_B	1YY9_C			0.7737
1650	1XGR_B	1YY9_D			0.8269
1651	1XGR_B	2AK4_D			0.6817
1652	1XGR_B	2AK4_E			0.7784
1653	1XGR_B	2B2X_H			0.8454
1654	1XGR_B	2B2X_L			0.763
1655	1XGR_B	2BDN_H			0.9619
1656	1XGR_B	2BDN_L			0.8257
1657	1XGR_B	2NYY_C			0.731
1658	1XGR_B	2NYY_D			0.8124
1659	1XGR_B	2P5E_D			0.6521
1660	1XGR_B	2VLR_E			0.7892
1661	1XGR_B	3BN9_D			0.7249
1662	1XGR_B	3D3V_E			0.7456
1663	1XGR_B	3G6D_H			0.6487
1664	1XGR_B	3HFM_H			0.7991
1665	1XGR_B	3HFM_L			0.7419
1666	1XGR_B	3L5X_L			0.7899
1667	1XGR_B	3N85_H			0.7283
1668	1XGR_B	3N85_L			0.6797
1669	1XGR_B	3NGB_H			0.6816
1670	1XGR_B	3QDG_D			0.6954
1671	1XGR_B	3QDG_E			0.7558
1672	1XGR_B	3QDJ_D			0.7015
1673	1XGR_B	3QDJ_E			0.7561
1674	1XGR_B	3QIB_D			0.6789
1675	1XGR_B	3SE8_H			0.946
1676	1XGR_B	3SE8_L			0.8321
1677	1XGR_B	3SE9_H			0.9375
1678	1XGR_B	3SE9_L			0.8418
1679	1XGR_B	4FTV_D			0.6826
1680	1XGR_B	4FTV_E			0.7472
1681	1XGR_B	4I77_H			0.7599
1682	1XGR_B	4I77_L			0.701
1683	1XGR_B	4L3E_D			0.6956
1684	1XGR_B	4L3E_E			0.7672
1685	1XGR_B	4OZG_G			0.6962
1686	1XGR_B	4OZG_H			0.7214
1687	1XGT_B	1XGU_B			1.002
1688	1XGT_B	1YY9_C			0.775
1689	1XGT_B	1YY9_D			0.8247
1690	1XGT_B	2AK4_D			0.6831
1691	1XGT_B	2AK4_E			0.7777
1692	1XGT_B	2B2X_H			0.8434
1693	1XGT_B	2B2X_L			0.7643
1694	1XGT_B	2BDN_H			0.9609
1695	1XGT_B	2BDN_L			0.8262
1696	1XGT_B	2NYY_C			0.7327
1697	1XGT_B	2NYY_D			0.814
1698	1XGT_B	2P5E_D			0.6529
1699	1XGT_B	2VLR_E			0.7875
1700	1XGT_B	3BN9_D			0.7228
1701	1XGT_B	3D3V_E			0.7442
1702	1XGT_B	3G6D_H			0.6461
1703	1XGT_B	3HFM_H			0.7964
1704	1XGT_B	3HFM_L			0.7426
1705	1XGT_B	3L5X_L			0.7904
1706	1XGT_B	3N85_H			0.7257
1707	1XGT_B	3N85_L			0.6817
1708	1XGT_B	3NGB_H			0.684
1709	1XGT_B	3QDG_D			0.6967
1710	1XGT_B	3QDG_E			0.7549
1711	1XGT_B	3QDJ_D			0.702
1712	1XGT_B	3QDJ_E			0.755
1713	1XGT_B	3SE8_H			0.9455
1714	1XGT_B	3SE8_L			0.8322
1715	1XGT_B	3SE9_H			0.9371
1716	1XGT_B	3SE9_L			0.8421
1717	1XGT_B	4FTV_D			0.6832
1718	1XGT_B	4FTV_E			0.7475
1719	1XGT_B	4I77_H			0.7578
1720	1XGT_B	4I77_L			0.7024
1721	1XGT_B	4L3E_D			0.697
1722	1XGT_B	4L3E_E			0.7661
1723	1XGT_B	4OZG_G			0.698
1724	1XGT_B	4OZG_H			0.7177
1725	1XGU_B	1YY9_C			0.7784
1726	1XGU_B	1YY9_D			0.8143
1727	1XGU_B	2AK4_D			0.6862
1728	1XGU_B	2AK4_E			0.7703
1729	1XGU_B	2B2X_H			0.8354
1730	1XGU_B	2B2X_L			0.7673
1731	1XGU_B	2BDN_H			0.9552
1732	1XGU_B	2BDN_L			0.8267
1733	1XGU_B	2NYY_C			0.7362
1734	1XGU_B	2NYY_D			0.8072
1735	1XGU_B	2P5E_D			0.6572
1736	1XGU_B	2VLR_E			0.7797
1737	1XGU_B	3BN9_D			0.7165
1738	1XGU_B	3D3V_E			0.7382
1739	1XGU_B	3HFM_H			0.7886
1740	1XGU_B	3HFM_L			0.7459
1741	1XGU_B	3L5X_L			0.7899
1742	1XGU_B	3N85_H			0.7182
1743	1XGU_B	3N85_L			0.687
1744	1XGU_B	3NGB_H			0.6904
1745	1XGU_B	3QDG_D			0.7007
1746	1XGU_B	3QDG_E			0.7489
1747	1XGU_B	3QDJ_D			0.7035
1748	1XGU_B	3QDJ_E			0.7493
1749	1XGU_B	3SE8_H			0.9406
1750	1XGU_B	3SE8_L			0.8329
1751	1XGU_B	3SE9_H			0.9314
1752	1XGU_B	3SE9_L			0.8426
1753	1XGU_B	4FTV_D			0.6858
1754	1XGU_B	4FTV_E			0.7399
1755	1XGU_B	4I77_H			0.7509
1756	1XGU_B	4I77_L			0.7066
1757	1XGU_B	4L3E_D			0.6986
1758	1XGU_B	4L3E_E			0.7607
1759	1XGU_B	4OZG_G			0.7007
1760	1XGU_B	4OZG_H			0.7119
1761	1Y1K_I	1Y33_I		u	1.015
1762	1Y1K_I	1Y34_I		u	1.014
1763	1Y1K_I	1Y3B_I		u	1.015
1764	1Y1K_I	1Y3C_I		u	1.014
1765	1Y1K_I	1Y3D_I		u	1.013
1766	1Y1K_I	1Y48_I		u	1.013
1767	1Y33_I	1Y34_I		u	1.015
1768	1Y33_I	1Y3B_I		u	1.015
1769	1Y33_I	1Y3C_I		u	1.014
1770	1Y33_I	1Y3D_I		u	1.013
1771	1Y33_I	1Y48_I		u	1.014
1772	1Y34_I	1Y3B_I		u	1.016
1773	1Y34_I	1Y3C_I		u	1.015
1774	1Y34_I	1Y3D_I		u	1.014
1775	1Y34_I	1Y48_I		u	1.015
1776	1Y3B_I	1Y3C_I		u	1.015
1777	1Y3B_I	1Y3D_I		u	1.014
1778	1Y3B_I	1Y48_I		u	1.014
1779	1Y3C_I	1Y3D_I		u	1.015
1780	1Y3C_I	1Y48_I		u	1.015
1781	1Y3D_I	1Y48_I		u	1.014
1782	1YQV_Y	3HFM_Y		u	0.9913
1783	1YY9_C	1YY9_D	p		0.6581
1784	1YY9_C	2AK4_D			0.7231
1785	1YY9_C	2B2X_H			0.6761
1786	1YY9_C	2B2X_L			0.98
1787	1YY9_C	2BDN_H			0.7543
1788	1YY9_C	2BDN_L			0.939
1789	1YY9_C	2NYY_C			0.9722
1790	1YY9_C	2NYY_D			0.6694
1791	1YY9_C	2P5E_D			0.6945
1792	1YY9_C	2VLR_E			0.6856
1793	1YY9_C	3HFM_H			0.6478
1794	1YY9_C	3HFM_L			0.9634
1795	1YY9_C	3L5X_L			0.963
1796	1YY9_C	3N85_L			0.8961
1797	1YY9_C	3NGB_H			0.7004
1798	1YY9_C	3QDG_D			0.7507
1799	1YY9_C	3QDJ_D			0.752
1800	1YY9_C	3QIB_C			0.6948
1801	1YY9_C	3SE8_H			0.7657
1802	1YY9_C	3SE8_L			0.9195
1803	1YY9_C	3SE9_H			0.7681
1804	1YY9_C	3SE9_L			0.9307
1805	1YY9_C	4FTV_D			0.7299
1806	1YY9_C	4I77_L			0.9434
1807	1YY9_C	4L3E_D			0.7486
1808	1YY9_C	4OZG_G			0.7213
1809	1YY9_D	2AK4_E			0.8491
1810	1YY9_D	2B2X_H			0.9534
1811	1YY9_D	2B2X_L			0.6435
1812	1YY9_D	2BDN_H			0.8523
1813	1YY9_D	2BDN_L			0.7201
1814	1YY9_D	2NYY_C			0.618
1815	1YY9_D	2NYY_D			0.9474
1816	1YY9_D	2VLR_E			0.863
1817	1YY9_D	3BN9_D			0.9033
1818	1YY9_D	3D3V_E			0.8459
1819	1YY9_D	3G6D_H			0.8139
1820	1YY9_D	3HFM_H			0.9314
1821	1YY9_D	3HFM_L			0.6251
1822	1YY9_D	3L5X_L			0.7073
1823	1YY9_D	3N85_H			0.9116
1824	1YY9_D	3NGB_L			0.6941
1825	1YY9_D	3QDG_E			0.8465
1826	1YY9_D	3QDJ_E			0.8474
1827	1YY9_D	3QIB_D			0.8191
1828	1YY9_D	3SE8_H			0.8524
1829	1YY9_D	3SE8_L			0.7464
1830	1YY9_D	3SE9_H			0.8616
1831	1YY9_D	3SE9_L			0.736
1832	1YY9_D	4B0M_M			0.6406
1833	1YY9_D	4FTV_E			0.8452
1834	1YY9_D	4I77_H			0.9106
1835	1YY9_D	4L3E_E			0.8563
1836	1YY9_D	4OZG_H			0.8358
1837	2AJF_A	3KBH_A		u	0.9735
1838	2AJF_E	4ZS6_A			0.7312
1839	2AK4_A	2BNR_A			0.9747
1840	2AK4_A	2J8U_A			0.9433
1841	2AK4_A	2JCC_A			0.9459
1842	2AK4_A	2UWE_A			0.9454
1843	2AK4_A	3H9S_A			0.9513
1844	2AK4_A	4FTV_A			0.9647
1845	2AK4_A	4K71_B			0.8272
1846	2AK4_A	4L3E_A			0.954
1847	2AK4_D	2B2X_H			0.6377
1848	2AK4_D	2B2X_L			0.711
1849	2AK4_D	2BDN_H			0.6675
1850	2AK4_D	2BDN_L			0.6923
1851	2AK4_D	2NYY_C			0.7332
1852	2AK4_D	2P5E_D		u	0.8814
1853	2AK4_D	3HFM_L			0.7136
1854	2AK4_D	3L5X_L			0.6955
1855	2AK4_D	3N85_L			0.7247
1856	2AK4_D	3NGB_H			0.657
1857	2AK4_D	3QDG_D		u	0.9532
1858	2AK4_D	3QDJ_D		u	0.9517
1859	2AK4_D	3QIB_C		u	0.8811
1860	2AK4_D	3SE8_H			0.6914
1861	2AK4_D	3SE8_L			0.6753
1862	2AK4_D	3SE9_H			0.7036
1863	2AK4_D	3SE9_L			0.6814
1864	2AK4_D	4FTV_D			0.957
1865	2AK4_D	4I77_L			0.73
1866	2AK4_D	4L3E_D			0.9512
1867	2AK4_D	4OZG_G			0.9111
1868	2AK4_E	2B2X_H			0.8652
1869	2AK4_E	2BDN_H			0.7842
1870	2AK4_E	2BDN_L			0.7357
1871	2AK4_E	2NYY_D			0.8778
1872	2AK4_E	2VLR_E		u	0.9565
1873	2AK4_E	3BN9_D			0.825
1874	2AK4_E	3D3V_E		u	0.9611
1875	2AK4_E	3G6D_H			0.7773
1876	2AK4_E	3HFM_H			0.8837
1877	2AK4_E	3L5X_L			0.7326
1878	2AK4_E	3N85_H			0.856
1879	2AK4_E	3NGB_L			0.7018
1880	2AK4_E	3QDG_E			0.9624
1881	2AK4_E	3QDJ_E			0.9619
1882	2AK4_E	3QIB_D			0.8668
1883	2AK4_E	3SE8_H			0.7508
1884	2AK4_E	3SE8_L			0.7687
1885	2AK4_E	3SE9_H			0.7782
1886	2AK4_E	3SE9_L			0.7495
1887	2AK4_E	4FTV_E			0.9607
1888	2AK4_E	4I77_H			0.8371
1889	2AK4_E	4L3E_E			0.9683
1890	2AK4_E	4OZG_H		u	0.9175
1891	2B0U_C	3B4V_C			0.9171
1892	2B0U_C	3HH2_C		u	0.9443
1893	2B0U_C	3SEK_C			0.908
1894	2B0Z_B	2B10_B		u	0.9949
1895	2B0Z_B	2B11_B		u	1.006
1896	2B0Z_B	2B12_B		u	1.004
1897	2B0Z_B	2PCC_B		u	1.006
1898	2B10_B	2B11_B		u	0.9949
1899	2B10_B	2B12_B		u	0.9894
1900	2B10_B	2PCC_B		u	0.9931
1901	2B11_B	2B12_B		u	1.002
1902	2B11_B	2PCC_B		u	1.005
1903	2B12_B	2PCC_B		u	1.0
1904	2B2X_H	2B2X_L	p		0.6719
1905	2B2X_H	2BDN_H			0.8822
1906	2B2X_H	2BDN_L			0.7311
1907	2B2X_H	2NYY_C			0.6498
1908	2B2X_H	2NYY_D			0.969
1909	2B2X_H	2VLR_E			0.8808
1910	2B2X_H	3BN9_D			0.8863
1911	2B2X_H	3D3V_E			0.8465
1912	2B2X_H	3G6D_H			0.7999
1913	2B2X_H	3HFM_H			0.9297
1914	2B2X_H	3HFM_L			0.6541
1915	2B2X_H	3L5X_L			0.729
1916	2B2X_H	3N85_H			0.8919
1917	2B2X_H	3NGB_L			0.6591
1918	2B2X_H	3QDG_D			0.6477
1919	2B2X_H	3QDG_E			0.8573
1920	2B2X_H	3QDJ_D			0.6552
1921	2B2X_H	3QDJ_E			0.8589
1922	2B2X_H	3QIB_D			0.7938
1923	2B2X_H	3SE8_H			0.8878
1924	2B2X_H	3SE8_L			0.7613
1925	2B2X_H	3SE9_H			0.9103
1926	2B2X_H	3SE9_L			0.7471
1927	2B2X_H	4B0M_M			0.6394
1928	2B2X_H	4FTV_D			0.63
1929	2B2X_H	4FTV_E			0.8463
1930	2B2X_H	4I77_H			0.8853
1931	2B2X_H	4L3E_D			0.6454
1932	2B2X_H	4L3E_E			0.8667
1933	2B2X_H	4OZG_H			0.832
1934	2B2X_L	2BDN_H			0.7342
1935	2B2X_L	2BDN_L			0.9267
1936	2B2X_L	2NYY_C			0.9769
1937	2B2X_L	2NYY_D			0.6595
1938	2B2X_L	2P5E_D			0.6976
1939	2B2X_L	2VLR_E			0.6763
1940	2B2X_L	3HFM_H			0.6391
1941	2B2X_L	3HFM_L			0.9789
1942	2B2X_L	3L5X_L			0.9526
1943	2B2X_L	3N85_L			0.9113
1944	2B2X_L	3NGB_H			0.7078
1945	2B2X_L	3QDG_D			0.7393
1946	2B2X_L	3QDJ_D			0.7396
1947	2B2X_L	3QIB_C			0.6964
1948	2B2X_L	3SE8_H			0.7491
1949	2B2X_L	3SE8_L			0.903
1950	2B2X_L	3SE9_H			0.7641
1951	2B2X_L	3SE9_L			0.9157
1952	2B2X_L	4FTV_D			0.7217
1953	2B2X_L	4I77_L			0.9572
1954	2B2X_L	4L3E_D			0.7339
1955	2B2X_L	4OZG_G			0.7101
1956	2BDN_H	2BDN_L	p		0.8056
1957	2BDN_H	2NYY_C			0.7007
1958	2BDN_H	2NYY_D			0.8401
1959	2BDN_H	2VLR_E			0.8056
1960	2BDN_H	3BN9_D			0.7711
1961	2BDN_H	3D3V_E			0.7524
1962	2BDN_H	3G6D_H			0.6769
1963	2BDN_H	3HFM_H			0.8129
1964	2BDN_H	3HFM_L			0.7209
1965	2BDN_H	3L5X_L			0.7734
1966	2BDN_H	3N85_H			0.7652
1967	2BDN_H	3N85_L			0.6565
1968	2BDN_H	3NGB_H			0.6529
1969	2BDN_H	3QDG_D			0.6883
1970	2BDN_H	3QDG_E			0.7614
1971	2BDN_H	3QDJ_D			0.6922
1972	2BDN_H	3QDJ_E			0.7634
1973	2BDN_H	3QIB_D			0.6981
1974	2BDN_H	3SE8_H			0.9448
1975	2BDN_H	3SE8_L			0.8119
1976	2BDN_H	3SE9_H			0.9373
1977	2BDN_H	3SE9_L			0.8179
1978	2BDN_H	4FTV_D			0.6735
1979	2BDN_H	4FTV_E			0.7523
1980	2BDN_H	4I77_H			0.7748
1981	2BDN_H	4I77_L			0.6668
1982	2BDN_H	4L3E_D			0.6836
1983	2BDN_H	4L3E_E			0.7782
1984	2BDN_H	4OZG_G			0.6965
1985	2BDN_H	4OZG_H			0.7276
1986	2BDN_L	2NYY_C			0.8803
1987	2BDN_L	2NYY_D			0.7227
1988	2BDN_L	2P5E_D			0.6739
1989	2BDN_L	2VLR_E			0.7391
1990	2BDN_L	3BN9_D			0.646
1991	2BDN_L	3D3V_E			0.7068
1992	2BDN_L	3HFM_H			0.695
1993	2BDN_L	3HFM_L			0.8812
1994	2BDN_L	3L5X_L			0.9641
1995	2BDN_L	3N85_H			0.6471
1996	2BDN_L	3N85_L			0.7982
1997	2BDN_L	3NGB_H			0.6715
1998	2BDN_L	3NGB_L			0.6352
1999	2BDN_L	3QDG_D			0.7158
2000	2BDN_L	3QDG_E			0.7078
2001	2BDN_L	3QDJ_D			0.7181
2002	2BDN_L	3QDJ_E			0.708
2003	2BDN_L	3QIB_C			0.6723
2004	2BDN_L	3SE8_H			0.8105
2005	2BDN_L	3SE8_L			0.9713
2006	2BDN_L	3SE9_H			0.8193
2007	2BDN_L	3SE9_L			0.9769
2008	2BDN_L	4FTV_D			0.6994
2009	2BDN_L	4FTV_E			0.71
2010	2BDN_L	4I77_H			0.6716
2011	2BDN_L	4I77_L			0.8415
2012	2BDN_L	4L3E_D			0.714
2013	2BDN_L	4L3E_E			0.7194
2014	2BDN_L	4OZG_G			0.7033
2015	2BNQ_C	2BNR_C		u	1.103
2016	2BNQ_C	3D3V_C			1.056
2017	2BNQ_C	3PWP_C			1.018
2018	2BNQ_C	3QDJ_C			0.6777
2019	2BNQ_C	3QFJ_C			1.031
2020	2BNQ_C	4JFD_C			0.8117
2021	2BNQ_C	4JFE_C			0.767
2022	2BNQ_C	4JFF_C			0.7998
2023	2BNQ_C	4MNQ_C			0.7785
2024	2BNR_A	2J8U_A		u	0.9872
2025	2BNR_A	2JCC_A		u	0.9892
2026	2BNR_A	2UWE_A		u	0.988
2027	2BNR_A	3H9S_A		u	0.9881
2028	2BNR_A	4FTV_A		u	0.995
2029	2BNR_A	4K71_B			0.8168
2030	2BNR_A	4L3E_A		u	0.9934
2031	2BNR_C	3D3V_C			1.044
2032	2BNR_C	3PWP_C			1.013
2033	2BNR_C	3QFJ_C			1.021
2034	2BNR_C	4JFD_C			0.7857
2035	2BNR_C	4JFF_C			0.7728
2036	2BNR_C	4MNQ_C			0.7723
2037	2C5D_C	4RA0_C		u	0.9907
2038	2E7L_Q	2OI9_Q			1.025
2039	2FTL_I	3BTD_I		u	1.015
2040	2FTL_I	3BTE_I		u	1.015
2041	2FTL_I	3BTF_I		u	1.016
2042	2FTL_I	3BTG_I		u	1.015
2043	2FTL_I	3BTH_I		u	1.016
2044	2FTL_I	3BTM_I		u	1.015
2045	2FTL_I	3BTQ_I		u	1.015
2046	2FTL_I	3BTT_I		u	1.015
2047	2FTL_I	3BTW_I		u	1.015
2048	2G2U_A	2G2W_A		u	1.001
2049	2G2U_A	3N4I_A		u	1.003
2050	2G2W_A	3N4I_A		u	1.001
2051	2GOX_B	3D5R_C			1.011
2052	2GOX_B	3D5S_C			1.014
2053	2GYK_A	2WPT_A			0.9843
2054	2HLE_A	4L0P_A			0.924
2055	2I26_N	4KRL_B			0.7985
2056	2I26_N	4KRO_B			0.6691
2057	2I26_N	4KRP_B			0.7197
2058	2I26_N	5C6T_H			0.7166
2059	2I26_N	5C6T_L			0.8128
2060	2I26_N	5E9D_D			0.8284
2061	2I26_N	5E9D_E			0.7982
2062	2J12_A	2J1K_C			0.875
2063	2J8U_A	2JCC_A		u	1.002
2064	2J8U_A	2UWE_A		u	1.002
2065	2J8U_A	3H9S_A		u	0.9916
2066	2J8U_A	4FTV_A		u	0.9904
2067	2J8U_A	4K71_B			0.7859
2068	2J8U_A	4L3E_A		u	0.9913
2069	2JCC_A	2UWE_A		u	1.002
2070	2JCC_A	3H9S_A		u	0.9908
2071	2JCC_A	4FTV_A		u	0.9909
2072	2JCC_A	4K71_B			0.7892
2073	2JCC_A	4L3E_A		u	0.9919
2074	2KSO_A	2KSO_B	p		0.86
2075	2NU0_I	2NU1_I		u	1.019
2076	2NU0_I	2NU2_I			1.018
2077	2NU0_I	2NU4_I			1.018
2078	2NU0_I	2SGP_I			1.016
2079	2NU0_I	2SGQ_I			1.018
2080	2NU0_I	3SGB_I			1.012
2081	2NU1_I	2NU2_I			1.017
2082	2NU1_I	2NU4_I			1.018
2083	2NU1_I	2SGP_I			1.016
2084	2NU1_I	2SGQ_I			1.018
2085	2NU1_I	3SGB_I			1.015
2086	2NU2_I	2NU4_I		u	1.019
2087	2NU2_I	2SGP_I		u	1.014
2088	2NU2_I	2SGQ_I		u	1.016
2089	2NU2_I	3SGB_I		u	1.01
2090	2NU4_I	2SGP_I		u	1.015
2091	2NU4_I	2SGQ_I		u	1.017
2092	2NU4_I	3SGB_I		u	1.013
2093	2NYY_A	2NZ9_A		u	0.9957
2094	2NYY_C	2NYY_D	p		0.6336
2095	2NYY_C	2P5E_D			0.7204
2096	2NYY_C	3HFM_H			0.6087
2097	2NYY_C	3HFM_L			0.983
2098	2NYY_C	3L5X_L			0.9252
2099	2NYY_C	3N85_L			0.944
2100	2NYY_C	3NGB_H			0.716
2101	2NYY_C	3QDG_D			0.76
2102	2NYY_C	3QDJ_D			0.7601
2103	2NYY_C	3QIB_C			0.7157
2104	2NYY_C	3SE8_H			0.7178
2105	2NYY_C	3SE8_L			0.8748
2106	2NYY_C	3SE9_H			0.7207
2107	2NYY_C	3SE9_L			0.887
2108	2NYY_C	4FTV_D			0.7414
2109	2NYY_C	4I77_L			0.9796
2110	2NYY_C	4L3E_D			0.7558
2111	2NYY_C	4OZG_G			0.7269
2112	2NYY_D	2VLR_E			0.8896
2113	2NYY_D	3BN9_D			0.9238
2114	2NYY_D	3D3V_E			0.8766
2115	2NYY_D	3G6D_H			0.8315
2116	2NYY_D	3HFM_H			0.9615
2117	2NYY_D	3HFM_L			0.648
2118	2NYY_D	3L5X_L			0.7222
2119	2NYY_D	3N85_H			0.9405
2120	2NYY_D	3NGB_L			0.6746
2121	2NYY_D	3QDG_E			0.8835
2122	2NYY_D	3QDJ_E			0.8853
2123	2NYY_D	3QIB_D			0.8394
2124	2NYY_D	3SE8_H			0.831
2125	2NYY_D	3SE8_L			0.756
2126	2NYY_D	3SE9_H			0.8646
2127	2NYY_D	3SE9_L			0.7356
2128	2NYY_D	4B0M_M			0.6396
2129	2NYY_D	4FTV_E			0.877
2130	2NYY_D	4I77_H			0.9291
2131	2NYY_D	4L3E_E			0.8926
2132	2NYY_D	4OZG_H			0.8635
2133	2P5E_D	3HFM_L			0.6994
2134	2P5E_D	3L5X_L			0.6626
2135	2P5E_D	3N85_L			0.7546
2136	2P5E_D	3NGB_H			0.7192
2137	2P5E_D	3QDG_D		u	0.8898
2138	2P5E_D	3QDJ_D		u	0.8774
2139	2P5E_D	3QIB_C		u	0.9443
2140	2P5E_D	3SE9_L			0.6504
2141	2P5E_D	4FTV_D			0.9056
2142	2P5E_D	4I77_L			0.7274
2143	2P5E_D	4L3E_D			0.8965
2144	2P5E_D	4OZG_G			0.9173
2145	2PCB_A	2PCC_A		u	0.9983
2146	2REX_B	3EG5_A			0.9695
2147	2REX_B	3KUD_A			0.8954
2148	2REX_B	3Q3J_B		u	0.9999
2149	2REX_B	4G0N_A			0.8999
2150	2REX_B	5UFE_A			0.8669
2151	2REX_B	5UFQ_A			0.876
2152	2REX_B	5XCO_A			0.8706
2153	2SGP_I	2SGQ_I		u	1.016
2154	2SGP_I	3SGB_I		u	1.012
2155	2SGQ_I	3SGB_I		u	1.015
2156	2UWE_A	3H9S_A		u	0.9913
2157	2UWE_A	4FTV_A		u	0.9913
2158	2UWE_A	4K71_B			0.7902
2159	2UWE_A	4L3E_A		u	0.992
2160	2VIR_C	2VIS_C		u	1.004
2161	2VIR_C	3LZF_A			0.9298
2162	2VIR_C	4GXU_A			0.9282
2163	2VIS_C	3LZF_A			0.9291
2164	2VIS_C	4GXU_A			0.9277
2165	2VLN_B	2VLO_B		u	1.005
2166	2VLN_B	2VLP_B		u	1.005
2167	2VLN_B	2VLQ_B		u	1.005
2168	2VLN_B	2WPT_B		u	1.002
2169	2VLO_B	2VLP_B		u	1.005
2170	2VLO_B	2VLQ_B		u	1.005
2171	2VLO_B	2WPT_B		u	1.002
2172	2VLP_B	2VLQ_B		u	1.007
2173	2VLP_B	2WPT_B		u	1.003
2174	2VLQ_B	2WPT_B		u	1.003
2175	2VLR_E	3BN9_D			0.8336
2176	2VLR_E	3D3V_E		u	0.9585
2177	2VLR_E	3G6D_H			0.7799
2178	2VLR_E	3HFM_H			0.8837
2179	2VLR_E	3L5X_L			0.7341
2180	2VLR_E	3N85_H			0.8569
2181	2VLR_E	3NGB_L			0.7108
2182	2VLR_E	3QDG_E			0.969
2183	2VLR_E	3QDJ_E			0.9669
2184	2VLR_E	3QIB_D			0.8769
2185	2VLR_E	3SE8_H			0.7688
2186	2VLR_E	3SE8_L			0.7713
2187	2VLR_E	3SE9_H			0.8002
2188	2VLR_E	3SE9_L			0.752
2189	2VLR_E	4FTV_E			0.9594
2190	2VLR_E	4I77_H			0.8442
2191	2VLR_E	4L3E_E			0.9765
2192	2VLR_E	4OZG_H		u	0.9339
2193	3B4V_C	3HH2_C			0.8619
2194	3B4V_C	3SEK_C		u	0.9542
2195	3BN9_B	3NPS_A		u	0.9972
2196	3BN9_B	3TGK_E			0.9682
2197	3BN9_D	3D3V_E			0.8426
2198	3BN9_D	3G6D_H			0.8826
2199	3BN9_D	3HFM_H			0.8953
2200	3BN9_D	3L5X_L			0.6378
2201	3BN9_D	3N85_H			0.9253
2202	3BN9_D	3NGB_L			0.6652
2203	3BN9_D	3QDG_E			0.8362
2204	3BN9_D	3QDJ_E			0.8364
2205	3BN9_D	3QIB_D			0.8272
2206	3BN9_D	3SE8_H			0.7858
2207	3BN9_D	3SE8_L			0.674
2208	3BN9_D	3SE9_H			0.7993
2209	3BN9_D	3SE9_L			0.6574
2210	3BN9_D	4B0M_M			0.6361
2211	3BN9_D	4FTV_E			0.8402
2212	3BN9_D	4I77_H			0.8993
2213	3BN9_D	4L3E_E			0.8341
2214	3BN9_D	4OZG_H			0.8364
2215	3BTD_I	3BTE_I		u	1.017
2216	3BTD_I	3BTF_I		u	1.018
2217	3BTD_I	3BTG_I		u	1.018
2218	3BTD_I	3BTH_I		u	1.018
2219	3BTD_I	3BTM_I		u	1.018
2220	3BTD_I	3BTQ_I		u	1.017
2221	3BTD_I	3BTT_I		u	1.018
2222	3BTD_I	3BTW_I		u	1.017
2223	3BTE_I	3BTF_I		u	1.017
2224	3BTE_I	3BTG_I		u	1.017
2225	3BTE_I	3BTH_I		u	1.018
2226	3BTE_I	3BTM_I		u	1.017
2227	3BTE_I	3BTQ_I		u	1.017
2228	3BTE_I	3BTT_I		u	1.017
2229	3BTE_I	3BTW_I		u	1.017
2230	3BTF_I	3BTG_I		u	1.018
2231	3BTF_I	3BTH_I		u	1.018
2232	3BTF_I	3BTM_I		u	1.018
2233	3BTF_I	3BTQ_I		u	1.017
2234	3BTF_I	3BTT_I		u	1.018
2235	3BTF_I	3BTW_I		u	1.018
2236	3BTG_I	3BTH_I		u	1.018
2237	3BTG_I	3BTM_I		u	1.017
2238	3BTG_I	3BTQ_I		u	1.018
2239	3BTG_I	3BTT_I		u	1.018
2240	3BTG_I	3BTW_I		u	1.017
2241	3BTH_I	3BTM_I		u	1.018
2242	3BTH_I	3BTQ_I		u	1.017
2243	3BTH_I	3BTT_I		u	1.018
2244	3BTH_I	3BTW_I		u	1.017
2245	3BTM_I	3BTQ_I		u	1.017
2246	3BTM_I	3BTT_I		u	1.018
2247	3BTM_I	3BTW_I		u	1.017
2248	3BTQ_I	3BTT_I		u	1.018
2249	3BTQ_I	3BTW_I		u	1.017
2250	3BTT_I	3BTW_I		u	1.017
2251	3C60_C	3QIB_A			0.985
2252	3C60_C	4P23_C		u	0.9976
2253	3C60_C	4P5T_C		u	1.001
2254	3C60_D	3QIB_B			0.936
2255	3C60_D	4P23_D		u	0.9975
2256	3C60_D	4P5T_D		u	0.9923
2257	3D3V_C	3PWP_C			1.097
2258	3D3V_C	3QDJ_C			0.8373
2259	3D3V_C	3QFJ_C			1.117
2260	3D3V_C	4JFD_C			0.9581
2261	3D3V_C	4JFE_C			0.9263
2262	3D3V_C	4JFF_C			0.9586
2263	3D3V_C	4MNQ_C			0.7765
2264	3D3V_E	3G6D_H			0.8178
2265	3D3V_E	3HFM_H			0.8771
2266	3D3V_E	3L5X_L			0.7073
2267	3D3V_E	3N85_H			0.8668
2268	3D3V_E	3NGB_L			0.729
2269	3D3V_E	3QDG_E			0.9791
2270	3D3V_E	3QDJ_E			0.9774
2271	3D3V_E	3QIB_D			0.9077
2272	3D3V_E	3SE8_H			0.7329
2273	3D3V_E	3SE8_L			0.7326
2274	3D3V_E	3SE9_H			0.7529
2275	3D3V_E	3SE9_L			0.7201
2276	3D3V_E	4FTV_E			0.9966
2277	3D3V_E	4I77_H			0.8411
2278	3D3V_E	4L3E_E			0.9712
2279	3D3V_E	4OZG_H		u	0.9578
2280	3D5R_C	3D5S_C		u	1.013
2281	3EG5_A	3KUD_A			0.9314
2282	3EG5_A	3Q3J_B			0.9702
2283	3EG5_A	4G0N_A			0.937
2284	3EG5_A	5UFE_A			0.9122
2285	3EG5_A	5UFQ_A			0.9119
2286	3EG5_A	5XCO_A			0.9075
2287	3EQS_B	3EQY_C			0.9835
2288	3EQS_B	3LNZ_B			0.9444
2289	3EQY_C	3LNZ_B			0.9507
2290	3G6D_H	3HFM_H			0.8566
2291	3G6D_H	3N85_H			0.9182
2292	3G6D_H	3NGB_L			0.7385
2293	3G6D_H	3QDG_E			0.8083
2294	3G6D_H	3QDJ_E			0.8082
2295	3G6D_H	3QIB_D			0.8664
2296	3G6D_H	3SE8_H			0.6733
2297	3G6D_H	3SE9_H			0.6868
2298	3G6D_H	4FTV_E			0.815
2299	3G6D_H	4I77_H			0.8557
2300	3G6D_H	4L3E_E			0.7977
2301	3G6D_H	4OZG_H			0.8335
2302	3H9S_A	4FTV_A		u	0.9932
2303	3H9S_A	4K71_B			0.7863
2304	3H9S_A	4L3E_A		u	0.9896
2305	3HFM_H	3HFM_L	p		0.6177
2306	3HFM_H	3L5X_L			0.6973
2307	3HFM_H	3N85_H			0.9418
2308	3HFM_H	3NGB_L			0.6981
2309	3HFM_H	3QDG_E			0.8747
2310	3HFM_H	3QDJ_E			0.8759
2311	3HFM_H	3QIB_D			0.8395
2312	3HFM_H	3SE8_H			0.795
2313	3HFM_H	3SE8_L			0.74
2314	3HFM_H	3SE9_H			0.8286
2315	3HFM_H	3SE9_L			0.7221
2316	3HFM_H	4B0M_M			0.6299
2317	3HFM_H	4FTV_E			0.8743
2318	3HFM_H	4I77_H			0.9457
2319	3HFM_H	4L3E_E			0.8796
2320	3HFM_H	4OZG_H			0.8673
2321	3HFM_L	3L5X_L			0.9203
2322	3HFM_L	3N85_L			0.9274
2323	3HFM_L	3NGB_H			0.7141
2324	3HFM_L	3QDG_D			0.7427
2325	3HFM_L	3QDJ_D			0.7426
2326	3HFM_L	3QIB_C			0.708
2327	3HFM_L	3SE8_H			0.7369
2328	3HFM_L	3SE8_L			0.871
2329	3HFM_L	3SE9_H			0.743
2330	3HFM_L	3SE9_L			0.8794
2331	3HFM_L	4FTV_D			0.7226
2332	3HFM_L	4I77_L			0.9657
2333	3HFM_L	4L3E_D			0.7389
2334	3HFM_L	4OZG_G			0.7076
2335	3HH2_C	3SEK_C			0.876
2336	3KUD_A	3Q3J_B			0.9086
2337	3KUD_A	4G0N_A		u	0.9956
2338	3KUD_A	5UFE_A			0.9579
2339	3KUD_A	5UFQ_A			0.958
2340	3KUD_A	5XCO_A			0.9582
2341	3KUD_B	3M62_B			0.7545
2342	3KUD_B	4G0N_B		u	0.9603
2343	3L5X_L	3N85_H			0.6471
2344	3L5X_L	3N85_L			0.8223
2345	3L5X_L	3NGB_H			0.661
2346	3L5X_L	3NGB_L			0.6486
2347	3L5X_L	3QDG_D			0.7163
2348	3L5X_L	3QDG_E			0.7085
2349	3L5X_L	3QDJ_D			0.7186
2350	3L5X_L	3QDJ_E			0.7073
2351	3L5X_L	3QIB_C			0.6612
2352	3L5X_L	3SE8_H			0.7802
2353	3L5X_L	3SE8_L			0.9795
2354	3L5X_L	3SE9_H			0.796
2355	3L5X_L	3SE9_L			0.967
2356	3L5X_L	4FTV_D			0.6983
2357	3L5X_L	4FTV_E			0.7154
2358	3L5X_L	4I77_H			0.669
2359	3L5X_L	4I77_L			0.8772
2360	3L5X_L	4L3E_D			0.7113
2361	3L5X_L	4L3E_E			0.7166
2362	3L5X_L	4OZG_G			0.6857
2363	3L5X_L	4OZG_H			0.6719
2364	3LB6_A	4NKQ_C			0.6841
2365	3LB6_A	4RS1_A			0.673
2366	3LZF_A	4GXU_A		u	0.9945
2367	3M62_A	3M63_A		u	0.9999
2368	3M62_B	4G0N_B			0.7609
2369	3MZG_A	3N06_A		u	1.004
2370	3MZG_A	3N0P_A		u	1.004
2371	3MZG_A	3NCB_A		u	1.003
2372	3MZG_B	3NCC_B		u	1.003
2373	3MZG_B	3S9D_B			0.7662
2374	3MZG_B	3SE4_C			0.736
2375	3MZG_B	4NKQ_B			0.7191
2376	3N06_A	3N0P_A		u	1.003
2377	3N06_A	3NCB_A		u	1.003
2378	3N06_A	3SE4_B			0.7737
2379	3N0P_A	3NCB_A		u	1.003
2380	3N0P_A	3SE4_B			0.7725
2381	3N85_H	3NGB_L			0.7053
2382	3N85_H	3QDG_E			0.8664
2383	3N85_H	3QDJ_E			0.8671
2384	3N85_H	3QIB_D			0.8735
2385	3N85_H	3SE8_H			0.7568
2386	3N85_H	3SE8_L			0.6912
2387	3N85_H	3SE9_H			0.7742
2388	3N85_H	3SE9_L			0.6734
2389	3N85_H	4B0M_M			0.6291
2390	3N85_H	4FTV_E			0.8622
2391	3N85_H	4I77_H			0.9591
2392	3N85_H	4L3E_E			0.8657
2393	3N85_H	4OZG_H			0.8695
2394	3N85_L	3NGB_H			0.7658
2395	3N85_L	3QDG_D			0.7488
2396	3N85_L	3QDJ_D			0.7456
2397	3N85_L	3QIB_C			0.7529
2398	3N85_L	3SE8_H			0.669
2399	3N85_L	3SE8_L			0.7777
2400	3N85_L	3SE9_H			0.6768
2401	3N85_L	3SE9_L			0.7998
2402	3N85_L	4FTV_D			0.7497
2403	3N85_L	4I77_L			0.9797
2404	3N85_L	4L3E_D			0.7537
2405	3N85_L	4OZG_G			0.7305
2406	3NCB_A	3SE4_B			0.7692
2407	3NCC_B	3S9D_B			0.7642
2408	3NCC_B	3SE4_C			0.7349
2409	3NCC_B	4NKQ_B			0.7222
2410	3NGB_H	3QIB_C			0.7108
2411	3NGB_H	3SE8_H			0.6531
2412	3NGB_H	3SE8_L			0.6528
2413	3NGB_H	3SE9_H			0.6658
2414	3NGB_H	3SE9_L			0.6763
2415	3NGB_H	4FTV_D			0.6769
2416	3NGB_H	4I77_L			0.7294
2417	3NGB_H	4L3E_D			0.6651
2418	3NGB_H	4OZG_G			0.6809
2419	3NGB_L	3QDG_E			0.7034
2420	3NGB_L	3QDJ_E			0.6998
2421	3NGB_L	3QIB_D			0.7639
2422	3NGB_L	3SE8_L			0.6775
2423	3NGB_L	3SE9_H			0.6418
2424	3NGB_L	3SE9_L			0.6518
2425	3NGB_L	4FTV_E			0.7282
2426	3NGB_L	4I77_H			0.6795
2427	3NGB_L	4L3E_E			0.6918
2428	3NGB_L	4OZG_H			0.7341
2429	3NPS_A	3TGK_E			0.9681
2430	3NVN_A	3NVN_B	p		0.7515
2431	3NVN_A	3NVQ_A			0.9201
2432	3NVN_A	5CYK_B			0.6828
2433	3PWP_C	3QDJ_C			0.726
2434	3PWP_C	3QFJ_C			1.096
2435	3PWP_C	4JFD_C			0.8114
2436	3PWP_C	4JFE_C			0.7771
2437	3PWP_C	4JFF_C			0.8157
2438	3PWP_C	4MNQ_C			0.7726
2439	3Q3J_B	4G0N_A			0.9126
2440	3Q3J_B	5UFE_A			0.8803
2441	3Q3J_B	5UFQ_A			0.8887
2442	3Q3J_B	5XCO_A			0.8834
2443	3QDG_D	3QDJ_D		u	0.9978
2444	3QDG_D	3QIB_C		u	0.8918
2445	3QDG_D	3SE8_H			0.7073
2446	3QDG_D	3SE8_L			0.6932
2447	3QDG_D	3SE9_H			0.7085
2448	3QDG_D	3SE9_L			0.6996
2449	3QDG_D	4FTV_D			0.9583
2450	3QDG_D	4I77_L			0.7519
2451	3QDG_D	4L3E_D			0.9926
2452	3QDG_D	4OZG_G			0.8987
2453	3QDG_E	3QDJ_E			1.002
2454	3QDG_E	3QIB_D			0.9107
2455	3QDG_E	3SE8_H			0.7359
2456	3QDG_E	3SE8_L			0.7375
2457	3QDG_E	3SE9_H			0.7608
2458	3QDG_E	3SE9_L			0.7238
2459	3QDG_E	4FTV_E			0.9755
2460	3QDG_E	4I77_H			0.8484
2461	3QDG_E	4L3E_E			0.9958
2462	3QDG_E	4OZG_H			0.964
2463	3QDJ_C	3QFJ_C			0.7276
2464	3QDJ_C	4JFD_C			0.913
2465	3QDJ_C	4JFE_C			0.8794
2466	3QDJ_C	4JFF_C			0.9045
2467	3QDJ_D	3QIB_C		u	0.8839
2468	3QDJ_D	3SE8_H			0.7139
2469	3QDJ_D	3SE8_L			0.6973
2470	3QDJ_D	3SE9_H			0.7148
2471	3QDJ_D	3SE9_L			0.7014
2472	3QDJ_D	4FTV_D			0.9558
2473	3QDJ_D	4I77_L			0.7507
2474	3QDJ_D	4L3E_D			0.9904
2475	3QDJ_D	4OZG_G			0.8911
2476	3QDJ_E	3QIB_D			0.9094
2477	3QDJ_E	3SE8_H			0.7359
2478	3QDJ_E	3SE8_L			0.739
2479	3QDJ_E	3SE9_H			0.7617
2480	3QDJ_E	3SE9_L			0.7236
2481	3QDJ_E	4FTV_E			0.9738
2482	3QDJ_E	4I77_H			0.8495
2483	3QDJ_E	4L3E_E			0.9952
2484	3QDJ_E	4OZG_H			0.9629
2485	3QFJ_C	4JFD_C			0.8713
2486	3QFJ_C	4JFE_C			0.8442
2487	3QFJ_C	4JFF_C			0.8688
2488	3QFJ_C	4MNQ_C			0.7711
2489	3QIB_A	4P23_C			0.9762
2490	3QIB_A	4P5T_C			0.9813
2491	3QIB_B	4P23_D			0.93
2492	3QIB_B	4P5T_D			0.9017
2493	3QIB_C	3SE9_L			0.6432
2494	3QIB_C	4FTV_D			0.8993
2495	3QIB_C	4I77_L			0.7229
2496	3QIB_C	4L3E_D			0.9016
2497	3QIB_C	4OZG_G			0.8799
2498	3QIB_D	3SE8_H			0.6758
2499	3QIB_D	3SE9_H			0.7019
2500	3QIB_D	4FTV_E			0.9061
2501	3QIB_D	4I77_H			0.8357
2502	3QIB_D	4L3E_E			0.8986
2503	3QIB_D	4OZG_H			0.9532
2504	3S9D_A	3SE4_B			0.9808
2505	3S9D_B	3SE4_C		u	0.9317
2506	3SE3_A	3SE4_A		u	0.9927
2507	3SE8_H	3SE8_L	p		0.8214
2508	3SE8_H	3SE9_H			0.9363
2509	3SE8_H	3SE9_L			0.8222
2510	3SE8_H	4FTV_D			0.6917
2511	3SE8_H	4FTV_E			0.7361
2512	3SE8_H	4I77_H			0.7592
2513	3SE8_H	4I77_L			0.685
2514	3SE8_H	4L3E_D			0.7076
2515	3SE8_H	4L3E_E			0.7445
2516	3SE8_H	4OZG_G			0.7043
2517	3SE8_H	4OZG_H			0.7083
2518	3SE8_L	3SE9_H			0.8305
2519	3SE8_L	3SE9_L			0.984
2520	3SE8_L	4FTV_D			0.6742
2521	3SE8_L	4FTV_E			0.7372
2522	3SE8_L	4I77_H			0.702
2523	3SE8_L	4I77_L			0.8255
2524	3SE8_L	4L3E_D			0.6907
2525	3SE8_L	4L3E_E			0.7486
2526	3SE8_L	4OZG_G			0.6675
2527	3SE8_L	4OZG_H			0.7033
2528	3SE9_H	3SE9_L	p		0.8335
2529	3SE9_H	4FTV_D			0.6961
2530	3SE9_H	4FTV_E			0.7591
2531	3SE9_H	4I77_H			0.7758
2532	3SE9_H	4I77_L			0.6883
2533	3SE9_H	4L3E_D			0.7036
2534	3SE9_H	4L3E_E			0.7761
2535	3SE9_H	4OZG_G			0.7013
2536	3SE9_H	4OZG_H			0.7301
2537	3SE9_L	4FTV_D			0.682
2538	3SE9_L	4FTV_E			0.7222
2539	3SE9_L	4I77_H			0.6842
2540	3SE9_L	4I77_L			0.8432
2541	3SE9_L	4L3E_D			0.6983
2542	3SE9_L	4L3E_E			0.7325
2543	3SE9_L	4OZG_G			0.6848
2544	3SF4_A	4G2V_A			0.957
2545	3SF4_A	4WND_A		u	0.9206
2546	3U82_B	4MYW_B		u	0.9213
2547	3UIG_A	3UII_A		u	1.004
2548	4B0M_M	4I77_H			0.6468
2549	4BFI_B	4OFY_A			0.7338
2550	4EKD_A	4GNK_A		u	0.9942
2551	4FTV_A	4K71_B			0.7982
2552	4FTV_A	4L3E_A		u	0.9947
2553	4FTV_D	4I77_L			0.742
2554	4FTV_D	4L3E_D			0.965
2555	4FTV_D	4OZG_G			0.9212
2556	4FTV_E	4I77_H			0.8369
2557	4FTV_E	4L3E_E			0.968
2558	4FTV_E	4OZG_H			0.958
2559	4FZA_A	4NZW_A		u	0.9887
2560	4FZA_A	4O27_A		u	0.9807
2561	4FZA_B	4NZW_B			0.9737
2562	4FZA_B	4O27_B			0.939
2563	4G0N_A	5UFE_A			0.973
2564	4G0N_A	5UFQ_A			0.9764
2565	4G0N_A	5XCO_A			0.969
2566	4G2V_A	4WND_A			0.9715
2567	4HFK_B	4HFK_D	p	u	1.008
2568	4I77_H	4L3E_E			0.853
2569	4I77_H	4OZG_H			0.8385
2570	4I77_L	4L3E_D			0.7511
2571	4I77_L	4OZG_G			0.7254
2572	4JFD_C	4JFE_C			1.084
2573	4JFD_C	4JFF_C			1.097
2574	4JFE_C	4JFF_C			1.083
2575	4K71_B	4L3E_A			0.8017
2576	4KRL_B	4KRO_B			0.8698
2577	4KRL_B	4KRP_B			0.895
2578	4KRL_B	5C6T_H			0.8783
2579	4KRL_B	5C6T_L			0.8501
2580	4KRL_B	5E9D_D			0.8726
2581	4KRL_B	5E9D_E			0.8454
2582	4KRO_B	4KRP_B			0.9135
2583	4KRO_B	5C6T_H			0.7687
2584	4KRO_B	5C6T_L			0.746
2585	4KRO_B	5E9D_D			0.7377
2586	4KRO_B	5E9D_E			0.7472
2587	4KRP_B	5C6T_H			0.811
2588	4KRP_B	5C6T_L			0.777
2589	4KRP_B	5E9D_D			0.7858
2590	4KRP_B	5E9D_E			0.8015
2591	4L3E_D	4OZG_G			0.9118
2592	4L3E_E	4OZG_H			0.953
2593	4NKQ_B	4RS1_B		u	0.9096
2594	4NKQ_C	4RS1_A		u	0.9471
2595	4NZW_A	4O27_A		u	0.9916
2596	4NZW_B	4O27_B			0.9738
2597	4P23_C	4P5T_C		u	0.9988
2598	4P23_D	4P5T_D		u	0.9939
2599	4PWX_A	4PWX_B	p	u	1.002
2600	4Y61_B	4YEB_B			0.8177
2601	4YFD_A	4YH7_A		u	0.748
2602	4YFD_B	4YH7_B			0.8594
2603	5C6T_H	5C6T_L	p		0.8017
2604	5C6T_H	5E9D_D			0.8198
2605	5C6T_H	5E9D_E			0.7871
2606	5C6T_L	5E9D_D			0.8519
2607	5C6T_L	5E9D_E			0.853
2608	5CXB_B	5CYK_B		u	0.9951
2609	5E9D_D	5E9D_E	p		0.8701
2610	5UFE_A	5UFQ_A		u	0.9777
2611	5UFE_A	5XCO_A		u	0.9485
2612	5UFQ_A	5XCO_A		u	0.9566
2613	1DAN_T	1DAN_U	p	u	
2614	3NGB_H	3NGB_L	p		
2615	3HFM_L	3HFM_Y	p		
2616	3HFM_H	3HFM_Y	p		
2617	1A22_A	1A22_B	p		
2618	3M62_A	3M62_B	p		
2619	4YEB_A	4YEB_B	p		
2620	4Y61_A	4Y61_B	p		
2621	3D3V_C	3D3V_E	p		
2622	1A4Y_A	1A4Y_B	p		
2623	4JEU_A	4JEU_B	p		
2624	4B0M_A	4B0M_B	p		
2625	4B0M_A	4B0M_M	p		
2626	4B0M_B	4B0M_M	p		
2627	5F4E_A	5F4E_B	p		
2628	1BD2_A	1BD2_E	p		
2629	1BD2_A	1BD2_D	p		
2630	1BD2_A	1BD2_C	p		
2631	1BD2_D	1BD2_E	p		
2632	1BD2_C	1BD2_E	p		
2633	1BD2_C	1BD2_D	p		
2634	4L3E_D	4L3E_E	p		
2635	4L3E_A	4L3E_E	p		
2636	4L3E_A	4L3E_D	p		
2637	3QDG_D	3QDG_E	p		
2638	3MZG_A	3MZG_B	p		
2639	3KBH_A	3KBH_E	p		
2640	3C60_C	3C60_D	p		
2641	3QDJ_D	3QDJ_E	p		
2642	3QDJ_C	3QDJ_D	p		
2643	3QDJ_C	3QDJ_E	p		
2644	4P5T_C	4P5T_D	p		
2645	4O27_A	4O27_B	p		
2646	2AK4_D	2AK4_E	p		
2647	2AK4_A	2AK4_E	p		
2648	2AK4_C	2AK4_E	p		
2649	2AK4_A	2AK4_D	p		
2650	2AK4_C	2AK4_D	p		
2651	2AK4_A	2AK4_C	p		
2652	4P23_C	4P23_D	p		
2653	1FFW_A	1FFW_B	p		
2654	3KUD_A	3KUD_B	p		
2655	1K8R_A	1K8R_B	p		
2656	2PCC_A	2PCC_B	p		
2657	4NKQ_B	4NKQ_C	p		
2658	4RS1_A	4RS1_B	p		
2659	2BNR_A	2BNR_C	p		
2660	1B2U_A	1B2U_D	p		
2661	2DVW_A	2DVW_B	p		
2662	3AAA_A	3AAA_C	p		
2663	1C4Z_A	1C4Z_D	p		
2664	2NYY_A	2NYY_C	p		
2665	2NYY_A	2NYY_D	p		
2666	4PWX_B	4PWX_C	p		
2667	4PWX_A	4PWX_C	p		
2668	4K71_A	4K71_B	p		
2669	1JTD_A	1JTD_B	p		
2670	2AJF_A	2AJF_E	p		
2671	4J2L_A	4J2L_C	p		
2672	1DAN_H	1DAN_T	p		
2673	1DAN_H	1DAN_U	p		
2674	1LFD_A	1LFD_B	p		
2675	1N8Z_B	1N8Z_C	p		
2676	1N8Z_A	1N8Z_B	p		
2677	1N8Z_A	1N8Z_C	p		
2678	3QIB_A	3QIB_B	p		
2679	3QIB_A	3QIB_D	p		
2680	3QIB_A	3QIB_P	p		
2681	3QIB_A	3QIB_C	p		
2682	3QIB_B	3QIB_D	p		
2683	3QIB_B	3QIB_P	p		
2684	3QIB_B	3QIB_C	p		
2685	3QIB_D	3QIB_P	p		
2686	3QIB_C	3QIB_D	p		
2687	3QIB_C	3QIB_P	p		
2688	3BP8_A	3BP8_C	p		
2689	3SF4_A	3SF4_D	p		
2690	1JTG_A	1JTG_B	p		
2691	1C1Y_A	1C1Y_B	p		
2692	1MI5_D	1MI5_E	p		
2693	1OGA_A	1OGA_D	p		
2694	1OGA_A	1OGA_E	p		
2695	1OGA_D	1OGA_E	p		
2696	4G0N_A	4G0N_B	p		
2697	4YFD_A	4YFD_B	p		
2698	2G2U_A	2G2U_B	p		
2699	5C6T_A	5C6T_L	p		
2700	5C6T_A	5C6T_H	p		
2701	1B3S_A	1B3S_D	p		
2702	1VFB_A	1VFB_C	p		
2703	1VFB_B	1VFB_C	p		
2704	5M2O_A	5M2O_B	p		
2705	4NZW_A	4NZW_B	p		
2706	1KTZ_A	1KTZ_B	p		
2707	1KBH_A	1KBH_B	p		
2708	1JRH_I	1JRH_L	p		
2709	1JRH_H	1JRH_I	p		
2710	4FTV_A	4FTV_D	p		
2711	4FTV_D	4FTV_E	p		
2712	4FTV_A	4FTV_E	p		
2713	5E6P_A	5E6P_B	p		
2714	5UFE_A	5UFE_B	p		
2715	1AO7_A	1AO7_E	p		
2716	1AO7_C	1AO7_E	p		
2717	1AO7_D	1AO7_E	p		
2718	1AO7_A	1AO7_C	p		
2719	1AO7_A	1AO7_D	p		
2720	1AO7_C	1AO7_D	p		
2721	1KNE_A	1KNE_P	p		
2722	4OFY_A	4OFY_D	p		
2723	3BN9_B	3BN9_D	p		
2724	1E50_A	1E50_B	p		
2725	4GNK_A	4GNK_B	p		
2726	1GUA_A	1GUA_B	p		
2727	1BRS_A	1BRS_D	p		
2728	4OZG_G	4OZG_H	p		
2729	2REX_A	2REX_B	p		
2730	2HRK_A	2HRK_B	p		
2731	3N85_H	3N85_L	p		
2732	4YH7_A	4YH7_B	p		
2733	1EMV_A	1EMV_B	p		
2734	3S9D_A	3S9D_B	p		
2735	2WPT_A	2WPT_B	p		
2736	4FZA_A	4FZA_B	p		
2737	3SE4_A	3SE4_B	p		
2738	3SE4_A	3SE4_C	p		
2739	3SE4_B	3SE4_C	p		
2740	1DQJ_A	1DQJ_C	p		
2741	1DQJ_B	1DQJ_C	p		
2742	4CVW_A	4CVW_C	p		
2743	5XCO_A	5XCO_B	p		
2744	4I77_H	4I77_L	p		
2745	1B2S_A	1B2S_D	p		
2746	1AO7_D	1OGA_D		u	
2747	1AO7_D	1MI5_D		u	
2748	1AO7_D	2AK4_D		u	
2749	1AO7_D	3QDG_D		u	
2750	1AO7_D	1BD2_D		u	
2751	1AO7_D	2P5E_D		u	
2752	1AO7_D	3QDJ_D		u	
2753	1AO7_D	3QIB_C		u	
2754	1N8Z_C	4HRN_D		u	
2755	4Y61_A	4YFD_A		u	
2756	4Y61_A	4YH7_A		u	
2757	1BD2_E	5E9D_E		u	
2758	1AHW_C	1DAN_T		u	
2759	1AHW_C	1DAN_U		u	
2760	3BT1_U	3BT1_U	p	u	1.0
2761	1GC1_C	1GC1_C	p	u	1.0
2762	2JEL_P	2JEL_P	p	u	1.0
2763	3SZK_C	3SZK_C	p	u	1.0
2764	2J0T_D	2J0T_D	p	u	1.0
2765	3BK3_C	3BK3_C	p	u	1.0
2766	1F47_A	1F47_A	p	u	1.0
2767	3Q8D_A	3Q8D_A	p	u	1.0
2768	2SIC_I	2SIC_I	p	u	1.0
2769	1MAH_A	1MAH_A	p	u	1.0
2770	4NM8_B	4NM8_B	p	u	1.0
2771	1FCC_C	1FCC_C	p	u	1.0
2772	4CPA_I	4CPA_I	p	u	1.0
2773	4JPK_A	4JPK_A	p	u	1.0
2774	5TAR_B	5TAR_B	p	u	1.0
2775	2O3B_B	2O3B_B	p	u	1.0
2776	3BX1_C	3BX1_C	p	u	1.0
2777	3F1S_A	3F1S_A	p	u	1.0
2778	3VR6_G	3VR6_G	p	u	1.0
2779	4X4M_E	4X4M_E	p	u	1.0
2780	1SMF_I	1SMF_I	p	u	1.0
2781	1UUZ_A	1UUZ_A	p	u	1.0
2782	3R9A_A	3R9A_A	p	u	1.0
2783	5K39_B	5K39_B	p	u	1.0
2784	2BTF_P	2BTF_P	p	u	1.0
2785	4HSA_A	4HSA_A	p	u	1.0
2786	4N8V_G	4N8V_G	p	u	1.0
2787	1N8O_E	1N8O_E	p	u	1.0
2788	2AW2_B	2AW2_B	p	u	1.0
2789	2B42_A	2B42_A	p	u	1.0
2790	2C0L_A	2C0L_A	p	u	1.0
2791	2OOB_A	2OOB_A	p	u	1.0
2792	3WWN_A	3WWN_A	p	u	1.0
2793	4E6K_G	4E6K_G	p	u	1.0
2794	1U7F_B	1U7F_B	p	u	1.0
2795	2A9K_B	2A9K_B	p	u	1.0
2796	4U6H_E	4U6H_E	p	u	1.0
2797	1HE8_A	1HE8_A	p	u	1.0
2798	1REW_C	1REW_C	p	u	1.0
2799	1YCS_A	1YCS_A	p	u	1.0
2800	3RF3_C	3RF3_C	p	u	1.0
2801	4JGH_D	4JGH_D	p	u	1.0
2802	4LRX_A	4LRX_A	p	u	1.0
