	pdb_file	monomer_file	chain_id	res_num	rsa_complex	rsa_monomer
0	../../Binding_Affinity/data/complexes/2J0T_A_D.pdb	../../Binding_Affinity/data/chain/2J0T_D.pdb	D	68	0.07692307692307693	0.7461538461538462
1	../../Binding_Affinity/data/complexes/2J0T_A_D.pdb	../../Binding_Affinity/data/chain/2J0T_D.pdb	D	68	0.07692307692307693	0.7461538461538462
2	../../Binding_Affinity/data/complexes/2J0T_A_D.pdb	../../Binding_Affinity/data/chain/2J0T_D.pdb	D	70	0.014814814814814815	0.22962962962962963
3	../../Binding_Affinity/data/complexes/2J0T_A_D.pdb	../../Binding_Affinity/data/chain/2J0T_D.pdb	D	69	0.06338028169014084	0.6267605633802817
4	../../Binding_Affinity/data/complexes/2J0T_A_D.pdb	../../Binding_Affinity/data/chain/2J0T_D.pdb	D	69	0.06338028169014084	0.6267605633802817
5	../../Binding_Affinity/data/complexes/2J0T_A_D.pdb	../../Binding_Affinity/data/chain/2J0T_D.pdb	D	66	0.24468085106382978	0.4734042553191489
6	../../Binding_Affinity/data/complexes/2J0T_A_D.pdb	../../Binding_Affinity/data/chain/2J0T_D.pdb	D	2	0.0	1.0140845070422535
7	../../Binding_Affinity/data/complexes/2J0T_A_D.pdb	../../Binding_Affinity/data/chain/2J0T_D.pdb	D	2	0.0	1.0140845070422535
8	../../Binding_Affinity/data/complexes/2J0T_A_D.pdb	../../Binding_Affinity/data/chain/2J0T_D.pdb	D	2	0.0	1.0140845070422535
9	../../Binding_Affinity/data/complexes/2J0T_A_D.pdb	../../Binding_Affinity/data/chain/2J0T_D.pdb	D	2	0.0	1.0140845070422535
10	../../Binding_Affinity/data/complexes/2J0T_A_D.pdb	../../Binding_Affinity/data/chain/2J0T_D.pdb	D	68	0.07692307692307693	0.7461538461538462
11	../../Binding_Affinity/data/complexes/2J0T_A_D.pdb	../../Binding_Affinity/data/chain/2J0T_D.pdb	D	68	0.07692307692307693	0.7461538461538462
12	../../Binding_Affinity/data/complexes/2J0T_A_D.pdb	../../Binding_Affinity/data/chain/2J0T_D.pdb	D	4	0.2887323943661972	0.9295774647887324
13	../../Binding_Affinity/data/complexes/2J0T_A_D.pdb	../../Binding_Affinity/data/chain/2J0T_D.pdb	D	4	0.2887323943661972	0.9295774647887324
14	../../Binding_Affinity/data/complexes/2J0T_A_D.pdb	../../Binding_Affinity/data/chain/2J0T_D.pdb	D	4	0.2887323943661972	0.9295774647887324
15	../../Binding_Affinity/data/complexes/2J0T_A_D.pdb	../../Binding_Affinity/data/chain/2J0T_D.pdb	D	4	0.2887323943661972	0.9295774647887324
16	../../Binding_Affinity/data/complexes/2AJF_A_E.pdb	../../Binding_Affinity/data/chain/2AJF_E.pdb	E	487	0.007042253521126761	0.2887323943661972
17	../../Binding_Affinity/data/complexes/2AJF_A_E.pdb	../../Binding_Affinity/data/chain/2AJF_E.pdb	E	479	0.18471337579617833	0.33121019108280253
18	../../Binding_Affinity/data/complexes/2AJF_A_E.pdb	../../Binding_Affinity/data/chain/2AJF_E.pdb	E	360	0.6446700507614214	0.6446700507614214
19	../../Binding_Affinity/data/complexes/2AJF_A_E.pdb	../../Binding_Affinity/data/chain/2AJF_E.pdb	E	344	0.775609756097561	0.775609756097561
20	../../Binding_Affinity/data/complexes/3KBH_A_E.pdb	../../Binding_Affinity/data/chain/3KBH_E.pdb	E	535	0.046153846153846156	0.36923076923076925
21	../../Binding_Affinity/data/complexes/3KBH_A_E.pdb	../../Binding_Affinity/data/chain/3KBH_E.pdb	E	535	0.046153846153846156	0.36923076923076925
22	../../Binding_Affinity/data/complexes/3KBH_A_E.pdb	../../Binding_Affinity/data/chain/3KBH_E.pdb	E	498	0.0045045045045045045	0.2747747747747748
23	../../Binding_Affinity/data/complexes/2AJF_A_E.pdb	../../Binding_Affinity/data/chain/2AJF_A.pdb	A	41	0.0	0.22522522522522523
24	../../Binding_Affinity/data/complexes/2AJF_A_E.pdb	../../Binding_Affinity/data/chain/2AJF_A.pdb	A	41	0.0	0.22522522522522523
25	../../Binding_Affinity/data/complexes/2AJF_A_E.pdb	../../Binding_Affinity/data/chain/2AJF_A.pdb	A	38	0.15337423312883436	0.4171779141104294
26	../../Binding_Affinity/data/complexes/4ZS6_HL_A.pdb	../../Binding_Affinity/data/chain/4ZS6_A.pdb	A	536	0.1111111111111111	0.6060606060606061
27	../../Binding_Affinity/data/complexes/4ZS6_HL_A.pdb	../../Binding_Affinity/data/chain/4ZS6_A.pdb	A	540	0.3738738738738739	0.5720720720720721
28	../../Binding_Affinity/data/complexes/3KBH_A_E.pdb	../../Binding_Affinity/data/chain/3KBH_A.pdb	A	41	0.07207207207207207	0.24324324324324326
29	../../Binding_Affinity/data/complexes/3KBH_A_E.pdb	../../Binding_Affinity/data/chain/3KBH_A.pdb	A	41	0.07207207207207207	0.24324324324324326
30	../../Binding_Affinity/data/complexes/3KBH_A_E.pdb	../../Binding_Affinity/data/chain/3KBH_A.pdb	A	38	0.3803680981595092	0.4049079754601227
31	../../Binding_Affinity/data/complexes/5M2O_A_B.pdb	../../Binding_Affinity/data/chain/5M2O_A.pdb	A	75	0.0	0.3630573248407643
32	../../Binding_Affinity/data/complexes/5M2O_A_B.pdb	../../Binding_Affinity/data/chain/5M2O_A.pdb	A	68	0.14012738853503184	0.5159235668789809
33	../../Binding_Affinity/data/complexes/5M2O_A_B.pdb	../../Binding_Affinity/data/chain/5M2O_A.pdb	A	124	0.19745222929936307	0.9681528662420382
34	../../Binding_Affinity/data/complexes/5M2O_A_B.pdb	../../Binding_Affinity/data/chain/5M2O_A.pdb	A	121	0.0	0.21195652173913043
35	../../Binding_Affinity/data/complexes/5M2O_A_B.pdb	../../Binding_Affinity/data/chain/5M2O_A.pdb	A	84	0.2828282828282828	0.5808080808080808
36	../../Binding_Affinity/data/complexes/5M2O_A_B.pdb	../../Binding_Affinity/data/chain/5M2O_A.pdb	A	79	0.21951219512195122	0.4878048780487805
37	../../Binding_Affinity/data/complexes/5M2O_A_B.pdb	../../Binding_Affinity/data/chain/5M2O_A.pdb	A	77	0.14146341463414633	0.6048780487804878
38	../../Binding_Affinity/data/complexes/5M2O_A_B.pdb	../../Binding_Affinity/data/chain/5M2O_B.pdb	B	87	0.018292682926829267	0.8048780487804879
39	../../Binding_Affinity/data/complexes/5M2O_A_B.pdb	../../Binding_Affinity/data/chain/5M2O_B.pdb	B	83	0.005154639175257732	0.4639175257731959
40	../../Binding_Affinity/data/complexes/5M2O_A_B.pdb	../../Binding_Affinity/data/chain/5M2O_B.pdb	B	54	0.5317073170731708	0.6439024390243903
41	../../Binding_Affinity/data/complexes/5M2O_A_B.pdb	../../Binding_Affinity/data/chain/5M2O_B.pdb	B	47	0.005154639175257732	0.3247422680412371
42	../../Binding_Affinity/data/complexes/5M2O_A_B.pdb	../../Binding_Affinity/data/chain/5M2O_B.pdb	B	43	0.0	0.5070422535211268
43	../../Binding_Affinity/data/complexes/5M2O_A_B.pdb	../../Binding_Affinity/data/chain/5M2O_B.pdb	B	40	0.0	0.4846153846153846
44	../../Binding_Affinity/data/complexes/5M2O_A_B.pdb	../../Binding_Affinity/data/chain/5M2O_B.pdb	B	39	0.0	0.5562130177514792
45	../../Binding_Affinity/data/complexes/3BK3_A_C.pdb	../../Binding_Affinity/data/chain/3BK3_C.pdb	C	18	0.16568047337278108	0.3609467455621302
46	../../Binding_Affinity/data/complexes/3BK3_A_C.pdb	../../Binding_Affinity/data/chain/3BK3_C.pdb	C	18	0.16568047337278108	0.3609467455621302
47	../../Binding_Affinity/data/complexes/3BK3_A_C.pdb	../../Binding_Affinity/data/chain/3BK3_C.pdb	C	5	0.647887323943662	0.9788732394366197
48	../../Binding_Affinity/data/complexes/3BK3_A_C.pdb	../../Binding_Affinity/data/chain/3BK3_C.pdb	C	3	0.823943661971831	0.9366197183098591
49	../../Binding_Affinity/data/complexes/3BK3_A_C.pdb	../../Binding_Affinity/data/chain/3BK3_C.pdb	C	2	0.3136094674556213	0.8994082840236687
50	../../Binding_Affinity/data/complexes/3BK3_A_C.pdb	../../Binding_Affinity/data/chain/3BK3_C.pdb	C	2	0.3136094674556213	0.8994082840236687
51	../../Binding_Affinity/data/complexes/3BK3_A_C.pdb	../../Binding_Affinity/data/chain/3BK3_C.pdb	C	1	0.7134146341463414	0.9085365853658537
52	../../Binding_Affinity/data/complexes/3BK3_A_C.pdb	../../Binding_Affinity/data/chain/3BK3_C.pdb	C	1	0.7134146341463414	0.9085365853658537
53	../../Binding_Affinity/data/complexes/3BK3_A_C.pdb	../../Binding_Affinity/data/chain/3BK3_C.pdb	C	27	0.047337278106508875	0.26627218934911245
54	../../Binding_Affinity/data/complexes/3BK3_A_C.pdb	../../Binding_Affinity/data/chain/3BK3_C.pdb	C	21	0.005917159763313609	0.5088757396449705
55	../../Binding_Affinity/data/complexes/3BK3_A_C.pdb	../../Binding_Affinity/data/chain/3BK3_C.pdb	C	21	0.005917159763313609	0.5088757396449705
56	../../Binding_Affinity/data/complexes/3BK3_A_C.pdb	../../Binding_Affinity/data/chain/3BK3_C.pdb	C	36	0.02830188679245283	0.24528301886792453
57	../../Binding_Affinity/data/complexes/3BK3_A_C.pdb	../../Binding_Affinity/data/chain/3BK3_C.pdb	C	27	0.047337278106508875	0.26627218934911245
58	../../Binding_Affinity/data/complexes/5F4E_A_B.pdb	../../Binding_Affinity/data/chain/5F4E_B.pdb	B	163	0.33170731707317075	0.48292682926829267
59	../../Binding_Affinity/data/complexes/5F4E_A_B.pdb	../../Binding_Affinity/data/chain/5F4E_B.pdb	B	163	0.33170731707317075	0.48292682926829267
60	../../Binding_Affinity/data/complexes/5F4E_A_B.pdb	../../Binding_Affinity/data/chain/5F4E_B.pdb	B	81	0.054878048780487805	0.8475609756097561
61	../../Binding_Affinity/data/complexes/5F4E_A_B.pdb	../../Binding_Affinity/data/chain/5F4E_B.pdb	B	62	0.1145374449339207	0.5550660792951542
62	../../Binding_Affinity/data/complexes/5F4E_A_B.pdb	../../Binding_Affinity/data/chain/5F4E_B.pdb	B	45	0.10101010101010101	0.5303030303030303
63	../../Binding_Affinity/data/complexes/5F4E_A_B.pdb	../../Binding_Affinity/data/chain/5F4E_B.pdb	B	45	0.10101010101010101	0.5303030303030303
64	../../Binding_Affinity/data/complexes/5F4E_A_B.pdb	../../Binding_Affinity/data/chain/5F4E_A.pdb	A	160	0.10483870967741936	0.7016129032258065
65	../../Binding_Affinity/data/complexes/5F4E_A_B.pdb	../../Binding_Affinity/data/chain/5F4E_A.pdb	A	160	0.10483870967741936	0.7016129032258065
66	../../Binding_Affinity/data/complexes/5F4E_A_B.pdb	../../Binding_Affinity/data/chain/5F4E_A.pdb	A	157	0.03260869565217391	0.33152173913043476
67	../../Binding_Affinity/data/complexes/5F4E_A_B.pdb	../../Binding_Affinity/data/chain/5F4E_A.pdb	A	130	0.05154639175257732	0.05154639175257732
68	../../Binding_Affinity/data/complexes/5F4E_A_B.pdb	../../Binding_Affinity/data/chain/5F4E_A.pdb	A	72	0.44171779141104295	0.44171779141104295
69	../../Binding_Affinity/data/complexes/5F4E_A_B.pdb	../../Binding_Affinity/data/chain/5F4E_A.pdb	A	71	0.5404040404040404	0.7323232323232324
70	../../Binding_Affinity/data/complexes/5F4E_A_B.pdb	../../Binding_Affinity/data/chain/5F4E_A.pdb	A	71	0.5404040404040404	0.7323232323232324
71	../../Binding_Affinity/data/complexes/1KNE_A_P.pdb	../../Binding_Affinity/data/chain/1KNE_P.pdb	P	6	0.2746478873239437	0.8802816901408451
72	../../Binding_Affinity/data/complexes/1KNE_A_P.pdb	../../Binding_Affinity/data/chain/1KNE_P.pdb	P	6	0.2746478873239437	0.8802816901408451
73	../../Binding_Affinity/data/complexes/1KNE_A_P.pdb	../../Binding_Affinity/data/chain/1KNE_P.pdb	P	6	0.2746478873239437	0.8802816901408451
74	../../Binding_Affinity/data/complexes/1KNE_A_P.pdb	../../Binding_Affinity/data/chain/1KNE_P.pdb	P	6	0.2746478873239437	0.8802816901408451
75	../../Binding_Affinity/data/complexes/1KNE_A_P.pdb	../../Binding_Affinity/data/chain/1KNE_A.pdb	A	62	0.6687116564417178	1.0061349693251533
76	../../Binding_Affinity/data/complexes/1KNE_A_P.pdb	../../Binding_Affinity/data/chain/1KNE_A.pdb	A	25	0.3018867924528302	0.46226415094339623
77	../../Binding_Affinity/data/complexes/1KNE_A_P.pdb	../../Binding_Affinity/data/chain/1KNE_A.pdb	A	25	0.3018867924528302	0.46226415094339623
78	../../Binding_Affinity/data/complexes/1KNE_A_P.pdb	../../Binding_Affinity/data/chain/1KNE_A.pdb	A	25	0.3018867924528302	0.46226415094339623
79	../../Binding_Affinity/data/complexes/1KNE_A_P.pdb	../../Binding_Affinity/data/chain/1KNE_A.pdb	A	25	0.3018867924528302	0.46226415094339623
80	../../Binding_Affinity/data/complexes/1KNE_A_P.pdb	../../Binding_Affinity/data/chain/1KNE_A.pdb	A	46	0.6146341463414634	0.6146341463414634
81	../../Binding_Affinity/data/complexes/1KNE_A_P.pdb	../../Binding_Affinity/data/chain/1KNE_A.pdb	A	62	0.6687116564417178	1.0061349693251533
82	../../Binding_Affinity/data/complexes/1KNE_A_P.pdb	../../Binding_Affinity/data/chain/1KNE_A.pdb	A	62	0.6687116564417178	1.0061349693251533
83	../../Binding_Affinity/data/complexes/1KNE_A_P.pdb	../../Binding_Affinity/data/chain/1KNE_A.pdb	A	62	0.6687116564417178	1.0061349693251533
84	../../Binding_Affinity/data/complexes/1F47_A_B.pdb	../../Binding_Affinity/data/chain/1F47_A.pdb	A	7	0.3496932515337423	0.4662576687116564
85	../../Binding_Affinity/data/complexes/1F47_A_B.pdb	../../Binding_Affinity/data/chain/1F47_A.pdb	A	7	0.3496932515337423	0.4662576687116564
86	../../Binding_Affinity/data/complexes/1F47_A_B.pdb	../../Binding_Affinity/data/chain/1F47_A.pdb	A	15	0.37628865979381443	0.7061855670103093
87	../../Binding_Affinity/data/complexes/1F47_A_B.pdb	../../Binding_Affinity/data/chain/1F47_A.pdb	A	14	0.7170731707317073	0.7170731707317073
88	../../Binding_Affinity/data/complexes/1F47_A_B.pdb	../../Binding_Affinity/data/chain/1F47_A.pdb	A	12	0.10365853658536585	0.5
89	../../Binding_Affinity/data/complexes/1F47_A_B.pdb	../../Binding_Affinity/data/chain/1F47_A.pdb	A	11	0.08629441624365482	0.5583756345177665
90	../../Binding_Affinity/data/complexes/1F47_A_B.pdb	../../Binding_Affinity/data/chain/1F47_A.pdb	A	9	0.5073529411764706	0.5294117647058824
91	../../Binding_Affinity/data/complexes/1F47_A_B.pdb	../../Binding_Affinity/data/chain/1F47_A.pdb	A	8	0.05325443786982249	0.5443786982248521
92	../../Binding_Affinity/data/complexes/1F47_A_B.pdb	../../Binding_Affinity/data/chain/1F47_A.pdb	A	7	0.3496932515337423	0.4662576687116564
93	../../Binding_Affinity/data/complexes/1F47_A_B.pdb	../../Binding_Affinity/data/chain/1F47_A.pdb	A	6	0.16463414634146342	0.7378048780487805
94	../../Binding_Affinity/data/complexes/1F47_A_B.pdb	../../Binding_Affinity/data/chain/1F47_A.pdb	A	5	0.31981981981981983	0.8108108108108109
95	../../Binding_Affinity/data/complexes/1F47_A_B.pdb	../../Binding_Affinity/data/chain/1F47_A.pdb	A	4	0.656441717791411	1.0368098159509203
96	../../Binding_Affinity/data/complexes/5CXB_A_B.pdb	../../Binding_Affinity/data/chain/5CXB_B.pdb	B	488	0.3028169014084507	0.4225352112676056
97	../../Binding_Affinity/data/complexes/5CXB_A_B.pdb	../../Binding_Affinity/data/chain/5CXB_B.pdb	B	486	0.1693548387096774	0.7056451612903226
98	../../Binding_Affinity/data/complexes/5CXB_A_B.pdb	../../Binding_Affinity/data/chain/5CXB_B.pdb	B	486	0.1693548387096774	0.7056451612903226
99	../../Binding_Affinity/data/complexes/5CXB_A_B.pdb	../../Binding_Affinity/data/chain/5CXB_B.pdb	B	484	0.09154929577464789	0.5845070422535211
100	../../Binding_Affinity/data/complexes/5CXB_A_B.pdb	../../Binding_Affinity/data/chain/5CXB_B.pdb	B	481	0.1414141414141414	0.4797979797979798
101	../../Binding_Affinity/data/complexes/3NVN_B_A.pdb	../../Binding_Affinity/data/chain/3NVN_A.pdb	A	207	0.0	0.18548387096774194
102	../../Binding_Affinity/data/complexes/5CYK_A_B.pdb	../../Binding_Affinity/data/chain/5CYK_B.pdb	B	486	0.15151515151515152	0.6060606060606061
103	../../Binding_Affinity/data/complexes/5CYK_A_B.pdb	../../Binding_Affinity/data/chain/5CYK_B.pdb	B	486	0.15151515151515152	0.6060606060606061
104	../../Binding_Affinity/data/complexes/3NVN_B_A.pdb	../../Binding_Affinity/data/chain/3NVN_B.pdb	B	222	0.05241935483870968	0.20967741935483872
105	../../Binding_Affinity/data/complexes/3NVQ_B_A.pdb	../../Binding_Affinity/data/chain/3NVQ_A.pdb	A	204	0.016129032258064516	0.08870967741935484
106	../../Binding_Affinity/data/complexes/3NVQ_B_A.pdb	../../Binding_Affinity/data/chain/3NVQ_A.pdb	A	202	0.05241935483870968	0.1532258064516129
107	../../Binding_Affinity/data/complexes/3Q8D_A_E.pdb	../../Binding_Affinity/data/chain/3Q8D_A.pdb	A	13	0.6451612903225806	0.6451612903225806
108	../../Binding_Affinity/data/complexes/3Q8D_A_E.pdb	../../Binding_Affinity/data/chain/3Q8D_A.pdb	A	98	0.3024193548387097	0.3024193548387097
109	../../Binding_Affinity/data/complexes/3Q8D_A_E.pdb	../../Binding_Affinity/data/chain/3Q8D_A.pdb	A	132	0.0	0.06451612903225806
110	../../Binding_Affinity/data/complexes/3Q8D_A_E.pdb	../../Binding_Affinity/data/chain/3Q8D_A.pdb	A	229	0.6733870967741935	0.6733870967741935
111	../../Binding_Affinity/data/complexes/3Q8D_A_E.pdb	../../Binding_Affinity/data/chain/3Q8D_A.pdb	A	229	0.6733870967741935	0.6733870967741935
112	../../Binding_Affinity/data/complexes/3Q8D_A_E.pdb	../../Binding_Affinity/data/chain/3Q8D_A.pdb	A	228	0.15228426395939088	0.41116751269035534
113	../../Binding_Affinity/data/complexes/3Q8D_A_E.pdb	../../Binding_Affinity/data/chain/3Q8D_A.pdb	A	228	0.15228426395939088	0.41116751269035534
114	../../Binding_Affinity/data/complexes/3Q8D_A_E.pdb	../../Binding_Affinity/data/chain/3Q8D_A.pdb	A	210	0.31451612903225806	0.4475806451612903
115	../../Binding_Affinity/data/complexes/3Q8D_A_E.pdb	../../Binding_Affinity/data/chain/3Q8D_A.pdb	A	210	0.31451612903225806	0.4475806451612903
116	../../Binding_Affinity/data/complexes/3Q8D_A_E.pdb	../../Binding_Affinity/data/chain/3Q8D_A.pdb	A	203	0.6290322580645161	0.6290322580645161
117	../../Binding_Affinity/data/complexes/3Q8D_A_E.pdb	../../Binding_Affinity/data/chain/3Q8D_A.pdb	A	203	0.6290322580645161	0.6290322580645161
118	../../Binding_Affinity/data/complexes/4NZW_A_B.pdb	../../Binding_Affinity/data/chain/4NZW_B.pdb	B	134	0.2676767676767677	0.42424242424242425
119	../../Binding_Affinity/data/complexes/4NZW_A_B.pdb	../../Binding_Affinity/data/chain/4NZW_B.pdb	B	59	0.5606060606060606	0.7373737373737373
120	../../Binding_Affinity/data/complexes/4FZA_A_B.pdb	../../Binding_Affinity/data/chain/4FZA_A.pdb	A	227	0.024193548387096774	0.34274193548387094
121	../../Binding_Affinity/data/complexes/4FZA_A_B.pdb	../../Binding_Affinity/data/chain/4FZA_A.pdb	A	223	0.02252252252252252	0.3738738738738739
122	../../Binding_Affinity/data/complexes/4FZA_A_B.pdb	../../Binding_Affinity/data/chain/4FZA_A.pdb	A	178	0.08629441624365482	0.5888324873096447
123	../../Binding_Affinity/data/complexes/4FZA_A_B.pdb	../../Binding_Affinity/data/chain/4FZA_B.pdb	B	138	0.21717171717171718	0.32323232323232326
124	../../Binding_Affinity/data/complexes/4O27_A_B.pdb	../../Binding_Affinity/data/chain/4O27_B.pdb	B	138	0.23232323232323232	0.3181818181818182
125	../../Binding_Affinity/data/complexes/4O27_A_B.pdb	../../Binding_Affinity/data/chain/4O27_B.pdb	B	58	0.1414141414141414	0.6666666666666666
126	../../Binding_Affinity/data/complexes/4NZW_A_B.pdb	../../Binding_Affinity/data/chain/4NZW_A.pdb	A	96	0.15609756097560976	0.4195121951219512
127	../../Binding_Affinity/data/complexes/4O27_A_B.pdb	../../Binding_Affinity/data/chain/4O27_A.pdb	A	96	0.14634146341463414	0.22926829268292684
128	../../Binding_Affinity/data/complexes/4O27_A_B.pdb	../../Binding_Affinity/data/chain/4O27_A.pdb	A	223	0.10810810810810811	0.5225225225225225
129	../../Binding_Affinity/data/complexes/3AAA_AB_C.pdb	../../Binding_Affinity/data/chain/3AAA_C.pdb	C	78	0.16666666666666666	0.5252525252525253
130	../../Binding_Affinity/data/complexes/3AAA_AB_C.pdb	../../Binding_Affinity/data/chain/3AAA_C.pdb	C	78	0.16666666666666666	0.5252525252525253
131	../../Binding_Affinity/data/complexes/3AAA_AB_C.pdb	../../Binding_Affinity/data/chain/3AAA_C.pdb	C	44	0.018404907975460124	0.26380368098159507
132	../../Binding_Affinity/data/complexes/3AAA_AB_C.pdb	../../Binding_Affinity/data/chain/3AAA_C.pdb	C	8	0.039647577092511016	0.801762114537445
133	../../Binding_Affinity/data/complexes/3AAA_AB_C.pdb	../../Binding_Affinity/data/chain/3AAA_A.pdb	A	266	0.4032258064516129	0.7137096774193549
134	../../Binding_Affinity/data/complexes/3AAA_AB_C.pdb	../../Binding_Affinity/data/chain/3AAA_A.pdb	A	266	0.4032258064516129	0.7137096774193549
135	../../Binding_Affinity/data/complexes/3AAA_AB_C.pdb	../../Binding_Affinity/data/chain/3AAA_A.pdb	A	260	0.012096774193548387	0.3790322580645161
136	../../Binding_Affinity/data/complexes/3AAA_AB_C.pdb	../../Binding_Affinity/data/chain/3AAA_A.pdb	A	260	0.012096774193548387	0.3790322580645161
137	../../Binding_Affinity/data/complexes/3AAA_AB_C.pdb	../../Binding_Affinity/data/chain/3AAA_A.pdb	A	256	0.1073170731707317	0.5073170731707317
138	../../Binding_Affinity/data/complexes/3AAA_AB_C.pdb	../../Binding_Affinity/data/chain/3AAA_A.pdb	A	256	0.1073170731707317	0.5073170731707317
139	../../Binding_Affinity/data/complexes/2SIC_E_I.pdb	../../Binding_Affinity/data/chain/2SIC_I.pdb	I	73	0.0425531914893617	0.8457446808510638
140	../../Binding_Affinity/data/complexes/2SIC_E_I.pdb	../../Binding_Affinity/data/chain/2SIC_I.pdb	I	73	0.0425531914893617	0.8457446808510638
141	../../Binding_Affinity/data/complexes/2SIC_E_I.pdb	../../Binding_Affinity/data/chain/2SIC_I.pdb	I	73	0.0425531914893617	0.8457446808510638
142	../../Binding_Affinity/data/complexes/2SIC_E_I.pdb	../../Binding_Affinity/data/chain/2SIC_I.pdb	I	73	0.0425531914893617	0.8457446808510638
143	../../Binding_Affinity/data/complexes/2SIC_E_I.pdb	../../Binding_Affinity/data/chain/2SIC_I.pdb	I	73	0.0425531914893617	0.8457446808510638
144	../../Binding_Affinity/data/complexes/2SIC_E_I.pdb	../../Binding_Affinity/data/chain/2SIC_I.pdb	I	73	0.0425531914893617	0.8457446808510638
145	../../Binding_Affinity/data/complexes/2SIC_E_I.pdb	../../Binding_Affinity/data/chain/2SIC_I.pdb	I	73	0.0425531914893617	0.8457446808510638
146	../../Binding_Affinity/data/complexes/2SIC_E_I.pdb	../../Binding_Affinity/data/chain/2SIC_I.pdb	I	73	0.0425531914893617	0.8457446808510638
147	../../Binding_Affinity/data/complexes/2SIC_E_I.pdb	../../Binding_Affinity/data/chain/2SIC_I.pdb	I	73	0.0425531914893617	0.8457446808510638
148	../../Binding_Affinity/data/complexes/2SIC_E_I.pdb	../../Binding_Affinity/data/chain/2SIC_I.pdb	I	73	0.0425531914893617	0.8457446808510638
149	../../Binding_Affinity/data/complexes/4NM8_ABCDEF_HL.pdb	../../Binding_Affinity/data/chain/4NM8_B.pdb	B	32	0.2112676056338028	0.704225352112676
150	../../Binding_Affinity/data/complexes/4NM8_ABCDEF_HL.pdb	../../Binding_Affinity/data/chain/4NM8_B.pdb	B	32	0.2112676056338028	0.704225352112676
151	../../Binding_Affinity/data/complexes/4NM8_ABCDEF_HL.pdb	../../Binding_Affinity/data/chain/4NM8_B.pdb	B	32	0.2112676056338028	0.704225352112676
152	../../Binding_Affinity/data/complexes/4NM8_ABCDEF_HL.pdb	../../Binding_Affinity/data/chain/4NM8_B.pdb	B	25	0.16532258064516128	0.4879032258064516
153	../../Binding_Affinity/data/complexes/4NM8_ABCDEF_HL.pdb	../../Binding_Affinity/data/chain/4NM8_B.pdb	B	19	0.03680981595092025	0.7116564417177914
154	../../Binding_Affinity/data/complexes/4NM8_ABCDEF_HL.pdb	../../Binding_Affinity/data/chain/4NM8_B.pdb	B	18	0.21301775147928995	0.893491124260355
155	../../Binding_Affinity/data/complexes/4NM8_ABCDEF_HL.pdb	../../Binding_Affinity/data/chain/4NM8_B.pdb	B	38	0.4146341463414634	0.8109756097560976
156	../../Binding_Affinity/data/complexes/4NM8_ABCDEF_HL.pdb	../../Binding_Affinity/data/chain/4NM8_B.pdb	B	34	0.10309278350515463	0.4072164948453608
157	../../Binding_Affinity/data/complexes/4NM8_ABCDEF_HL.pdb	../../Binding_Affinity/data/chain/4NM8_B.pdb	B	34	0.10309278350515463	0.4072164948453608
158	../../Binding_Affinity/data/complexes/4WND_A_B.pdb	../../Binding_Affinity/data/chain/4WND_A.pdb	A	283	0.03821656050955414	0.3885350318471338
159	../../Binding_Affinity/data/complexes/4WND_A_B.pdb	../../Binding_Affinity/data/chain/4WND_A.pdb	A	221	0.028225806451612902	0.04838709677419355
160	../../Binding_Affinity/data/complexes/4G2V_A_B.pdb	../../Binding_Affinity/data/chain/4G2V_A.pdb	A	283	0.35668789808917195	0.35668789808917195
161	../../Binding_Affinity/data/complexes/4G2V_A_B.pdb	../../Binding_Affinity/data/chain/4G2V_A.pdb	A	221	0.06048387096774194	0.10080645161290322
162	../../Binding_Affinity/data/complexes/3SF4_A_D.pdb	../../Binding_Affinity/data/chain/3SF4_A.pdb	A	221	0.05241935483870968	0.0846774193548387
163	../../Binding_Affinity/data/complexes/3SF4_A_D.pdb	../../Binding_Affinity/data/chain/3SF4_A.pdb	A	283	0.0	0.4267515923566879
164	../../Binding_Affinity/data/complexes/3SF4_A_D.pdb	../../Binding_Affinity/data/chain/3SF4_D.pdb	D	50	0.08780487804878048	0.9707317073170731
165	../../Binding_Affinity/data/complexes/3SF4_A_D.pdb	../../Binding_Affinity/data/chain/3SF4_D.pdb	D	42	0.0707070707070707	0.8434343434343434
166	../../Binding_Affinity/data/complexes/3SF4_A_D.pdb	../../Binding_Affinity/data/chain/3SF4_D.pdb	D	31	0.05286343612334802	0.6387665198237885
167	../../Binding_Affinity/data/complexes/1GCQ_AB_C.pdb	../../Binding_Affinity/data/chain/1GCQ_C.pdb	C	611	0.023809523809523808	0.9880952380952381
168	../../Binding_Affinity/data/complexes/1GCQ_AB_C.pdb	../../Binding_Affinity/data/chain/1GCQ_C.pdb	C	609	0.04411764705882353	0.058823529411764705
169	../../Binding_Affinity/data/complexes/1GCQ_AB_C.pdb	../../Binding_Affinity/data/chain/1GCQ_C.pdb	C	608	0.18382352941176472	0.5955882352941176
170	../../Binding_Affinity/data/complexes/1GCQ_AB_C.pdb	../../Binding_Affinity/data/chain/1GCQ_C.pdb	C	657	0.0661764705882353	0.5882352941176471
171	../../Binding_Affinity/data/complexes/1GCQ_AB_C.pdb	../../Binding_Affinity/data/chain/1GCQ_C.pdb	C	637	0.0	0.18061674008810572
172	../../Binding_Affinity/data/complexes/1GCQ_AB_C.pdb	../../Binding_Affinity/data/chain/1GCQ_C.pdb	C	632	0.02830188679245283	0.8584905660377359
173	../../Binding_Affinity/data/complexes/1GCQ_AB_C.pdb	../../Binding_Affinity/data/chain/1GCQ_C.pdb	C	595	0.0	0.49264705882352944
174	../../Binding_Affinity/data/complexes/1EFN_A_B.pdb	../../Binding_Affinity/data/chain/1EFN_A.pdb	A	97	0.19014084507042253	0.3732394366197183
175	../../Binding_Affinity/data/complexes/1EFN_A_B.pdb	../../Binding_Affinity/data/chain/1EFN_A.pdb	A	96	0.05325443786982249	0.9408284023668639
176	../../Binding_Affinity/data/complexes/1MAH_A_F.pdb	../../Binding_Affinity/data/chain/1MAH_A.pdb	A	286	0.00881057268722467	0.3700440528634361
177	../../Binding_Affinity/data/complexes/1MAH_A_F.pdb	../../Binding_Affinity/data/chain/1MAH_A.pdb	A	72	0.013513513513513514	0.3063063063063063
178	../../Binding_Affinity/data/complexes/1MAH_A_F.pdb	../../Binding_Affinity/data/chain/1MAH_A.pdb	A	124	0.15315315315315314	0.19369369369369369
179	../../Binding_Affinity/data/complexes/1MAH_A_F.pdb	../../Binding_Affinity/data/chain/1MAH_A.pdb	A	74	0.08588957055214724	0.11042944785276074
180	../../Binding_Affinity/data/complexes/1MAH_A_F.pdb	../../Binding_Affinity/data/chain/1MAH_A.pdb	A	337	0.13063063063063063	0.13063063063063063
181	../../Binding_Affinity/data/complexes/1MAH_A_F.pdb	../../Binding_Affinity/data/chain/1MAH_A.pdb	A	338	0.1065989847715736	0.1065989847715736
182	../../Binding_Affinity/data/complexes/1MAH_A_F.pdb	../../Binding_Affinity/data/chain/1MAH_A.pdb	A	297	0.07614213197969544	0.08121827411167512
183	../../Binding_Affinity/data/complexes/1MAH_A_F.pdb	../../Binding_Affinity/data/chain/1MAH_A.pdb	A	297	0.07614213197969544	0.08121827411167512
184	../../Binding_Affinity/data/complexes/1MAH_A_F.pdb	../../Binding_Affinity/data/chain/1MAH_A.pdb	A	295	0.02030456852791878	0.030456852791878174
185	../../Binding_Affinity/data/complexes/2J12_A_B.pdb	../../Binding_Affinity/data/chain/2J12_A.pdb	A	299	0.6153846153846154	0.6153846153846154
186	../../Binding_Affinity/data/complexes/1KAC_A_B.pdb	../../Binding_Affinity/data/chain/1KAC_A.pdb	A	489	0.26153846153846155	0.4307692307692308
187	../../Binding_Affinity/data/complexes/1KAC_A_B.pdb	../../Binding_Affinity/data/chain/1KAC_A.pdb	A	417	0.11029411764705882	0.6397058823529411
188	../../Binding_Affinity/data/complexes/2J1K_C_T.pdb	../../Binding_Affinity/data/chain/2J1K_C.pdb	C	384	0.12096774193548387	0.3346774193548387
189	../../Binding_Affinity/data/complexes/2J1K_C_T.pdb	../../Binding_Affinity/data/chain/2J1K_C.pdb	C	370	0.5	0.9047619047619048
190	../../Binding_Affinity/data/complexes/2J1K_C_T.pdb	../../Binding_Affinity/data/chain/2J1K_C.pdb	C	515	0.3024193548387097	0.3024193548387097
191	../../Binding_Affinity/data/complexes/1P6A_A_B.pdb	../../Binding_Affinity/data/chain/1P6A_A.pdb	A	489	0.0945945945945946	0.6486486486486487
192	../../Binding_Affinity/data/complexes/1P69_A_B.pdb	../../Binding_Affinity/data/chain/1P69_A.pdb	A	417	0.038461538461538464	0.6461538461538462
193	../../Binding_Affinity/data/complexes/4CVW_A_C.pdb	../../Binding_Affinity/data/chain/4CVW_A.pdb	A	730	0.12269938650306748	0.8588957055214724
194	../../Binding_Affinity/data/complexes/4CVW_A_C.pdb	../../Binding_Affinity/data/chain/4CVW_A.pdb	A	730	0.12269938650306748	0.8588957055214724
195	../../Binding_Affinity/data/complexes/4CVW_A_C.pdb	../../Binding_Affinity/data/chain/4CVW_C.pdb	C	42	0.02112676056338028	0.18309859154929578
196	../../Binding_Affinity/data/complexes/4CVW_A_C.pdb	../../Binding_Affinity/data/chain/4CVW_C.pdb	C	41	0.16463414634146342	0.7134146341463414
197	../../Binding_Affinity/data/complexes/4CVW_A_C.pdb	../../Binding_Affinity/data/chain/4CVW_C.pdb	C	41	0.16463414634146342	0.7134146341463414
198	../../Binding_Affinity/data/complexes/4CVW_A_C.pdb	../../Binding_Affinity/data/chain/4CVW_C.pdb	C	38	0.125	0.7580645161290323
199	../../Binding_Affinity/data/complexes/4CVW_A_C.pdb	../../Binding_Affinity/data/chain/4CVW_C.pdb	C	38	0.125	0.7580645161290323
200	../../Binding_Affinity/data/complexes/4CVW_A_C.pdb	../../Binding_Affinity/data/chain/4CVW_C.pdb	C	34	0.08064516129032258	0.4112903225806452
201	../../Binding_Affinity/data/complexes/2DSQ_I_G.pdb	../../Binding_Affinity/data/chain/2DSQ_I.pdb	I	56	0.13709677419354838	0.13709677419354838
202	../../Binding_Affinity/data/complexes/2DSQ_I_G.pdb	../../Binding_Affinity/data/chain/2DSQ_I.pdb	I	55	0.6532258064516129	0.6532258064516129
203	../../Binding_Affinity/data/complexes/2DSQ_I_G.pdb	../../Binding_Affinity/data/chain/2DSQ_I.pdb	I	50	0.6854838709677419	0.6854838709677419
204	../../Binding_Affinity/data/complexes/2DSQ_I_G.pdb	../../Binding_Affinity/data/chain/2DSQ_I.pdb	I	21	0.33064516129032256	0.33064516129032256
205	../../Binding_Affinity/data/complexes/1WQJ_I_B.pdb	../../Binding_Affinity/data/chain/1WQJ_I.pdb	I	56	0.1774193548387097	0.1774193548387097
206	../../Binding_Affinity/data/complexes/1WQJ_I_B.pdb	../../Binding_Affinity/data/chain/1WQJ_I.pdb	I	55	0.5282258064516129	0.5282258064516129
207	../../Binding_Affinity/data/complexes/1WQJ_I_B.pdb	../../Binding_Affinity/data/chain/1WQJ_I.pdb	I	50	0.43951612903225806	0.43951612903225806
208	../../Binding_Affinity/data/complexes/1WQJ_I_B.pdb	../../Binding_Affinity/data/chain/1WQJ_I.pdb	I	21	0.36693548387096775	0.4153225806451613
209	../../Binding_Affinity/data/complexes/2HLE_A_B.pdb	../../Binding_Affinity/data/chain/2HLE_A.pdb	A	95	0.006097560975609756	0.0975609756097561
210	../../Binding_Affinity/data/complexes/2HLE_A_B.pdb	../../Binding_Affinity/data/chain/2HLE_A.pdb	A	149	0.0975609756097561	0.5951219512195122
211	../../Binding_Affinity/data/complexes/4L0P_A_B.pdb	../../Binding_Affinity/data/chain/4L0P_A.pdb	A	102	0.0	0.14788732394366197
212	../../Binding_Affinity/data/complexes/4L0P_A_B.pdb	../../Binding_Affinity/data/chain/4L0P_A.pdb	A	85	0.2356687898089172	0.2356687898089172
213	../../Binding_Affinity/data/complexes/4L0P_A_B.pdb	../../Binding_Affinity/data/chain/4L0P_A.pdb	A	53	0.07575757575757576	0.4090909090909091
214	../../Binding_Affinity/data/complexes/4L0P_A_B.pdb	../../Binding_Affinity/data/chain/4L0P_A.pdb	A	46	0.27692307692307694	0.27692307692307694
215	../../Binding_Affinity/data/complexes/4L0P_A_B.pdb	../../Binding_Affinity/data/chain/4L0P_A.pdb	A	37	0.43661971830985913	0.43661971830985913
216	../../Binding_Affinity/data/complexes/4L0P_A_B.pdb	../../Binding_Affinity/data/chain/4L0P_A.pdb	A	166	0.4507042253521127	0.4507042253521127
217	../../Binding_Affinity/data/complexes/5TAR_A_B.pdb	../../Binding_Affinity/data/chain/5TAR_B.pdb	B	133	0.03553299492385787	0.03553299492385787
218	../../Binding_Affinity/data/complexes/5TAR_A_B.pdb	../../Binding_Affinity/data/chain/5TAR_B.pdb	B	129	0.17751479289940827	0.17751479289940827
219	../../Binding_Affinity/data/complexes/5TAR_A_B.pdb	../../Binding_Affinity/data/chain/5TAR_B.pdb	B	116	0.4948453608247423	0.6597938144329897
220	../../Binding_Affinity/data/complexes/5TAR_A_B.pdb	../../Binding_Affinity/data/chain/5TAR_B.pdb	B	90	0.14096916299559473	0.41409691629955947
221	../../Binding_Affinity/data/complexes/5TAR_A_B.pdb	../../Binding_Affinity/data/chain/5TAR_B.pdb	B	88	0.08585858585858586	0.3939393939393939
222	../../Binding_Affinity/data/complexes/5TAR_A_B.pdb	../../Binding_Affinity/data/chain/5TAR_B.pdb	B	32	0.16299559471365638	0.16299559471365638
223	../../Binding_Affinity/data/complexes/5TAR_A_B.pdb	../../Binding_Affinity/data/chain/5TAR_B.pdb	B	20	0.18617021276595744	0.18617021276595744
224	../../Binding_Affinity/data/complexes/5TAR_A_B.pdb	../../Binding_Affinity/data/chain/5TAR_B.pdb	B	15	0.10152284263959391	0.10152284263959391
225	../../Binding_Affinity/data/complexes/4JPK_HL_A.pdb	../../Binding_Affinity/data/chain/4JPK_A.pdb	A	63	0.01015228426395939	0.01015228426395939
226	../../Binding_Affinity/data/complexes/4JPK_HL_A.pdb	../../Binding_Affinity/data/chain/4JPK_A.pdb	A	41	0.1	0.1
227	../../Binding_Affinity/data/complexes/4JPK_HL_A.pdb	../../Binding_Affinity/data/chain/4JPK_A.pdb	A	30	0.528169014084507	0.9929577464788732
228	../../Binding_Affinity/data/complexes/4JPK_HL_A.pdb	../../Binding_Affinity/data/chain/4JPK_A.pdb	A	141	0.294478527607362	0.6809815950920245
229	../../Binding_Affinity/data/complexes/4JPK_HL_A.pdb	../../Binding_Affinity/data/chain/4JPK_A.pdb	A	35	0.09859154929577464	0.1056338028169014
230	../../Binding_Affinity/data/complexes/4JPK_HL_A.pdb	../../Binding_Affinity/data/chain/4JPK_A.pdb	A	144	0.1319796954314721	0.25380710659898476
231	../../Binding_Affinity/data/complexes/4JPK_HL_A.pdb	../../Binding_Affinity/data/chain/4JPK_A.pdb	A	130	0.6169354838709677	0.6169354838709677
232	../../Binding_Affinity/data/complexes/4JPK_HL_A.pdb	../../Binding_Affinity/data/chain/4JPK_A.pdb	A	81	0.3548387096774194	0.8951612903225806
233	../../Binding_Affinity/data/complexes/4CPA_A_I.pdb	../../Binding_Affinity/data/chain/4CPA_I.pdb	I	38	0.028169014084507043	1.204225352112676
234	../../Binding_Affinity/data/complexes/4CPA_A_I.pdb	../../Binding_Affinity/data/chain/4CPA_I.pdb	I	38	0.028169014084507043	1.204225352112676
235	../../Binding_Affinity/data/complexes/4CPA_A_I.pdb	../../Binding_Affinity/data/chain/4CPA_I.pdb	I	38	0.028169014084507043	1.204225352112676
236	../../Binding_Affinity/data/complexes/4CPA_A_I.pdb	../../Binding_Affinity/data/chain/4CPA_I.pdb	I	38	0.028169014084507043	1.204225352112676
237	../../Binding_Affinity/data/complexes/4CPA_A_I.pdb	../../Binding_Affinity/data/chain/4CPA_I.pdb	I	38	0.028169014084507043	1.204225352112676
238	../../Binding_Affinity/data/complexes/4CPA_A_I.pdb	../../Binding_Affinity/data/chain/4CPA_I.pdb	I	37	0.12162162162162163	0.6531531531531531
239	../../Binding_Affinity/data/complexes/4CPA_A_I.pdb	../../Binding_Affinity/data/chain/4CPA_I.pdb	I	37	0.12162162162162163	0.6531531531531531
240	../../Binding_Affinity/data/complexes/4CPA_A_I.pdb	../../Binding_Affinity/data/chain/4CPA_I.pdb	I	36	0.0	0.21323529411764705
241	../../Binding_Affinity/data/complexes/1FCC_A_C.pdb	../../Binding_Affinity/data/chain/1FCC_C.pdb	C	28	0.02926829268292683	0.7707317073170732
242	../../Binding_Affinity/data/complexes/1FCC_A_C.pdb	../../Binding_Affinity/data/chain/1FCC_C.pdb	C	27	0.005050505050505051	0.35353535353535354
243	../../Binding_Affinity/data/complexes/1FCC_A_C.pdb	../../Binding_Affinity/data/chain/1FCC_C.pdb	C	25	0.176056338028169	0.39436619718309857
244	../../Binding_Affinity/data/complexes/1FCC_A_C.pdb	../../Binding_Affinity/data/chain/1FCC_C.pdb	C	43	0.03524229074889868	0.28193832599118945
245	../../Binding_Affinity/data/complexes/1FCC_A_C.pdb	../../Binding_Affinity/data/chain/1FCC_C.pdb	C	42	0.5353535353535354	0.7878787878787878
246	../../Binding_Affinity/data/complexes/1FCC_A_C.pdb	../../Binding_Affinity/data/chain/1FCC_C.pdb	C	40	0.5030674846625767	0.7607361963190185
247	../../Binding_Affinity/data/complexes/1FCC_A_C.pdb	../../Binding_Affinity/data/chain/1FCC_C.pdb	C	35	0.1910828025477707	0.7133757961783439
248	../../Binding_Affinity/data/complexes/1FCC_A_C.pdb	../../Binding_Affinity/data/chain/1FCC_C.pdb	C	31	0.014634146341463415	0.3804878048780488
249	../../Binding_Affinity/data/complexes/4HFK_A_BD.pdb	../../Binding_Affinity/data/chain/4HFK_D.pdb	D	91	0.33098591549295775	1.0140845070422535
250	../../Binding_Affinity/data/complexes/4HFK_A_BD.pdb	../../Binding_Affinity/data/chain/4HFK_B.pdb	B	74	0.16161616161616163	0.6363636363636364
251	../../Binding_Affinity/data/complexes/4HFK_A_BD.pdb	../../Binding_Affinity/data/chain/4HFK_B.pdb	B	68	0.0975609756097561	0.18902439024390244
252	../../Binding_Affinity/data/complexes/4HFK_A_BD.pdb	../../Binding_Affinity/data/chain/4HFK_B.pdb	B	67	0.6624203821656051	0.8535031847133758
253	../../Binding_Affinity/data/complexes/4HFK_A_BD.pdb	../../Binding_Affinity/data/chain/4HFK_B.pdb	B	66	0.0	0.07692307692307693
254	../../Binding_Affinity/data/complexes/4HFK_A_BD.pdb	../../Binding_Affinity/data/chain/4HFK_B.pdb	B	64	0.08080808080808081	0.8333333333333334
255	../../Binding_Affinity/data/complexes/4HFK_A_BD.pdb	../../Binding_Affinity/data/chain/4HFK_B.pdb	B	63	0.042682926829268296	0.4634146341463415
256	../../Binding_Affinity/data/complexes/4HFK_A_BD.pdb	../../Binding_Affinity/data/chain/4HFK_B.pdb	B	40	0.024193548387096774	0.2540322580645161
257	../../Binding_Affinity/data/complexes/4GXU_ABCDEF_MN.pdb	../../Binding_Affinity/data/chain/4GXU_A.pdb	A	225	0.39263803680981596	0.7116564417177914
258	../../Binding_Affinity/data/complexes/4GXU_ABCDEF_MN.pdb	../../Binding_Affinity/data/chain/4GXU_A.pdb	A	190	0.0	0.4171779141104294
259	../../Binding_Affinity/data/complexes/2VIS_AB_C.pdb	../../Binding_Affinity/data/chain/2VIS_C.pdb	C	131	0.08284023668639054	0.514792899408284
260	../../Binding_Affinity/data/complexes/2VIR_AB_C.pdb	../../Binding_Affinity/data/chain/2VIR_C.pdb	C	131	0.11267605633802817	0.5070422535211268
261	../../Binding_Affinity/data/complexes/2VIR_AB_C.pdb	../../Binding_Affinity/data/chain/2VIR_C.pdb	C	157	0.0	0.4461538461538462
262	../../Binding_Affinity/data/complexes/3LZF_AB_HL.pdb	../../Binding_Affinity/data/chain/3LZF_A.pdb	A	190	0.32515337423312884	0.32515337423312884
263	../../Binding_Affinity/data/complexes/3LZF_AB_HL.pdb	../../Binding_Affinity/data/chain/3LZF_A.pdb	A	225	0.7607361963190185	0.7607361963190185
264	../../Binding_Affinity/data/complexes/3BX1_A_C.pdb	../../Binding_Affinity/data/chain/3BX1_C.pdb	C	89	0.08450704225352113	0.8873239436619719
265	../../Binding_Affinity/data/complexes/3BX1_A_C.pdb	../../Binding_Affinity/data/chain/3BX1_C.pdb	C	88	0.02112676056338028	0.2535211267605634
266	../../Binding_Affinity/data/complexes/3BX1_A_C.pdb	../../Binding_Affinity/data/chain/3BX1_C.pdb	C	87	0.0	0.9099099099099099
267	../../Binding_Affinity/data/complexes/3BX1_A_C.pdb	../../Binding_Affinity/data/chain/3BX1_C.pdb	C	87	0.0	0.9099099099099099
268	../../Binding_Affinity/data/complexes/3BX1_A_C.pdb	../../Binding_Affinity/data/chain/3BX1_C.pdb	C	86	0.0	0.11320754716981132
269	../../Binding_Affinity/data/complexes/3BX1_A_C.pdb	../../Binding_Affinity/data/chain/3BX1_C.pdb	C	85	0.06854838709677419	0.22983870967741934
270	../../Binding_Affinity/data/complexes/3BX1_A_C.pdb	../../Binding_Affinity/data/chain/3BX1_C.pdb	C	84	0.0	0.015228426395939087
271	../../Binding_Affinity/data/complexes/2O3B_A_B.pdb	../../Binding_Affinity/data/chain/2O3B_B.pdb	B	76	0.16299559471365638	0.5991189427312775
272	../../Binding_Affinity/data/complexes/2O3B_A_B.pdb	../../Binding_Affinity/data/chain/2O3B_B.pdb	B	75	0.7116564417177914	0.9570552147239264
273	../../Binding_Affinity/data/complexes/2O3B_A_B.pdb	../../Binding_Affinity/data/chain/2O3B_B.pdb	B	75	0.7116564417177914	0.9570552147239264
274	../../Binding_Affinity/data/complexes/2O3B_A_B.pdb	../../Binding_Affinity/data/chain/2O3B_B.pdb	B	74	0.25257731958762886	0.3711340206185567
275	../../Binding_Affinity/data/complexes/2O3B_A_B.pdb	../../Binding_Affinity/data/chain/2O3B_B.pdb	B	24	0.0	0.5454545454545454
276	../../Binding_Affinity/data/complexes/2O3B_A_B.pdb	../../Binding_Affinity/data/chain/2O3B_B.pdb	B	24	0.0	0.5454545454545454
277	../../Binding_Affinity/data/complexes/2O3B_A_B.pdb	../../Binding_Affinity/data/chain/2O3B_B.pdb	B	24	0.0	0.5454545454545454
278	../../Binding_Affinity/data/complexes/5E6P_A_B.pdb	../../Binding_Affinity/data/chain/5E6P_B.pdb	B	88	0.08870967741935484	0.3629032258064516
279	../../Binding_Affinity/data/complexes/5E6P_A_B.pdb	../../Binding_Affinity/data/chain/5E6P_B.pdb	B	88	0.08870967741935484	0.3629032258064516
280	../../Binding_Affinity/data/complexes/5E6P_A_B.pdb	../../Binding_Affinity/data/chain/5E6P_B.pdb	B	68	0.006097560975609756	0.3475609756097561
281	../../Binding_Affinity/data/complexes/5E6P_A_B.pdb	../../Binding_Affinity/data/chain/5E6P_B.pdb	B	66	0.07692307692307693	0.5502958579881657
282	../../Binding_Affinity/data/complexes/5E6P_A_B.pdb	../../Binding_Affinity/data/chain/5E6P_A.pdb	A	1806	0.04954954954954955	0.3153153153153153
283	../../Binding_Affinity/data/complexes/5E6P_A_B.pdb	../../Binding_Affinity/data/chain/5E6P_A.pdb	A	1833	0.02830188679245283	0.6886792452830188
284	../../Binding_Affinity/data/complexes/5E6P_A_B.pdb	../../Binding_Affinity/data/chain/5E6P_A.pdb	A	1832	0.0	0.08490566037735849
285	../../Binding_Affinity/data/complexes/3F1S_A_B.pdb	../../Binding_Affinity/data/chain/3F1S_A.pdb	A	239	0.0975609756097561	0.7073170731707317
286	../../Binding_Affinity/data/complexes/3F1S_A_B.pdb	../../Binding_Affinity/data/chain/3F1S_A.pdb	A	239	0.0975609756097561	0.7073170731707317
287	../../Binding_Affinity/data/complexes/3F1S_A_B.pdb	../../Binding_Affinity/data/chain/3F1S_A.pdb	A	238	0.12883435582822086	0.4171779141104294
288	../../Binding_Affinity/data/complexes/3F1S_A_B.pdb	../../Binding_Affinity/data/chain/3F1S_A.pdb	A	293	0.0736196319018405	0.7300613496932515
289	../../Binding_Affinity/data/complexes/3F1S_A_B.pdb	../../Binding_Affinity/data/chain/3F1S_A.pdb	A	240	0.11261261261261261	0.9819819819819819
290	../../Binding_Affinity/data/complexes/3F1S_A_B.pdb	../../Binding_Affinity/data/chain/3F1S_A.pdb	A	74	0.36809815950920244	0.7239263803680982
291	../../Binding_Affinity/data/complexes/3F1S_A_B.pdb	../../Binding_Affinity/data/chain/3F1S_A.pdb	A	71	0.06382978723404255	0.8670212765957447
292	../../Binding_Affinity/data/complexes/4X4M_AB_E.pdb	../../Binding_Affinity/data/chain/4X4M_E.pdb	E	175	0.8387096774193549	0.8387096774193549
293	../../Binding_Affinity/data/complexes/4X4M_AB_E.pdb	../../Binding_Affinity/data/chain/4X4M_E.pdb	E	174	0.717391304347826	0.7228260869565217
294	../../Binding_Affinity/data/complexes/4X4M_AB_E.pdb	../../Binding_Affinity/data/chain/4X4M_E.pdb	E	173	0.2146341463414634	0.8926829268292683
295	../../Binding_Affinity/data/complexes/4X4M_AB_E.pdb	../../Binding_Affinity/data/chain/4X4M_E.pdb	E	175	0.8387096774193549	0.8387096774193549
296	../../Binding_Affinity/data/complexes/4X4M_AB_E.pdb	../../Binding_Affinity/data/chain/4X4M_E.pdb	E	174	0.717391304347826	0.7228260869565217
297	../../Binding_Affinity/data/complexes/4X4M_AB_E.pdb	../../Binding_Affinity/data/chain/4X4M_E.pdb	E	173	0.2146341463414634	0.8926829268292683
298	../../Binding_Affinity/data/complexes/4JEU_A_B.pdb	../../Binding_Affinity/data/chain/4JEU_B.pdb	B	5	0.176056338028169	0.5633802816901409
299	../../Binding_Affinity/data/complexes/4JEU_A_B.pdb	../../Binding_Affinity/data/chain/4JEU_B.pdb	B	4	0.13306451612903225	0.717741935483871
300	../../Binding_Affinity/data/complexes/4JEU_A_B.pdb	../../Binding_Affinity/data/chain/4JEU_B.pdb	B	233	0.0	0.8284023668639053
301	../../Binding_Affinity/data/complexes/4JEU_A_B.pdb	../../Binding_Affinity/data/chain/4JEU_B.pdb	B	8	0.06707317073170732	0.7987804878048781
302	../../Binding_Affinity/data/complexes/4JEU_A_B.pdb	../../Binding_Affinity/data/chain/4JEU_A.pdb	A	39	0.16129032258064516	0.25
303	../../Binding_Affinity/data/complexes/4JEU_A_B.pdb	../../Binding_Affinity/data/chain/4JEU_A.pdb	A	171	0.34274193548387094	0.34274193548387094
304	../../Binding_Affinity/data/complexes/4RA0_A_C.pdb	../../Binding_Affinity/data/chain/4RA0_C.pdb	C	127	0.5	0.5
305	../../Binding_Affinity/data/complexes/4RA0_A_C.pdb	../../Binding_Affinity/data/chain/4RA0_C.pdb	C	92	0.0	0.16037735849056603
306	../../Binding_Affinity/data/complexes/2C5D_A_C.pdb	../../Binding_Affinity/data/chain/2C5D_C.pdb	C	127	0.23809523809523808	0.23809523809523808
307	../../Binding_Affinity/data/complexes/2C5D_A_C.pdb	../../Binding_Affinity/data/chain/2C5D_C.pdb	C	92	0.014084507042253521	0.1267605633802817
308	../../Binding_Affinity/data/complexes/2C5D_A_C.pdb	../../Binding_Affinity/data/chain/2C5D_C.pdb	C	87	0.39263803680981596	0.39263803680981596
309	../../Binding_Affinity/data/complexes/2C5D_A_C.pdb	../../Binding_Affinity/data/chain/2C5D_C.pdb	C	32	0.25	0.25
310	../../Binding_Affinity/data/complexes/3VR6_ABCDEF_GH.pdb	../../Binding_Affinity/data/chain/3VR6_G.pdb	G	169	0.03773584905660377	0.36792452830188677
311	../../Binding_Affinity/data/complexes/3VR6_ABCDEF_GH.pdb	../../Binding_Affinity/data/chain/3VR6_G.pdb	G	166	0.04032258064516129	0.5725806451612904
312	../../Binding_Affinity/data/complexes/3VR6_ABCDEF_GH.pdb	../../Binding_Affinity/data/chain/3VR6_G.pdb	G	165	0.12096774193548387	0.8024193548387096
313	../../Binding_Affinity/data/complexes/3VR6_ABCDEF_GH.pdb	../../Binding_Affinity/data/chain/3VR6_G.pdb	G	29	0.006097560975609756	0.25
314	../../Binding_Affinity/data/complexes/3VR6_ABCDEF_GH.pdb	../../Binding_Affinity/data/chain/3VR6_G.pdb	G	28	0.024390243902439025	0.43902439024390244
315	../../Binding_Affinity/data/complexes/3VR6_ABCDEF_GH.pdb	../../Binding_Affinity/data/chain/3VR6_G.pdb	G	170	0.024390243902439025	0.1951219512195122
316	../../Binding_Affinity/data/complexes/3UII_A_P.pdb	../../Binding_Affinity/data/chain/3UII_A.pdb	A	62	0.3073170731707317	0.40487804878048783
317	../../Binding_Affinity/data/complexes/3UIG_A_P.pdb	../../Binding_Affinity/data/chain/3UIG_A.pdb	A	76	0.14646464646464646	0.23232323232323232
318	../../Binding_Affinity/data/complexes/3UIG_A_P.pdb	../../Binding_Affinity/data/chain/3UIG_A.pdb	A	71	0.12269938650306748	0.1656441717791411
319	../../Binding_Affinity/data/complexes/3UIG_A_P.pdb	../../Binding_Affinity/data/chain/3UIG_A.pdb	A	65	0.08585858585858586	0.5707070707070707
320	../../Binding_Affinity/data/complexes/3UIG_A_P.pdb	../../Binding_Affinity/data/chain/3UIG_A.pdb	A	62	0.3853658536585366	0.3853658536585366
321	../../Binding_Affinity/data/complexes/3UIG_A_P.pdb	../../Binding_Affinity/data/chain/3UIG_A.pdb	A	51	0.09595959595959595	0.29292929292929293
322	../../Binding_Affinity/data/complexes/2KSO_A_B.pdb	../../Binding_Affinity/data/chain/2KSO_B.pdb	B	47	0.46195652173913043	1.0326086956521738
323	../../Binding_Affinity/data/complexes/2KSO_A_B.pdb	../../Binding_Affinity/data/chain/2KSO_A.pdb	A	56	1.0846774193548387	1.221774193548387
324	../../Binding_Affinity/data/complexes/2KSO_A_B.pdb	../../Binding_Affinity/data/chain/2KSO_A.pdb	A	62	0.3804878048780488	0.8341463414634146
325	../../Binding_Affinity/data/complexes/2KSO_A_B.pdb	../../Binding_Affinity/data/chain/2KSO_A.pdb	A	62	0.3804878048780488	0.8341463414634146
326	../../Binding_Affinity/data/complexes/2KSO_A_B.pdb	../../Binding_Affinity/data/chain/2KSO_A.pdb	A	23	0.01951219512195122	0.8975609756097561
327	../../Binding_Affinity/data/complexes/5K39_A_B.pdb	../../Binding_Affinity/data/chain/5K39_B.pdb	B	154	0.03550295857988166	0.514792899408284
328	../../Binding_Affinity/data/complexes/5K39_A_B.pdb	../../Binding_Affinity/data/chain/5K39_B.pdb	B	148	0.1319796954314721	0.649746192893401
329	../../Binding_Affinity/data/complexes/5K39_A_B.pdb	../../Binding_Affinity/data/chain/5K39_B.pdb	B	121	0.16153846153846155	0.4307692307692308
330	../../Binding_Affinity/data/complexes/5K39_A_B.pdb	../../Binding_Affinity/data/chain/5K39_B.pdb	B	118	0.42021276595744683	0.5
331	../../Binding_Affinity/data/complexes/5K39_A_B.pdb	../../Binding_Affinity/data/chain/5K39_B.pdb	B	114	0.2765957446808511	0.5319148936170213
332	../../Binding_Affinity/data/complexes/2DVW_A_B.pdb	../../Binding_Affinity/data/chain/2DVW_B.pdb	B	397	0.2048780487804878	0.5560975609756098
333	../../Binding_Affinity/data/complexes/2DVW_A_B.pdb	../../Binding_Affinity/data/chain/2DVW_B.pdb	B	342	0.14516129032258066	0.375
334	../../Binding_Affinity/data/complexes/2DVW_A_B.pdb	../../Binding_Affinity/data/chain/2DVW_A.pdb	A	182	0.025252525252525252	0.43434343434343436
335	../../Binding_Affinity/data/complexes/2DVW_A_B.pdb	../../Binding_Affinity/data/chain/2DVW_A.pdb	A	116	0.1902439024390244	0.424390243902439
336	../../Binding_Affinity/data/complexes/2DVW_A_B.pdb	../../Binding_Affinity/data/chain/2DVW_A.pdb	A	41	0.008064516129032258	0.15725806451612903
337	../../Binding_Affinity/data/complexes/1UUZ_A_D.pdb	../../Binding_Affinity/data/chain/1UUZ_A.pdb	A	62	0.3967391304347826	1.0815217391304348
338	../../Binding_Affinity/data/complexes/1UUZ_A_D.pdb	../../Binding_Affinity/data/chain/1UUZ_A.pdb	A	62	0.3967391304347826	1.0815217391304348
339	../../Binding_Affinity/data/complexes/1UUZ_A_D.pdb	../../Binding_Affinity/data/chain/1UUZ_A.pdb	A	64	0.037037037037037035	0.4
340	../../Binding_Affinity/data/complexes/1UUZ_A_D.pdb	../../Binding_Affinity/data/chain/1UUZ_A.pdb	A	62	0.3967391304347826	1.0815217391304348
341	../../Binding_Affinity/data/complexes/1UUZ_A_D.pdb	../../Binding_Affinity/data/chain/1UUZ_A.pdb	A	62	0.3967391304347826	1.0815217391304348
342	../../Binding_Affinity/data/complexes/1SMF_E_I.pdb	../../Binding_Affinity/data/chain/1SMF_I.pdb	I	11	0.0	1.0439024390243903
343	../../Binding_Affinity/data/complexes/1SMF_E_I.pdb	../../Binding_Affinity/data/chain/1SMF_I.pdb	I	13	0.20710059171597633	1.017751479289941
344	../../Binding_Affinity/data/complexes/1SMF_E_I.pdb	../../Binding_Affinity/data/chain/1SMF_I.pdb	I	10	0.02112676056338028	0.43661971830985913
345	../../Binding_Affinity/data/complexes/1SMF_E_I.pdb	../../Binding_Affinity/data/chain/1SMF_I.pdb	I	12	0.03076923076923077	0.34615384615384615
346	../../Binding_Affinity/data/complexes/1SMF_E_I.pdb	../../Binding_Affinity/data/chain/1SMF_I.pdb	I	16	0.4393939393939394	0.6717171717171717
347	../../Binding_Affinity/data/complexes/4J2L_A_CD.pdb	../../Binding_Affinity/data/chain/4J2L_A.pdb	A	686	0.024390243902439025	0.6280487804878049
348	../../Binding_Affinity/data/complexes/4J2L_A_CD.pdb	../../Binding_Affinity/data/chain/4J2L_A.pdb	A	602	0.007692307692307693	0.23076923076923078
349	../../Binding_Affinity/data/complexes/4J2L_A_CD.pdb	../../Binding_Affinity/data/chain/4J2L_A.pdb	A	591	0.0	0.035211267605633804
350	../../Binding_Affinity/data/complexes/4J2L_A_CD.pdb	../../Binding_Affinity/data/chain/4J2L_C.pdb	C	40	0.006097560975609756	0.7865853658536586
351	../../Binding_Affinity/data/complexes/4J2L_A_CD.pdb	../../Binding_Affinity/data/chain/4J2L_C.pdb	C	37	0.07488986784140969	0.9295154185022027
352	../../Binding_Affinity/data/complexes/3R9A_AC_B.pdb	../../Binding_Affinity/data/chain/3R9A_A.pdb	A	336	0.176056338028169	0.176056338028169
353	../../Binding_Affinity/data/complexes/3R9A_AC_B.pdb	../../Binding_Affinity/data/chain/3R9A_A.pdb	A	330	0.0945945945945946	0.24324324324324326
354	../../Binding_Affinity/data/complexes/3R9A_AC_B.pdb	../../Binding_Affinity/data/chain/3R9A_A.pdb	A	330	0.0945945945945946	0.24324324324324326
355	../../Binding_Affinity/data/complexes/3R9A_AC_B.pdb	../../Binding_Affinity/data/chain/3R9A_A.pdb	A	328	0.4811320754716981	0.9528301886792453
356	../../Binding_Affinity/data/complexes/3R9A_AC_B.pdb	../../Binding_Affinity/data/chain/3R9A_A.pdb	A	170	0.0	0.0
357	../../Binding_Affinity/data/complexes/2GOX_A_B.pdb	../../Binding_Affinity/data/chain/2GOX_B.pdb	B	131	0.1532258064516129	0.7258064516129032
358	../../Binding_Affinity/data/complexes/2GOX_A_B.pdb	../../Binding_Affinity/data/chain/2GOX_B.pdb	B	138	0.03184713375796178	0.643312101910828
359	../../Binding_Affinity/data/complexes/3D5S_A_C.pdb	../../Binding_Affinity/data/chain/3D5S_C.pdb	C	41	0.1509433962264151	0.5188679245283019
360	../../Binding_Affinity/data/complexes/3D5R_A_C.pdb	../../Binding_Affinity/data/chain/3D5R_C.pdb	C	48	0.04716981132075472	0.5849056603773585
361	../../Binding_Affinity/data/complexes/2BTF_A_P.pdb	../../Binding_Affinity/data/chain/2BTF_P.pdb	P	125	0.11219512195121951	0.5707317073170731
362	../../Binding_Affinity/data/complexes/2BTF_A_P.pdb	../../Binding_Affinity/data/chain/2BTF_P.pdb	P	120	0.0	0.11904761904761904
363	../../Binding_Affinity/data/complexes/2BTF_A_P.pdb	../../Binding_Affinity/data/chain/2BTF_P.pdb	P	60	0.33098591549295775	0.9577464788732394
364	../../Binding_Affinity/data/complexes/2BTF_A_P.pdb	../../Binding_Affinity/data/chain/2BTF_P.pdb	P	59	0.15228426395939088	0.5431472081218274
365	../../Binding_Affinity/data/complexes/4N8V_G_ABC.pdb	../../Binding_Affinity/data/chain/4N8V_G.pdb	G	134	0.009009009009009009	0.009009009009009009
366	../../Binding_Affinity/data/complexes/4N8V_G_ABC.pdb	../../Binding_Affinity/data/chain/4N8V_G.pdb	G	45	0.20270270270270271	0.536036036036036
367	../../Binding_Affinity/data/complexes/4N8V_G_ABC.pdb	../../Binding_Affinity/data/chain/4N8V_G.pdb	G	44	0.5560975609756098	0.751219512195122
368	../../Binding_Affinity/data/complexes/4N8V_G_ABC.pdb	../../Binding_Affinity/data/chain/4N8V_G.pdb	G	16	0.20588235294117646	0.20588235294117646
369	../../Binding_Affinity/data/complexes/4GNK_A_B.pdb	../../Binding_Affinity/data/chain/4GNK_A.pdb	A	311	0.6390243902439025	0.6390243902439025
370	../../Binding_Affinity/data/complexes/4GNK_A_B.pdb	../../Binding_Affinity/data/chain/4GNK_B.pdb	B	652	0.6619718309859155	0.6619718309859155
371	../../Binding_Affinity/data/complexes/4GNK_A_B.pdb	../../Binding_Affinity/data/chain/4GNK_B.pdb	B	876	0.6097560975609756	0.6097560975609756
372	../../Binding_Affinity/data/complexes/4EKD_A_B.pdb	../../Binding_Affinity/data/chain/4EKD_A.pdb	A	183	0.2740740740740741	0.2962962962962963
373	../../Binding_Affinity/data/complexes/4HSA_AB_C.pdb	../../Binding_Affinity/data/chain/4HSA_A.pdb	A	86	0.22282608695652173	0.8152173913043478
374	../../Binding_Affinity/data/complexes/4HSA_AB_C.pdb	../../Binding_Affinity/data/chain/4HSA_A.pdb	A	85	0.36486486486486486	0.8603603603603603
375	../../Binding_Affinity/data/complexes/4HSA_AB_C.pdb	../../Binding_Affinity/data/chain/4HSA_A.pdb	A	67	0.5110132158590308	0.5110132158590308
376	../../Binding_Affinity/data/complexes/4HSA_AB_C.pdb	../../Binding_Affinity/data/chain/4HSA_A.pdb	A	55	0.5725806451612904	0.5725806451612904
377	../../Binding_Affinity/data/complexes/2AW2_A_B.pdb	../../Binding_Affinity/data/chain/2AW2_B.pdb	B	36	0.04929577464788732	0.4014084507042254
378	../../Binding_Affinity/data/complexes/2AW2_A_B.pdb	../../Binding_Affinity/data/chain/2AW2_B.pdb	B	23	0.1891891891891892	0.42342342342342343
379	../../Binding_Affinity/data/complexes/2AW2_A_B.pdb	../../Binding_Affinity/data/chain/2AW2_B.pdb	B	17	0.014705882352941176	0.47058823529411764
380	../../Binding_Affinity/data/complexes/2OOB_A_B.pdb	../../Binding_Affinity/data/chain/2OOB_A.pdb	A	941	0.5119047619047619	0.8095238095238095
381	../../Binding_Affinity/data/complexes/2OOB_A_B.pdb	../../Binding_Affinity/data/chain/2OOB_A.pdb	A	937	0.0	0.5754716981132075
382	../../Binding_Affinity/data/complexes/2OOB_A_B.pdb	../../Binding_Affinity/data/chain/2OOB_A.pdb	A	935	0.22439024390243903	0.22439024390243903
383	../../Binding_Affinity/data/complexes/1N8O_ABC_E.pdb	../../Binding_Affinity/data/chain/1N8O_E.pdb	E	84	0.02127659574468085	0.9361702127659575
384	../../Binding_Affinity/data/complexes/1N8O_ABC_E.pdb	../../Binding_Affinity/data/chain/1N8O_E.pdb	E	84	0.02127659574468085	0.9361702127659575
385	../../Binding_Affinity/data/complexes/1N8O_ABC_E.pdb	../../Binding_Affinity/data/chain/1N8O_E.pdb	E	84	0.02127659574468085	0.9361702127659575
386	../../Binding_Affinity/data/complexes/1KBH_A_B.pdb	../../Binding_Affinity/data/chain/1KBH_B.pdb	B	98	0.0	0.25675675675675674
387	../../Binding_Affinity/data/complexes/1KBH_A_B.pdb	../../Binding_Affinity/data/chain/1KBH_A.pdb	A	37	0.15853658536585366	0.21341463414634146
388	../../Binding_Affinity/data/complexes/1KBH_A_B.pdb	../../Binding_Affinity/data/chain/1KBH_A.pdb	A	3	1.056701030927835	1.907216494845361
389	../../Binding_Affinity/data/complexes/2HRK_A_B.pdb	../../Binding_Affinity/data/chain/2HRK_A.pdb	A	159	0.4585365853658537	0.7024390243902439
390	../../Binding_Affinity/data/complexes/2HRK_A_B.pdb	../../Binding_Affinity/data/chain/2HRK_A.pdb	A	127	0.04225352112676056	0.5633802816901409
391	../../Binding_Affinity/data/complexes/2HRK_A_B.pdb	../../Binding_Affinity/data/chain/2HRK_B.pdb	B	57	0.04225352112676056	0.6126760563380281
392	../../Binding_Affinity/data/complexes/4E6K_AB_G.pdb	../../Binding_Affinity/data/chain/4E6K_G.pdb	G	5	0.06707317073170732	0.9146341463414634
393	../../Binding_Affinity/data/complexes/4E6K_AB_G.pdb	../../Binding_Affinity/data/chain/4E6K_G.pdb	G	40	0.3170731707317073	0.8975609756097561
394	../../Binding_Affinity/data/complexes/4E6K_AB_G.pdb	../../Binding_Affinity/data/chain/4E6K_G.pdb	G	2	0.24774774774774774	0.6306306306306306
395	../../Binding_Affinity/data/complexes/3WWN_A_B.pdb	../../Binding_Affinity/data/chain/3WWN_A.pdb	A	231	0.1902439024390244	0.3121951219512195
396	../../Binding_Affinity/data/complexes/3WWN_A_B.pdb	../../Binding_Affinity/data/chain/3WWN_A.pdb	A	230	0.35080645161290325	0.3709677419354839
397	../../Binding_Affinity/data/complexes/3WWN_A_B.pdb	../../Binding_Affinity/data/chain/3WWN_A.pdb	A	227	0.24596774193548387	0.5685483870967742
398	../../Binding_Affinity/data/complexes/2B42_A_B.pdb	../../Binding_Affinity/data/chain/2B42_A.pdb	A	374	0.125	0.6467391304347826
399	../../Binding_Affinity/data/complexes/2B42_A_B.pdb	../../Binding_Affinity/data/chain/2B42_A.pdb	A	374	0.125	0.6467391304347826
400	../../Binding_Affinity/data/complexes/2B42_A_B.pdb	../../Binding_Affinity/data/chain/2B42_A.pdb	A	374	0.125	0.6467391304347826
401	../../Binding_Affinity/data/complexes/2C0L_A_B.pdb	../../Binding_Affinity/data/chain/2C0L_A.pdb	A	589	0.0	0.0
402	../../Binding_Affinity/data/complexes/2C0L_A_B.pdb	../../Binding_Affinity/data/chain/2C0L_A.pdb	A	586	0.005154639175257732	0.005154639175257732
403	../../Binding_Affinity/data/complexes/2C0L_A_B.pdb	../../Binding_Affinity/data/chain/2C0L_A.pdb	A	382	0.03821656050955414	0.03821656050955414
404	../../Binding_Affinity/data/complexes/3U82_A_B.pdb	../../Binding_Affinity/data/chain/3U82_B.pdb	B	80	0.0	0.14792899408284024
405	../../Binding_Affinity/data/complexes/4MYW_A_B.pdb	../../Binding_Affinity/data/chain/4MYW_B.pdb	B	80	0.0	0.21893491124260356
406	../../Binding_Affinity/data/complexes/1GL0_E_I.pdb	../../Binding_Affinity/data/chain/1GL0_I.pdb	I	30	0.1595744680851064	0.6223404255319149
407	../../Binding_Affinity/data/complexes/1GL1_A_I.pdb	../../Binding_Affinity/data/chain/1GL1_I.pdb	I	30	0.042682926829268296	1.048780487804878
408	../../Binding_Affinity/data/complexes/3BP8_A_C.pdb	../../Binding_Affinity/data/chain/3BP8_A.pdb	A	136	0.005076142131979695	0.15736040609137056
409	../../Binding_Affinity/data/complexes/3BP8_A_C.pdb	../../Binding_Affinity/data/chain/3BP8_C.pdb	C	63	0.018867924528301886	0.5660377358490566
410	../../Binding_Affinity/data/complexes/1U7F_B_AC.pdb	../../Binding_Affinity/data/chain/1U7F_B.pdb	B	493	0.012269938650306749	0.588957055214724
411	../../Binding_Affinity/data/complexes/1U7F_B_AC.pdb	../../Binding_Affinity/data/chain/1U7F_B.pdb	B	378	0.5	0.5362903225806451
412	../../Binding_Affinity/data/complexes/2A9K_A_B.pdb	../../Binding_Affinity/data/chain/2A9K_B.pdb	B	109	0.26262626262626265	0.5
413	../../Binding_Affinity/data/complexes/2A9K_A_B.pdb	../../Binding_Affinity/data/chain/2A9K_B.pdb	B	99	0.023809523809523808	0.75
414	../../Binding_Affinity/data/complexes/4U6H_AB_E.pdb	../../Binding_Affinity/data/chain/4U6H_E.pdb	E	31	0.42783505154639173	0.9896907216494846
415	../../Binding_Affinity/data/complexes/4U6H_AB_E.pdb	../../Binding_Affinity/data/chain/4U6H_E.pdb	E	27	0.21019108280254778	0.89171974522293
416	../../Binding_Affinity/data/complexes/1HE8_A_B.pdb	../../Binding_Affinity/data/chain/1HE8_A.pdb	A	223	0.1073170731707317	0.23902439024390243
417	../../Binding_Affinity/data/complexes/1REW_AB_C.pdb	../../Binding_Affinity/data/chain/1REW_C.pdb	C	86	0.015463917525773196	0.5824742268041238
418	../../Binding_Affinity/data/complexes/1YCS_A_B.pdb	../../Binding_Affinity/data/chain/1YCS_A.pdb	A	273	0.15725806451612903	0.29838709677419356
419	../../Binding_Affinity/data/complexes/3RF3_A_C.pdb	../../Binding_Affinity/data/chain/3RF3_C.pdb	C	495	0.0	0.330188679245283
420	../../Binding_Affinity/data/complexes/4JGH_ABC_D.pdb	../../Binding_Affinity/data/chain/4JGH_D.pdb	D	53	0.3700440528634361	0.7533039647577092
421	../../Binding_Affinity/data/complexes/4LRX_AB_CD.pdb	../../Binding_Affinity/data/chain/4LRX_A.pdb	A	56	0.0	0.0
