	Unique	PDB_mut	Clean_mut	PDB_ID	Chain	Uniprot_ID	DDG_avg	DDG	Affinity_WT	Affinity_M	Location	Experimental_method	SKEMPI_version	out_type	out_protein	CC_ID	Unique_position
0	1C1Y_B_RB89L	RB89L	RB35L	1C1Y	1C1Y_B	P04049	-2.62	-2.62	1.2e-06	0.0001	COR	IAFL	2		1GUA_A_B,1C1Y_A_B,4G0N_A_B,3KUD_A_B,1LFD_A_B,1K8R_A_B,1HE8_A_B	6	1C1Y_B_89
1	1C1Y_B_KB84E	KB84E	KB30E	1C1Y	1C1Y_B	P04049	-2.233	-2.233	1.2e-06	5.2e-05	RIM	IAFL	2		1GUA_A_B,1C1Y_A_B,4G0N_A_B,3KUD_A_B,1LFD_A_B,1K8R_A_B,1HE8_A_B	6	1C1Y_B_84
2	1C1Y_B_KB84A	KB84A	KB30A	1C1Y	1C1Y_B	P04049	-1.313	-1.313	1.2e-06	1.1e-05	RIM	IAFL	2		1GUA_A_B,1C1Y_A_B,4G0N_A_B,3KUD_A_B,1LFD_A_B,1K8R_A_B,1HE8_A_B	6	1C1Y_B_84
3	1C1Y_B_QB66A	QB66A	QB12A	1C1Y	1C1Y_B	P04049	-1.581	-1.581	1.2e-06	1.73e-05	COR	IAFL	2		1GUA_A_B,1C1Y_A_B,4G0N_A_B,3KUD_A_B,1LFD_A_B,1K8R_A_B,1HE8_A_B	6	1C1Y_B_66
4	1C1Y_B_RB59A	RB59A	RB5A	1C1Y	1C1Y_B	P04049	-1.907	-1.907	1.2e-06	3e-05	RIM	IAFL	2		1GUA_A_B,1C1Y_A_B,4G0N_A_B,3KUD_A_B,1LFD_A_B,1K8R_A_B,1HE8_A_B	6	1C1Y_B_59
5	1C1Y_B_RB67A	RB67A	RB13A	1C1Y	1C1Y_B	P04049	-1.456	-1.456	1.2e-06	1.4e-05	RIM	IAFL	2		1GUA_A_B,1C1Y_A_B,4G0N_A_B,3KUD_A_B,1LFD_A_B,1K8R_A_B,1HE8_A_B	6	1C1Y_B_67
6	1C1Y_B_TB68A	TB68A	TB14A	1C1Y	1C1Y_B	P04049	-1.456	-1.456	1.2e-06	1.4e-05	SUP	IAFL	2		1GUA_A_B,1C1Y_A_B,4G0N_A_B,3KUD_A_B,1LFD_A_B,1K8R_A_B,1HE8_A_B	6	1C1Y_B_68
7	1C1Y_B_KB65E	KB65E	KB11E	1C1Y	1C1Y_B	P04049	-0.891	-0.891	1.2e-06	5.4e-06	RIM	IAFL	2		1GUA_A_B,1C1Y_A_B,4G0N_A_B,3KUD_A_B,1LFD_A_B,1K8R_A_B,1HE8_A_B	6	1C1Y_B_65
8	1C1Y_B_KB65A	KB65A	KB11A	1C1Y	1C1Y_B	P04049	-1.109	-1.109	1.2e-06	7.8e-06	RIM	IAFL	2		1GUA_A_B,1C1Y_A_B,4G0N_A_B,3KUD_A_B,1LFD_A_B,1K8R_A_B,1HE8_A_B	6	1C1Y_B_65
9	1C1Y_B_VB69A	VB69A	VB15A	1C1Y	1C1Y_B	P04049	-1.124	-1.124	1.2e-06	8e-06	COR	IAFL	2		1GUA_A_B,1C1Y_A_B,4G0N_A_B,3KUD_A_B,1LFD_A_B,1K8R_A_B,1HE8_A_B	6	1C1Y_B_69
10	1C1Y_B_NB64D	NB64D	NB10D	1C1Y	1C1Y_B	P04049	-1.476	-1.476	1.2e-06	1.45e-05	RIM	IAFL	2		1GUA_A_B,1C1Y_A_B,4G0N_A_B,3KUD_A_B,1LFD_A_B,1K8R_A_B,1HE8_A_B	6	1C1Y_B_64
11	1C1Y_B_NB64A	NB64A	NB10A	1C1Y	1C1Y_B	P04049	-0.502	-0.502	1.2e-06	2.8e-06	RIM	IAFL	2		1GUA_A_B,1C1Y_A_B,4G0N_A_B,3KUD_A_B,1LFD_A_B,1K8R_A_B,1HE8_A_B	6	1C1Y_B_64
12	1C1Y_B_KB65M	KB65M	KB11M	1C1Y	1C1Y_B	P04049	-0.713	-0.713	1.2e-06	4e-06	RIM	IAFL	2		1GUA_A_B,1C1Y_A_B,4G0N_A_B,3KUD_A_B,1LFD_A_B,1K8R_A_B,1HE8_A_B	6	1C1Y_B_65
13	3M62_A_EA26A	EA26A	EA32A	3M62	3M62_A	P54860	-0.83	-0.83	7e-08	2.84e-07	RIM	ITC	2		3M62_A_B,3M63_A_B	6	3M62_A_26
14	3M62_A_IA104A	IA104A	IA110A	3M62	3M62_A	P54860	-1.854	-1.854	7e-08	1.6e-06	RIM	ITC	2		3M62_A_B,3M63_A_B	6	3M62_A_104
15	3M62_A_YA97A	YA97A	YA103A	3M62	3M62_A	P54860	-4.477	-4.477	7e-08	0.000134	SUP	ITC	2		3M62_A_B,3M63_A_B	6	3M62_A_97
16	3M62_A_GA96A	GA96A	GA102A	3M62	3M62_A	P54860	-1.265	-1.265	7e-08	5.92e-07	SUP	ITC	2		3M62_A_B,3M63_A_B	6	3M62_A_96
17	3M62_A_RA92A	RA92A	RA98A	3M62	3M62_A	P54860	-0.789	-0.789	7e-08	2.65e-07	RIM	ITC	2		3M62_A_B,3M63_A_B	6	3M62_A_92
18	3M62_A_EA49A	EA49A	EA55A	3M62	3M62_A	P54860	-1.052	-1.052	7e-08	4.13e-07	RIM	ITC	2		3M62_A_B,3M63_A_B	6	3M62_A_49
19	3M62_A_TA48A	TA48A	TA54A	3M62	3M62_A	P54860	-0.017	-0.017	7e-08	7.2e-08	COR	ITC	2		3M62_A_B,3M63_A_B	6	3M62_A_48
20	3M62_A_LA44A	LA44A	LA50A	3M62	3M62_A	P54860	-2.829	-2.829	7e-08	8.3e-06	COR	ITC	2		3M62_A_B,3M63_A_B	6	3M62_A_44
21	3M62_A_DA40A	DA40A	DA46A	3M62	3M62_A	P54860	-2.8	-2.8	7e-08	7.9e-06	COR	ITC	2		3M62_A_B,3M63_A_B	6	3M62_A_40
22	1GRN_A_DA38E	DA38E	DA38E	1GRN	1GRN_A	P60953	-0.39	-0.39	2.9e-06	5.6e-06	SUR	FL	1		1GRN_A_B,3EG5_A_B	6	1GRN_A_38
23	5XCO_B_DB12A	DB12A	DB12A	5XCO	5XCO_B	Not Mapped	-2.797	-2.797	8.9e-09	1e-06	COR	SPR	2		5XCO_A_B,5TAR_A_B,2A9K_A_B	6	5XCO_B_12
24	5XCO_B_YB11A	YB11A	YB11A	5XCO	5XCO_B	Not Mapped	-1.9	-1.9	8.9e-09	2.2e-07	RIM	SPR	2		5XCO_A_B,5TAR_A_B,2A9K_A_B	6	5XCO_B_11
25	5XCO_B_SB10A	SB10A	SB10A	5XCO	5XCO_B	Not Mapped	-1.286	-1.286	8.9e-09	7.8e-08	COR	SPR	2		5XCO_A_B,5TAR_A_B,2A9K_A_B	6	5XCO_B_10
26	5XCO_B_IB9A	IB9A	IB9A	5XCO	5XCO_B	Not Mapped	-2.797	-2.797	8.9e-09	1e-06	COR	SPR	2		5XCO_A_B,5TAR_A_B,2A9K_A_B	6	5XCO_B_9
27	5XCO_B_YB8A	YB8A	YB8A	5XCO	5XCO_B	Not Mapped	-1.364	-1.364	8.9e-09	8.9e-08	COR	SPR	2		5XCO_A_B,5TAR_A_B,2A9K_A_B	6	5XCO_B_8
28	5XCO_B_LB7A	LB7A	LB7A	5XCO	5XCO_B	Not Mapped	-2.748	-2.748	8.9e-09	9.2e-07	COR	SPR	2		5XCO_A_B,5TAR_A_B,2A9K_A_B	6	5XCO_B_7
29	5XCO_B_PB6A	PB6A	PB6A	5XCO	5XCO_B	Not Mapped	-1.079	-1.079	8.9e-09	5.5e-08	COR	SPR	2		5XCO_A_B,5TAR_A_B,2A9K_A_B	6	5XCO_B_6
30	5XCO_B_VB14A	VB14A	VB14A	5XCO	5XCO_B	Not Mapped	0.0	0.0	8.9e-09	8.9e-09	COR	SPR	2		5XCO_A_B,5TAR_A_B,2A9K_A_B	6	5XCO_B_14
31	5XCO_B_PB13A	PB13A	PB13A	5XCO	5XCO_B	Not Mapped	-0.635	-0.635	8.9e-09	2.6e-08	RIM	SPR	2		5XCO_A_B,5TAR_A_B,2A9K_A_B	6	5XCO_B_13
32	1C1Y_A_KA31E	KA31E	KA31E	1C1Y	1C1Y_A	P62834	1.775	1.775	1.2e-06	6e-08	SUR	IAFL	2		1GUA_A_B,1C1Y_A_B,4G0N_A_B,3KUD_A_B,1LFD_A_B,1K8R_A_B,1HE8_A_B	6	1C1Y_A_31
33	1C1Y_A_DA38A	DA38A	DA38A	1C1Y	1C1Y_A	P62834	-2.62	-2.62	1.2e-06	0.0001	COR	IAFL	2		1GUA_A_B,1C1Y_A_B,4G0N_A_B,3KUD_A_B,1LFD_A_B,1K8R_A_B,1HE8_A_B	6	1C1Y_A_38
34	1GUA_A_SA39A	SA39A	SA39A	1GUA	1GUA_A	P62834	-1.4	-1.4	4.93e-07	5.24e-06	COR	ITC	2		1GUA_A_B,1C1Y_A_B,4G0N_A_B,3KUD_A_B,1LFD_A_B,1K8R_A_B,1HE8_A_B	6	1GUA_A_39
35	1GUA_A_EA37A	EA37A	EA37A	1GUA	1GUA_A	P62834	-1.301	-1.301	4.93e-07	4.43e-06	COR	ITC	2		1GUA_A_B,1C1Y_A_B,4G0N_A_B,3KUD_A_B,1LFD_A_B,1K8R_A_B,1HE8_A_B	6	1GUA_A_37
36	1GUA_A_DA30E	DA30E	DA30E	1GUA	1GUA_A	P62834	-0.24	-0.24	4e-08	6e-08	SUR	IAFL	2		1GUA_A_B,1C1Y_A_B,4G0N_A_B,3KUD_A_B,1LFD_A_B,1K8R_A_B,1HE8_A_B	6	1GUA_A_30
37	4G0N_B_RB59A	RB59A	RB6A	4G0N	4G0N_B	P04049	-1.646	-1.646,-1.646,-1.646	8.02e-08,1.18e-08,8e-08	1.29e-06,1.2e-06,2.5e-06	RIM	ITC,IAFL	2		4G0N_A_B,3KUD_A_B,1LFD_A_B,1GUA_A_B,1C1Y_A_B,1K8R_A_B,1HE8_A_B,1E96_A_B	6	4G0N_B_59
38	4G0N_B_KB84A	KB84A	KB31A	4G0N	4G0N_B	P04049	-2.13	-2.13,-2.13,-2.13	8.02e-08,1.18e-08,8e-08	2.92e-06,5e-06,2.5e-06	RIM	ITC,IAFL	2		4G0N_A_B,3KUD_A_B,1LFD_A_B,1GUA_A_B,1C1Y_A_B,1K8R_A_B,1HE8_A_B,1E96_A_B	6	4G0N_B_84
39	4G0N_B_RB67A	RB67A	RB14A	4G0N	4G0N_B	P04049	-1.937	-1.937,-1.937,-1.937	8.02e-08,1.18e-08,8e-08	2.11e-06,6e-07,1e-06	RIM	ITC,IAFL	2		4G0N_A_B,3KUD_A_B,1LFD_A_B,1GUA_A_B,1C1Y_A_B,1K8R_A_B,1HE8_A_B,1E96_A_B	6	4G0N_B_67
40	4G0N_B_VB69A	VB69A	VB16A	4G0N	4G0N_B	P04049	-0.968	-0.968,-0.968,-0.968	8.02e-08,1.18e-08,8e-08	4.11e-07,2.5e-07,2.56e-07	COR	ITC,IAFL	2		4G0N_A_B,3KUD_A_B,1LFD_A_B,1GUA_A_B,1C1Y_A_B,1K8R_A_B,1HE8_A_B,1E96_A_B	6	4G0N_B_69
41	4G0N_B_NB64A	NB64A	NB11A	4G0N	4G0N_B	P04049	-0.097	-0.097,-0.097,-0.097	8.02e-08,1.18e-08,8e-08	9.45e-08,1.5e-07,1.67e-07	RIM	ITC,IAFL	2		4G0N_A_B,3KUD_A_B,1LFD_A_B,1GUA_A_B,1C1Y_A_B,1K8R_A_B,1HE8_A_B,1E96_A_B	6	4G0N_B_64
42	4G0N_B_VB88A	VB88A	VB35A	4G0N	4G0N_B	P04049	-0.097	-0.097,-0.097	8.02e-08,8e-08	9.45e-08,6.67e-08	COR	ITC	2		4G0N_A_B,3KUD_A_B,1LFD_A_B,1GUA_A_B,1C1Y_A_B,1K8R_A_B,1HE8_A_B,1E96_A_B	6	4G0N_B_88
43	4G0N_B_TB68A	TB68A	TB15A	4G0N	4G0N_B	P04049	-1.453	-1.453,-1.453	8.02e-08,1.18e-08	9.31e-07,4.5e-07	SUP	ITC,IAFL	2		4G0N_A_B,3KUD_A_B,1LFD_A_B,1GUA_A_B,1C1Y_A_B,1K8R_A_B,1HE8_A_B,1E96_A_B	6	4G0N_B_68
44	4G0N_B_QB66A	QB66A	QB13A	4G0N	4G0N_B	P04049	-1.646	-1.646,-1.646	8.02e-08,1.18e-08	1.29e-06,1.3e-06	COR	ITC,IAFL	2		4G0N_A_B,3KUD_A_B,1LFD_A_B,1GUA_A_B,1C1Y_A_B,1K8R_A_B,1HE8_A_B,1E96_A_B	6	4G0N_B_66
45	4G0N_B_AB85K	AB85K	AB32K	4G0N	4G0N_B	P04049	1.109	1.109	1.3e-07	2e-08	SUP	IAFL	2		4G0N_A_B,3KUD_A_B,1LFD_A_B,1GUA_A_B,1C1Y_A_B,1K8R_A_B,1HE8_A_B,1E96_A_B	6	4G0N_B_85
46	4G0N_B_NB71R	NB71R	NB18R	4G0N	4G0N_B	P04049	0.698	0.698	1.3e-07	4e-08	RIM	IAFL	2		4G0N_A_B,3KUD_A_B,1LFD_A_B,1GUA_A_B,1C1Y_A_B,1K8R_A_B,1HE8_A_B,1E96_A_B	6	4G0N_B_71
47	4G0N_B_VB88I	VB88I	VB35I	4G0N	4G0N_B	P04049	-0.552	-0.552	1.3e-07	3.3e-07	COR	IAFL	2		4G0N_A_B,3KUD_A_B,1LFD_A_B,1GUA_A_B,1C1Y_A_B,1K8R_A_B,1HE8_A_B,1E96_A_B	6	4G0N_B_88
48	4G0N_B_FB61W	FB61W	FB8W	4G0N	4G0N_B	P04049	-0.603	-0.603	1.3e-07	3.6e-07	SUR	IAFL	2		4G0N_A_B,3KUD_A_B,1LFD_A_B,1GUA_A_B,1C1Y_A_B,1K8R_A_B,1HE8_A_B,1E96_A_B	6	4G0N_B_61
49	4G0N_B_KB65A	KB65A	KB12A	4G0N	4G0N_B	P04049	-1.832	-1.832	1.18e-08	2.6e-07	RIM	IAFL	2		4G0N_A_B,3KUD_A_B,1LFD_A_B,1GUA_A_B,1C1Y_A_B,1K8R_A_B,1HE8_A_B,1E96_A_B	6	4G0N_B_65
50	4G0N_B_NB64D	NB64D	NB11D	4G0N	4G0N_B	P04049	-1.809	-1.809	1.18e-08	2.5e-07	RIM	IAFL	2		4G0N_A_B,3KUD_A_B,1LFD_A_B,1GUA_A_B,1C1Y_A_B,1K8R_A_B,1HE8_A_B,1E96_A_B	6	4G0N_B_64
51	4G0N_B_KB65M	KB65M	KB12M	4G0N	4G0N_B	P04049	-1.323	-1.323	1.18e-08	1.1e-07	RIM	IAFL	2		4G0N_A_B,3KUD_A_B,1LFD_A_B,1GUA_A_B,1C1Y_A_B,1K8R_A_B,1HE8_A_B,1E96_A_B	6	4G0N_B_65
52	4G0N_B_RB89L	RB89L	RB36L	4G0N	4G0N_B	P04049	-5.359	-5.359	1.18e-08	0.0001	COR	IAFL	2		4G0N_A_B,3KUD_A_B,1LFD_A_B,1GUA_A_B,1C1Y_A_B,1K8R_A_B,1HE8_A_B,1E96_A_B	6	4G0N_B_89
53	4G0N_B_KB84E	KB84E	KB31E	4G0N	4G0N_B	P04049	-5.066	-5.066	1.18e-08	6.1e-05	RIM	IAFL	2		4G0N_A_B,3KUD_A_B,1LFD_A_B,1GUA_A_B,1C1Y_A_B,1K8R_A_B,1HE8_A_B,1E96_A_B	6	4G0N_B_84
54	4G0N_B_KB65E	KB65E	KB12E	4G0N	4G0N_B	P04049	-1.917	-1.917	1.18e-08	3e-07	RIM	IAFL	2		4G0N_A_B,3KUD_A_B,1LFD_A_B,1GUA_A_B,1C1Y_A_B,1K8R_A_B,1HE8_A_B,1E96_A_B	6	4G0N_B_65
55	1LFD_A_EA57A	EA57A	EA44A	1LFD	1LFD_A	Q03386	0.401	0.401,0.401,0.401,0.401	1.15e-06,1.94e-06,6.91e-07,1.21e-06	5.84e-07,1.28e-06,5.84e-07,1.67e-06	SUR	ITC,SFFL,IAFL	1		1LFD_A_B,4G0N_A_B,3KUD_A_B,1K8R_A_B,1HE8_A_B,1GUA_A_B,1C1Y_A_B	6	1LFD_A_57
56	1LFD_A_KA48A	KA48A	KA35A	1LFD	1LFD_A	Q03386	-0.297	-0.297,-0.297,-0.297,-0.297	1.15e-06,1.94e-06,6.91e-07,1.21e-06	1.9e-06,3e-06,1.15e-06,3.19e-06	SUR	ITC,SFFL,IAFL	1		1LFD_A_B,4G0N_A_B,3KUD_A_B,1K8R_A_B,1HE8_A_B,1GUA_A_B,1C1Y_A_B	6	1LFD_A_48
57	1LFD_A_DA51A	DA51A	DA38A	1LFD	1LFD_A	Q03386	0.601	0.601,0.601,0.601,0.601	1.15e-06,1.94e-06,6.91e-07,1.21e-06	4.17e-07,7.3e-07,4.17e-07,7.41e-07	RIM	ITC,SFFL,IAFL	1		1LFD_A_B,4G0N_A_B,3KUD_A_B,1K8R_A_B,1HE8_A_B,1GUA_A_B,1C1Y_A_B	6	1LFD_A_51
58	1LFD_A_KA52A	KA52A	KA39A	1LFD	1LFD_A	Q03386	-1.8	-1.8,-1.8,-1.8,-1.8	1.15e-06,1.94e-06,6.91e-07,1.21e-06	2.4e-05,1.42e-05,3.98e-05,0.000217	COR	ITC,SFFL,IAFL	1		1LFD_A_B,4G0N_A_B,3KUD_A_B,1K8R_A_B,1HE8_A_B,1GUA_A_B,1C1Y_A_B	6	1LFD_A_52
59	1LFD_A_RA20A	RA20A	RA7A	1LFD	1LFD_A	Q03386	-1.599	-1.599,-1.599,-1.599,-1.599	1.15e-06,1.94e-06,6.91e-07,1.21e-06	1.71e-05,1.32e-05,2.84e-05,5.92e-05	RIM	ITC,SFFL,IAFL	1		1LFD_A_B,4G0N_A_B,3KUD_A_B,1K8R_A_B,1HE8_A_B,1GUA_A_B,1C1Y_A_B	6	1LFD_A_20
60	1LFD_A_KA32A	KA32A	KA19A	1LFD	1LFD_A	Q03386	-1.497	-1.497,-1.497,-1.497,-1.497	1.15e-06,1.94e-06,6.91e-07,1.21e-06	1.44e-05,1.82e-05,1.44e-05,0.000217	COR	ITC,SFFL,IAFL	1		1LFD_A_B,4G0N_A_B,3KUD_A_B,1K8R_A_B,1HE8_A_B,1GUA_A_B,1C1Y_A_B	6	1LFD_A_32
61	1LFD_A_YA31F	YA31F	YA18F	1LFD	1LFD_A	Q03386	-1.0	-1.0,-1.0	6.91e-07,1.21e-06	3.74e-06,1.9e-05	COR	ITC,IAFL	2		1LFD_A_B,4G0N_A_B,3KUD_A_B,1K8R_A_B,1HE8_A_B,1GUA_A_B,1C1Y_A_B	6	1LFD_A_31
62	1LFD_A_NA27K	NA27K	NA14K	1LFD	1LFD_A	Q03386	-0.398	-0.398,-0.398	1.15e-06,1.94e-06	2.25e-06,3.83e-06	RIM	ITC,SFFL	1		1LFD_A_B,4G0N_A_B,3KUD_A_B,1K8R_A_B,1HE8_A_B,1GUA_A_B,1C1Y_A_B	6	1LFD_A_27
63	1LFD_A_MA30K	MA30K	MA17K	1LFD	1LFD_A	Q03386	0.401	0.401,0.401	1.15e-06,1.94e-06	5.84e-07,4.1e-07	RIM	ITC,SFFL	1		1LFD_A_B,4G0N_A_B,3KUD_A_B,1K8R_A_B,1HE8_A_B,1GUA_A_B,1C1Y_A_B	6	1LFD_A_30
64	1LFD_A_LA23K	LA23K	LA10K	1LFD	1LFD_A	Q03386	0.502	0.502,0.502	1.15e-06,1.94e-06	4.93e-07,1.89e-06	INT	ITC,SFFL	1		1LFD_A_B,4G0N_A_B,3KUD_A_B,1K8R_A_B,1HE8_A_B,1GUA_A_B,1C1Y_A_B	6	1LFD_A_23
65	1LFD_A_SA22K	SA22K	SA9K	1LFD	1LFD_A	Q03386	-0.898	-0.898,-0.898	1.15e-06,1.94e-06	5.24e-06,1.59e-06	INT	ITC,SFFL	1		1LFD_A_B,4G0N_A_B,3KUD_A_B,1K8R_A_B,1HE8_A_B,1GUA_A_B,1C1Y_A_B	6	1LFD_A_22
66	1LFD_A_DA94K	DA94K	DA81K	1LFD	1LFD_A	Q03386	0.902	0.902,0.902	1.15e-06,1.94e-06	2.51e-07,2.8e-07	SUR	ITC,SFFL	1		1LFD_A_B,4G0N_A_B,3KUD_A_B,1K8R_A_B,1HE8_A_B,1GUA_A_B,1C1Y_A_B	6	1LFD_A_94
67	1LFD_A_YA93K	YA93K	YA80K	1LFD	1LFD_A	Q03386	-0.199	-0.199,-0.199	1.15e-06,1.94e-06	1.61e-06,2.21e-06	SUR	ITC,SFFL	1		1LFD_A_B,4G0N_A_B,3KUD_A_B,1K8R_A_B,1HE8_A_B,1GUA_A_B,1C1Y_A_B	6	1LFD_A_93
68	1LFD_A_NA92K	NA92K	NA79K	1LFD	1LFD_A	Q03386	0.401	0.401,0.401	1.15e-06,1.94e-06	5.84e-07,7.5e-07	SUR	ITC,SFFL	1		1LFD_A_B,4G0N_A_B,3KUD_A_B,1K8R_A_B,1HE8_A_B,1GUA_A_B,1C1Y_A_B	6	1LFD_A_92
69	1LFD_A_DA58K	DA58K	DA45K	1LFD	1LFD_A	Q03386	0.502	0.502,0.502	1.15e-06,1.94e-06	4.93e-07,4.2e-07	SUR	ITC,SFFL	1		1LFD_A_B,4G0N_A_B,3KUD_A_B,1K8R_A_B,1HE8_A_B,1GUA_A_B,1C1Y_A_B	6	1LFD_A_58
70	1LFD_A_NA29A	NA29A	NA16A	1LFD	1LFD_A	Q03386	-0.302	-0.302,-0.302	6.91e-07,1.21e-06	1.15e-06,3.75e-06	COR	ITC,IAFL	2		1LFD_A_B,4G0N_A_B,3KUD_A_B,1K8R_A_B,1HE8_A_B,1GUA_A_B,1C1Y_A_B	6	1LFD_A_29
71	1LFD_A_NA27A	NA27A	NA14A	1LFD	1LFD_A	Q03386	-1.0	-1.0,-1.0	6.91e-07,1.21e-06	3.74e-06,5.19e-06	RIM	ITC,IAFL	2		1LFD_A_B,4G0N_A_B,3KUD_A_B,1K8R_A_B,1HE8_A_B,1GUA_A_B,1C1Y_A_B	6	1LFD_A_27
72	1LFD_A_IA18A	IA18A	IA5A	1LFD	1LFD_A	Q03386	-1.0	-1.0,-1.0	6.91e-07,1.21e-06	3.74e-06,2.63e-05	RIM	ITC,IAFL	2		1LFD_A_B,4G0N_A_B,3KUD_A_B,1K8R_A_B,1HE8_A_B,1GUA_A_B,1C1Y_A_B	6	1LFD_A_18
73	1LFD_A_HA53A	HA53A	HA40A	1LFD	1LFD_A	Q03386	-1.0	-1.0,-1.0	6.91e-07,1.21e-06	3.74e-06,3.09e-05	INT	ITC,IAFL	2		1LFD_A_B,4G0N_A_B,3KUD_A_B,1K8R_A_B,1HE8_A_B,1GUA_A_B,1C1Y_A_B	6	1LFD_A_53
74	1LFD_A_SA33A	SA33A	SA20A	1LFD	1LFD_A	Q03386	-0.801	-0.801,-0.801	6.91e-07,1.21e-06	2.67e-06,7.18e-06	COR	ITC,IAFL	2		1LFD_A_B,4G0N_A_B,3KUD_A_B,1K8R_A_B,1HE8_A_B,1GUA_A_B,1C1Y_A_B	6	1LFD_A_33
75	1LFD_A_DA51K	DA51K	DA38K	1LFD	1LFD_A	Q03386	0.902	0.902,0.902	1.15e-06,1.94e-06	2.51e-07,3.1e-07	RIM	ITC,SFFL	1		1LFD_A_B,4G0N_A_B,3KUD_A_B,1K8R_A_B,1HE8_A_B,1GUA_A_B,1C1Y_A_B	6	1LFD_A_51
76	1LFD_A_EA57K	EA57K	EA44K	1LFD	1LFD_A	Q03386	0.101	0.101,0.101	1.15e-06,1.94e-06	9.69e-07,1.2e-06	SUR	ITC,SFFL	1		1LFD_A_B,4G0N_A_B,3KUD_A_B,1K8R_A_B,1HE8_A_B,1GUA_A_B,1C1Y_A_B	6	1LFD_A_57
77	1LFD_A_DA56A	DA56A	DA43A	1LFD	1LFD_A	Q03386	0.401	0.401,0.401	1.15e-06,1.94e-06	5.84e-07,1.21e-06	RIM	ITC,SFFL	1		1LFD_A_B,4G0N_A_B,3KUD_A_B,1K8R_A_B,1HE8_A_B,1GUA_A_B,1C1Y_A_B	6	1LFD_A_56
78	1LFD_A_LA55K	LA55K	LA42K	1LFD	1LFD_A	Q03386	0.0	0.0,0.0	1.15e-06,1.94e-06	1.15e-06,7.4e-07	INT	ITC,SFFL	1		1LFD_A_B,4G0N_A_B,3KUD_A_B,1K8R_A_B,1HE8_A_B,1GUA_A_B,1C1Y_A_B	6	1LFD_A_55
79	1LFD_A_NA54K	NA54K	NA41K	1LFD	1LFD_A	Q03386	0.101	0.101,0.101	1.15e-06,1.94e-06	9.69e-07,2.7e-07	RIM	ITC,SFFL	1		1LFD_A_B,4G0N_A_B,3KUD_A_B,1K8R_A_B,1HE8_A_B,1GUA_A_B,1C1Y_A_B	6	1LFD_A_54
80	1LFD_A_YA31A	YA31A	YA18A	1LFD	1LFD_A	Q03386	-3.459	-3.459	1.21e-06	0.000415	COR	IAFL	2		1LFD_A_B,4G0N_A_B,3KUD_A_B,1K8R_A_B,1HE8_A_B,1GUA_A_B,1C1Y_A_B	6	1LFD_A_31
81	3M63_A_FA107A	FA107A	FA113A	3M63	3M63_A	P54860	-1.792	-1.792	1.75e-07	3.6e-06	SUP	ITC	2		3M63_A_B,3M62_A_B,1S1Q_A_B,1XD3_A_B,2OOB_A_B	6	3M63_A_107
82	3M63_A_IA104A	IA104A	IA110A	3M63	3M63_A	P54860	-1.089	-1.089	1.75e-07	1.1e-06	COR	ITC	2		3M63_A_B,3M62_A_B,1S1Q_A_B,1XD3_A_B,2OOB_A_B	6	3M63_A_104
83	3M63_A_VA100A	VA100A	VA106A	3M63	3M63_A	P54860	-1.839	-1.839	1.75e-07	3.9e-06	SUP	ITC	2		3M63_A_B,3M62_A_B,1S1Q_A_B,1XD3_A_B,2OOB_A_B	6	3M63_A_100
84	3M63_A_YA97A	YA97A	YA103A	3M63	3M63_A	P54860	-3.651	-3.651	1.75e-07	8.3e-05	SUP	ITC	2		3M63_A_B,3M62_A_B,1S1Q_A_B,1XD3_A_B,2OOB_A_B	6	3M63_A_97
85	3M63_A_GA96A	GA96A	GA102A	3M63	3M63_A	P54860	-0.125	-0.125	1.75e-07	2.16e-07	SUP	ITC	2		3M63_A_B,3M62_A_B,1S1Q_A_B,1XD3_A_B,2OOB_A_B	6	3M63_A_96
86	3M63_A_RA92A	RA92A	RA98A	3M63	3M63_A	P54860	0.185	0.185	1.75e-07	1.28e-07	RIM	ITC	2		3M63_A_B,3M62_A_B,1S1Q_A_B,1XD3_A_B,2OOB_A_B	6	3M63_A_92
87	3M63_A_EA49A	EA49A	EA55A	3M63	3M63_A	P54860	-0.346	-0.346	1.75e-07	3.14e-07	RIM	ITC	2		3M63_A_B,3M62_A_B,1S1Q_A_B,1XD3_A_B,2OOB_A_B	6	3M63_A_49
88	3M63_A_TA48A	TA48A	TA54A	3M63	3M63_A	P54860	-0.311	-0.311	1.75e-07	2.96e-07	COR	ITC	2		3M63_A_B,3M62_A_B,1S1Q_A_B,1XD3_A_B,2OOB_A_B	6	3M63_A_48
89	3M63_A_LA44A	LA44A	LA50A	3M63	3M63_A	P54860	-0.576	-0.576	1.75e-07	4.63e-07	COR	ITC	2		3M63_A_B,3M62_A_B,1S1Q_A_B,1XD3_A_B,2OOB_A_B	6	3M63_A_44
90	3M63_A_DA40A	DA40A	DA46A	3M63	3M63_A	P54860	-2.234	-2.234	1.75e-07	7.6e-06	COR	ITC	2		3M63_A_B,3M62_A_B,1S1Q_A_B,1XD3_A_B,2OOB_A_B	6	3M63_A_40
91	3M63_A_EA27A	EA27A	EA33A	3M63	3M63_A	P54860	-0.646	-0.646	1.75e-07	5.21e-07	SUR	ITC	2		3M63_A_B,3M62_A_B,1S1Q_A_B,1XD3_A_B,2OOB_A_B	6	3M63_A_27
92	4G0N_A_TA35A	TA35A	TA35A	4G0N	4G0N_A	P01112	-2.629	-2.629,-2.629	1.3e-07,5e-08	1.1e-05,7.2e-06	INT	IAFL,SFFL	2		4G0N_A_B,3KUD_A_B,1LFD_A_B,1GUA_A_B,1C1Y_A_B,1K8R_A_B,1HE8_A_B,1E96_A_B	6	4G0N_A_35
93	4G0N_A_EA31A	EA31A	EA31A	4G0N	4G0N_A	P01112	-0.486	-0.486,-0.486	8.02e-08,8e-08	1.82e-07,8.33e-07	RIM	ITC	2		4G0N_A_B,3KUD_A_B,1LFD_A_B,1GUA_A_B,1C1Y_A_B,1K8R_A_B,1HE8_A_B,1E96_A_B	6	4G0N_A_31
94	4G0N_A_RA41A	RA41A	RA41A	4G0N	4G0N_A	P01112	0.581	0.581,0.581	8.02e-08,8e-08	3.01e-08,6.67e-08	COR	ITC	2		4G0N_A_B,3KUD_A_B,1LFD_A_B,1GUA_A_B,1C1Y_A_B,1K8R_A_B,1HE8_A_B,1E96_A_B	6	4G0N_A_41
95	4G0N_A_DA38A	DA38A	DA38A	4G0N	4G0N_A	P01112	-3.194	-3.194,-3.194	8.02e-08,1.8e-08	1.76e-05,1.3e-06	COR	ITC,IAFL	2		4G0N_A_B,3KUD_A_B,1LFD_A_B,1GUA_A_B,1C1Y_A_B,1K8R_A_B,1HE8_A_B,1E96_A_B	6	4G0N_A_38
96	4G0N_A_DA33A	DA33A	DA33A	4G0N	4G0N_A	P01112	-1.065	-1.065,-1.065	8.02e-08,8e-08	4.84e-07,2.56e-07	RIM	ITC	2		4G0N_A_B,3KUD_A_B,1LFD_A_B,1GUA_A_B,1C1Y_A_B,1K8R_A_B,1HE8_A_B,1E96_A_B	6	4G0N_A_33
97	4G0N_A_VA45A	VA45A	VA45A	4G0N	4G0N_A	P01112	0.291	0.291	8.02e-08	4.91e-08	SUR	ITC	2		4G0N_A_B,3KUD_A_B,1LFD_A_B,1GUA_A_B,1C1Y_A_B,1K8R_A_B,1HE8_A_B,1E96_A_B	6	4G0N_A_45
98	4G0N_A_SA39A	SA39A	SA39A	4G0N	4G0N_A	P01112	-0.291	-0.291	8.02e-08	1.31e-07	COR	ITC	2		4G0N_A_B,3KUD_A_B,1LFD_A_B,1GUA_A_B,1C1Y_A_B,1K8R_A_B,1HE8_A_B,1E96_A_B	6	4G0N_A_39
99	4G0N_A_EA37A	EA37A	EA37A	4G0N	4G0N_A	P01112	-1.743	-1.743	8.02e-08	1.52e-06	RIM	ITC	2		4G0N_A_B,3KUD_A_B,1LFD_A_B,1GUA_A_B,1C1Y_A_B,1K8R_A_B,1HE8_A_B,1E96_A_B	6	4G0N_A_37
100	4G0N_A_IA36A	IA36A	IA36A	4G0N	4G0N_A	P01112	-1.743	-1.743	8.02e-08	1.52e-06	RIM	ITC	2		4G0N_A_B,3KUD_A_B,1LFD_A_B,1GUA_A_B,1C1Y_A_B,1K8R_A_B,1HE8_A_B,1E96_A_B	6	4G0N_A_36
101	4G0N_A_HA27A	HA27A	HA27A	4G0N	4G0N_A	P01112	0.291	0.291	8.02e-08	4.91e-08	RIM	ITC	2		4G0N_A_B,3KUD_A_B,1LFD_A_B,1GUA_A_B,1C1Y_A_B,1K8R_A_B,1HE8_A_B,1E96_A_B	6	4G0N_A_27
102	4G0N_A_IA21A	IA21A	IA21A	4G0N	4G0N_A	P01112	-0.871	-0.871	8.02e-08	3.49e-07	SUP	ITC	2		4G0N_A_B,3KUD_A_B,1LFD_A_B,1GUA_A_B,1C1Y_A_B,1K8R_A_B,1HE8_A_B,1E96_A_B	6	4G0N_A_21
103	4G0N_A_TA35S	TA35S	TA35S	4G0N	4G0N_A	P01112	-2.214	-2.214	5e-08	2.1e-06	INT	SFFL	2		4G0N_A_B,3KUD_A_B,1LFD_A_B,1GUA_A_B,1C1Y_A_B,1K8R_A_B,1HE8_A_B,1E96_A_B	6	4G0N_A_35
104	2REX_B_YB114F	YB114F	YB97F	2REX	2REX_B	Q92730	0.0	0.0	5.5e-06	5.5e-06	RIM	ITC	2		2REX_A_B,3Q3J_A_B,3EG5_A_B	6	2REX_B_114
105	3KUD_A_TA35A	TA35A	TA35A	3KUD	3KUD_A	P01112	-1.991	-1.991	1.7e-06	4.9e-05	INT	IAFL	2		4G0N_A_B,3KUD_A_B,1LFD_A_B,1GUA_A_B,1C1Y_A_B,1K8R_A_B,1HE8_A_B,1E96_A_B	6	3KUD_A_35
106	1XD3_B_IB44A	IB44A	IB44A	1XD3	1XD3_B	P0CG48	-0.266	-0.266	3e-07	4.7e-07	SUP	IARA	1		1XD3_A_B,2OOB_A_B,3M63_A_B	6	1XD3_B_44
107	1XD3_B_RB74L	RB74L	RB74L	1XD3	1XD3_B	P0CG48	-2.378	-2.378	3e-07	1.66e-05	COR	IARA	1		1XD3_A_B,2OOB_A_B,3M63_A_B	6	1XD3_B_74
108	1XD3_B_RB72L	RB72L	RB72L	1XD3	1XD3_B	P0CG48	-1.302	-1.302	3e-07	2.7e-06	COR	IARA	1		1XD3_A_B,2OOB_A_B,3M63_A_B	6	1XD3_B_72
109	1XD3_B_HB68N	HB68N	HB68N	1XD3	1XD3_B	P0CG48	0.0	0.0	3e-07	3e-07	COR	IARA	1		1XD3_A_B,2OOB_A_B,3M63_A_B	6	1XD3_B_68
110	1XD3_B_RB54L	RB54L	RB54L	1XD3	1XD3_B	P0CG48	-0.869	-0.869	3e-07	1.3e-06	SUR	IARA	1		1XD3_A_B,2OOB_A_B,3M63_A_B	6	1XD3_B_54
111	1XD3_B_RB42L	RB42L	RB42L	1XD3	1XD3_B	P0CG48	0.862	0.862	3e-07	7e-08	SUP	IARA	1		1XD3_A_B,2OOB_A_B,3M63_A_B	6	1XD3_B_42
112	1XD3_B_KB27A	KB27A	KB27A	1XD3	1XD3_B	P0CG48	0.062	0.062	3e-07	2.7e-07	SUP	IARA	1		1XD3_A_B,2OOB_A_B,3M63_A_B	6	1XD3_B_27
113	1XD3_B_KB33R	KB33R	KB33R	1XD3	1XD3_B	P0CG48	0.0	0.0	3e-07	3e-07	SUR	IARA	1		1XD3_A_B,2OOB_A_B,3M63_A_B	6	1XD3_B_33
114	1XD3_B_KB27R	KB27R	KB27R	1XD3	1XD3_B	P0CG48	-0.266	-0.266	3e-07	4.7e-07	SUP	IARA	1		1XD3_A_B,2OOB_A_B,3M63_A_B	6	1XD3_B_27
115	1XD3_B_KB11R	KB11R	KB11R	1XD3	1XD3_B	P0CG48	-1.402	-1.402	3e-07	3.2e-06	RIM	IARA	1		1XD3_A_B,2OOB_A_B,3M63_A_B	6	1XD3_B_11
116	1XD3_B_LB8A	LB8A	LB8A	1XD3	1XD3_B	P0CG48	-2.677	-2.677	3e-07	2.75e-05	COR	IARA	1		1XD3_A_B,2OOB_A_B,3M63_A_B	6	1XD3_B_8
117	1XD3_B_KB6R	KB6R	KB6R	1XD3	1XD3_B	P0CG48	-0.303	-0.303	3e-07	5e-07	RIM	IARA	1		1XD3_A_B,2OOB_A_B,3M63_A_B	6	1XD3_B_6
118	1XD3_B_DB58A	DB58A	DB58A	1XD3	1XD3_B	P0CG48	0.24	0.24	3e-07	2e-07	SUR	IARA	1		1XD3_A_B,2OOB_A_B,3M63_A_B	6	1XD3_B_58
119	1XD3_B_DB52A	DB52A	DB52A	1XD3	1XD3_B	P0CG48	0.24	0.24	3e-07	2e-07	SUR	IARA	1		1XD3_A_B,2OOB_A_B,3M63_A_B	6	1XD3_B_52
120	1XD3_B_EB51A	EB51A	EB51A	1XD3	1XD3_B	P0CG48	-1.535	-1.535	3e-07	4e-06	SUR	IARA	1		1XD3_A_B,2OOB_A_B,3M63_A_B	6	1XD3_B_51
121	1XD3_B_DB39A	DB39A	DB39A	1XD3	1XD3_B	P0CG48	0.411	0.411	3e-07	1.5e-07	RIM	IARA	1		1XD3_A_B,2OOB_A_B,3M63_A_B	6	1XD3_B_39
122	1XD3_B_EB24A	EB24A	EB24A	1XD3	1XD3_B	P0CG48	0.24	0.24	3e-07	2e-07	SUR	IARA	1		1XD3_A_B,2OOB_A_B,3M63_A_B	6	1XD3_B_24
123	1XD3_B_KB6A	KB6A	KB6A	1XD3	1XD3_B	P0CG48	-1.344	-1.344	3e-07	2.9e-06	RIM	IARA	1		1XD3_A_B,2OOB_A_B,3M63_A_B	6	1XD3_B_6
124	2REX_A_LA1815Y	LA1815Y	LA70Y	2REX	2REX_A	O43157	-0.558	-0.558	5.5e-06	1.41e-05	COR	ITC	2		2REX_A_B,3Q3J_A_B,3EG5_A_B	6	2REX_A_1815
125	3Q3J_B_YB114F	YB114F	YB100F	3Q3J	3Q3J_B	Q92730	-0.211	-0.211	7e-06	1e-05	RIM	ITC	2		3Q3J_A_B,2REX_A_B,3EG5_A_B	6	3Q3J_B_114
126	1E96_A_DA38N	DA38N	DA38N	1E96	1E96_A	P63000	-2.202	-2.202	1.24e-07	5.1e-06	SUR	FL	1		1E96_A_B,4G0N_A_B,3KUD_A_B	6	1E96_A_38
127	1E96_A_IA33N	IA33N	IA33N	1E96	1E96_A	P63000	-2.043	-2.043	1.24e-07	3.9e-06	RIM	FL	1		1E96_A_B,4G0N_A_B,3KUD_A_B	6	1E96_A_33
128	1E96_A_NA26H	NA26H	NA26H	1E96	1E96_A	P63000	-1.105	-1.105	1.24e-07	8e-07	COR	FL	1		1E96_A_B,4G0N_A_B,3KUD_A_B	6	1E96_A_26
129	1E96_A_LA134R	LA134R	LA134R	1E96	1E96_A	P63000	0.127	0.127	1.24e-07	1e-07	SUR	FL	1		1E96_A_B,4G0N_A_B,3KUD_A_B	6	1E96_A_134
130	1E96_A_KA132E	KA132E	KA132E	1E96	1E96_A	P63000	0.19	0.19	1.24e-07	9e-08	SUR	FL	1		1E96_A_B,4G0N_A_B,3KUD_A_B	6	1E96_A_132
131	1E96_A_MA45T	MA45T	MA45T	1E96	1E96_A	P63000	-0.366	-0.366	1.24e-07	2.3e-07	SUR	FL	1		1E96_A_B,4G0N_A_B,3KUD_A_B	6	1E96_A_45
132	1LFD_B_DB238A	DB238A	DB38A	1LFD	1LFD_B	P01112	-3.747	-3.747,-3.747	1.21e-06,1e-06	0.000675,0.0001	COR	IAFL	2		1LFD_A_B,4G0N_A_B,3KUD_A_B,1K8R_A_B,1HE8_A_B,1GUA_A_B,1C1Y_A_B	6	1LFD_B_238
133	1LFD_B_RB241A	RB241A	RB41A	1LFD	1LFD_B	P01112	-0.901	-0.901,-0.901	6.91e-07,1.21e-06	3.16e-06,4.41e-06	RIM	ITC,IAFL	2		1LFD_A_B,4G0N_A_B,3KUD_A_B,1K8R_A_B,1HE8_A_B,1GUA_A_B,1C1Y_A_B	6	1LFD_B_241
134	1LFD_B_YB240F	YB240F	YB40F	1LFD	1LFD_B	P01112	-2.301	-2.301,-2.301	6.91e-07,1.21e-06	3.36e-05,3.09e-05	SUP	ITC,IAFL	2		1LFD_A_B,4G0N_A_B,3KUD_A_B,1K8R_A_B,1HE8_A_B,1GUA_A_B,1C1Y_A_B	6	1LFD_B_240
135	1LFD_B_SB239A	SB239A	SB39A	1LFD	1LFD_B	P01112	0.6	0.6,0.6	6.91e-07,1.21e-06	2.51e-07,2.8e-07	COR	ITC,IAFL	2		1LFD_A_B,4G0N_A_B,3KUD_A_B,1K8R_A_B,1HE8_A_B,1GUA_A_B,1C1Y_A_B	6	1LFD_B_239
136	1LFD_B_DB233A	DB233A	DB33A	1LFD	1LFD_B	P01112	-1.101	-1.101	6.91e-07	4.43e-06	RIM	ITC	2		1LFD_A_B,4G0N_A_B,3KUD_A_B,1K8R_A_B,1HE8_A_B,1GUA_A_B,1C1Y_A_B	6	1LFD_B_233
137	1LFD_B_QB225A	QB225A	QB25A	1LFD	1LFD_B	P01112	-0.901	-0.901	6.91e-07	3.16e-06	RIM	ITC	2		1LFD_A_B,4G0N_A_B,3KUD_A_B,1K8R_A_B,1HE8_A_B,1GUA_A_B,1C1Y_A_B	6	1LFD_B_225
138	1LFD_B_EB237A	EB237A	EB37A	1LFD	1LFD_B	P01112	-1.151	-1.151	1.21e-06	8.44e-06	COR	IAFL	2		1LFD_A_B,4G0N_A_B,3KUD_A_B,1K8R_A_B,1HE8_A_B,1GUA_A_B,1C1Y_A_B	6	1LFD_B_237
139	1LFD_B_VB229A	VB229A	VB29A	1LFD	1LFD_B	P01112	-0.478	-0.478	1.21e-06	2.71e-06	RIM	IAFL	2		1LFD_A_B,4G0N_A_B,3KUD_A_B,1K8R_A_B,1HE8_A_B,1GUA_A_B,1C1Y_A_B	6	1LFD_B_229
140	1LFD_B_EB263A	EB263A	EB63A	1LFD	1LFD_B	P01112	-0.286	-0.286	1.21e-06	1.96e-06	SUR	IAFL	2		1LFD_A_B,4G0N_A_B,3KUD_A_B,1K8R_A_B,1HE8_A_B,1GUA_A_B,1C1Y_A_B	6	1LFD_B_263
141	1LFD_B_EB262A	EB262A	EB62A	1LFD	1LFD_B	P01112	-0.191	-0.191	1.21e-06	1.67e-06	SUR	IAFL	2		1LFD_A_B,4G0N_A_B,3KUD_A_B,1K8R_A_B,1HE8_A_B,1GUA_A_B,1C1Y_A_B	6	1LFD_B_262
142	1LFD_B_YB240A	YB240A	YB40A	1LFD	1LFD_B	P01112	-3.555	-3.555	1.21e-06	0.000488	SUP	IAFL	2		1LFD_A_B,4G0N_A_B,3KUD_A_B,1K8R_A_B,1HE8_A_B,1GUA_A_B,1C1Y_A_B	6	1LFD_B_240
143	1LFD_B_YB232W	YB232W	YB32W	1LFD	1LFD_B	P01112	0.211	0.211	1e-06	7e-07	SUR	IAFL	2		1LFD_A_B,4G0N_A_B,3KUD_A_B,1K8R_A_B,1HE8_A_B,1GUA_A_B,1C1Y_A_B	6	1LFD_B_232
144	3KUD_B_NB71R	NB71R	NB16R	3KUD	3KUD_B	P04049	0.798	0.798	1.7e-06	4.42e-07	RIM	IAFL	2		4G0N_A_B,3KUD_A_B,1LFD_A_B,1GUA_A_B,1C1Y_A_B,1K8R_A_B,1HE8_A_B,1E96_A_B	6	3KUD_B_71
145	3KUD_B_KB85A	KB85A	KB30A	3KUD	3KUD_B	P04049	-1.954	-1.954	1.7e-06	4.6e-05	COR	IAFL	2		4G0N_A_B,3KUD_A_B,1LFD_A_B,1GUA_A_B,1C1Y_A_B,1K8R_A_B,1HE8_A_B,1E96_A_B	6	3KUD_B_85
146	5XCO_A_DA12G	DA12G	DA13G	5XCO	5XCO_A	P01116	-1.11	-1.11	8.9e-09	5.8e-08	SUR	SPR	2		5XCO_A_B,5TAR_A_B,2A9K_A_B	6	5XCO_A_12
147	5XCO_A_DA12C	DA12C	DA13C	5XCO	5XCO_A	P01116	-0.811	-0.811	8.9e-09	3.5e-08	SUR	SPR	2		5XCO_A_B,5TAR_A_B,2A9K_A_B	6	5XCO_A_12
148	5UFQ_A_DA12G	DA12G	DA12G	5UFQ	5UFQ_A	P01116	-1.221	-1.221,-1.221,-1.221	6.4e-09,4e-09,6.4e-09	5.03e-08,4.1e-08,5.03e-08	SUR	SP,BI	2		5UFE_A_B,5UFQ_A_C,1K8R_A_B,1HE8_A_B	6	5UFQ_A_12
149	5UFQ_A_DA12V	DA12V	DA12V	5UFQ	5UFQ_A	P01116	-0.651	-0.651	4e-09	1.2e-08	SUR	BI	2		5UFE_A_B,5UFQ_A_C,1K8R_A_B,1HE8_A_B	6	5UFQ_A_12
150	5UFQ_A_DA12C	DA12C	DA12C	5UFQ	5UFQ_A	P01116	-0.982	-0.982	4e-09	2.1e-08	SUR	BI	2		5UFE_A_B,5UFQ_A_C,1K8R_A_B,1HE8_A_B	6	5UFQ_A_12
151	1GUA_B_KB84A	KB84A	KB29A	1GUA	1GUA_B	P04049	-1.999	-1.999	4.93e-07	1.44e-05	RIM	ITC	2		1GUA_A_B,1C1Y_A_B,4G0N_A_B,3KUD_A_B,1LFD_A_B,1K8R_A_B,1HE8_A_B	6	1GUA_B_84
152	1GUA_B_VB69A	VB69A	VB14A	1GUA	1GUA_B	P04049	-0.1	-0.1	4.93e-07	5.84e-07	COR	ITC	2		1GUA_A_B,1C1Y_A_B,4G0N_A_B,3KUD_A_B,1LFD_A_B,1K8R_A_B,1HE8_A_B	6	1GUA_B_69
153	1GUA_B_TB68A	TB68A	TB13A	1GUA	1GUA_B	P04049	-0.701	-0.701	4.93e-07	1.61e-06	SUP	ITC	2		1GUA_A_B,1C1Y_A_B,4G0N_A_B,3KUD_A_B,1LFD_A_B,1K8R_A_B,1HE8_A_B	6	1GUA_B_68
154	1GUA_B_QB66A	QB66A	QB11A	1GUA	1GUA_B	P04049	-0.1	-0.1	4.93e-07	5.84e-07	COR	ITC	2		1GUA_A_B,1C1Y_A_B,4G0N_A_B,3KUD_A_B,1LFD_A_B,1K8R_A_B,1HE8_A_B	6	1GUA_B_66
155	1GUA_B_KB65A	KB65A	KB10A	1GUA	1GUA_B	P04049	0.4	0.4	4.93e-07	2.51e-07	RIM	ITC	2		1GUA_A_B,1C1Y_A_B,4G0N_A_B,3KUD_A_B,1LFD_A_B,1K8R_A_B,1HE8_A_B	6	1GUA_B_65
156	1GUA_B_NB64A	NB64A	NB9A	1GUA	1GUA_B	P04049	0.4	0.4	4.93e-07	2.51e-07	RIM	ITC	2		1GUA_A_B,1C1Y_A_B,4G0N_A_B,3KUD_A_B,1LFD_A_B,1K8R_A_B,1HE8_A_B	6	1GUA_B_64
157	1GUA_B_RB59A	RB59A	RB4A	1GUA	1GUA_B	P04049	-1.001	-1.001	4.93e-07	2.67e-06	RIM	ITC	2		1GUA_A_B,1C1Y_A_B,4G0N_A_B,3KUD_A_B,1LFD_A_B,1K8R_A_B,1HE8_A_B	6	1GUA_B_59
158	1GUA_B_VB88A	VB88A	VB33A	1GUA	1GUA_B	P04049	-0.2	-0.2	4.93e-07	6.91e-07	COR	ITC	2		1GUA_A_B,1C1Y_A_B,4G0N_A_B,3KUD_A_B,1LFD_A_B,1K8R_A_B,1HE8_A_B	6	1GUA_B_88
159	1GUA_B_KB87A	KB87A	KB32A	1GUA	1GUA_B	P04049	-0.799	-0.799	4.93e-07	1.9e-06	RIM	ITC	2		1GUA_A_B,1C1Y_A_B,4G0N_A_B,3KUD_A_B,1LFD_A_B,1K8R_A_B,1HE8_A_B	6	1GUA_B_87
160	1K8R_A_DA38N	DA38N	DA38N	1K8R	1K8R_A	P01112	-1.896	-1.896	2.99e-07	7.34e-06	COR	IAFL	2		1K8R_A_B,4G0N_A_B,3KUD_A_B,1LFD_A_B,1HE8_A_B,5UFE_A_B,5UFQ_A_C,1GUA_A_B,1C1Y_A_B	6	1K8R_A_38
161	1K8R_A_DA38E	DA38E	DA38E	1K8R	1K8R_A	P01112	-3.438	-3.438	2.99e-07	9.9e-05	COR	IAFL	2		1K8R_A_B,4G0N_A_B,3KUD_A_B,1LFD_A_B,1HE8_A_B,5UFE_A_B,5UFQ_A_C,1GUA_A_B,1C1Y_A_B	6	1K8R_A_38
162	1K8R_A_DA38A	DA38A	DA38A	1K8R	1K8R_A	P01112	-1.712	-1.712	2.99e-07	5.38e-06	COR	IAFL	2		1K8R_A_B,4G0N_A_B,3KUD_A_B,1LFD_A_B,1HE8_A_B,5UFE_A_B,5UFQ_A_C,1GUA_A_B,1C1Y_A_B	6	1K8R_A_38
163	1K8R_A_EA37A	EA37A	EA37A	1K8R	1K8R_A	P01112	-0.306	-0.306	2.99e-07	5.01e-07	RIM	IAFL	2		1K8R_A_B,4G0N_A_B,3KUD_A_B,1LFD_A_B,1HE8_A_B,5UFE_A_B,5UFQ_A_C,1GUA_A_B,1C1Y_A_B	6	1K8R_A_37
164	1K8R_A_DA33A	DA33A	DA33A	1K8R	1K8R_A	P01112	-1.535	-1.535	2.99e-07	3.99e-06	RIM	IAFL	2		1K8R_A_B,4G0N_A_B,3KUD_A_B,1LFD_A_B,1HE8_A_B,5UFE_A_B,5UFQ_A_C,1GUA_A_B,1C1Y_A_B	6	1K8R_A_33
165	1K8R_A_EA31K	EA31K	EA31K	1K8R	1K8R_A	P01112	-0.171	-0.171	2.99e-07	3.99e-07	SUR	IAFL	2		1K8R_A_B,4G0N_A_B,3KUD_A_B,1LFD_A_B,1HE8_A_B,5UFE_A_B,5UFQ_A_C,1GUA_A_B,1C1Y_A_B	6	1K8R_A_31
166	1K8R_A_EA63A	EA63A	EA63A	1K8R	1K8R_A	P01112	-0.41	-0.41	2.99e-07	5.97e-07	SUR	IAFL	2		1K8R_A_B,4G0N_A_B,3KUD_A_B,1LFD_A_B,1HE8_A_B,5UFE_A_B,5UFQ_A_C,1GUA_A_B,1C1Y_A_B	6	1K8R_A_63
167	1K8R_A_EA62A	EA62A	EA62A	1K8R	1K8R_A	P01112	-0.41	-0.41	2.99e-07	5.97e-07	SUR	IAFL	2		1K8R_A_B,4G0N_A_B,3KUD_A_B,1LFD_A_B,1HE8_A_B,5UFE_A_B,5UFQ_A_C,1GUA_A_B,1C1Y_A_B	6	1K8R_A_62
168	1K8R_A_DA57A	DA57A	DA57A	1K8R	1K8R_A	P01112	-1.18	-1.18	2.99e-07	2.19e-06	INT	IAFL	2		1K8R_A_B,4G0N_A_B,3KUD_A_B,1LFD_A_B,1HE8_A_B,5UFE_A_B,5UFQ_A_C,1GUA_A_B,1C1Y_A_B	6	1K8R_A_57
169	1K8R_A_RA41A	RA41A	RA41A	1K8R	1K8R_A	P01112	-1.18	-1.18	2.99e-07	2.19e-06	COR	IAFL	2		1K8R_A_B,4G0N_A_B,3KUD_A_B,1LFD_A_B,1HE8_A_B,5UFE_A_B,5UFQ_A_C,1GUA_A_B,1C1Y_A_B	6	1K8R_A_41
170	1K8R_A_YA40F	YA40F	YA40F	1K8R	1K8R_A	P01112	-1.492	-1.492	2.99e-07	3.71e-06	SUP	IAFL	2		1K8R_A_B,4G0N_A_B,3KUD_A_B,1LFD_A_B,1HE8_A_B,5UFE_A_B,5UFQ_A_C,1GUA_A_B,1C1Y_A_B	6	1K8R_A_40
171	1K8R_A_YA40C	YA40C	YA40C	1K8R	1K8R_A	P01112	-3.438	-3.438	2.99e-07	9.9e-05	SUP	IAFL	2		1K8R_A_B,4G0N_A_B,3KUD_A_B,1LFD_A_B,1HE8_A_B,5UFE_A_B,5UFQ_A_C,1GUA_A_B,1C1Y_A_B	6	1K8R_A_40
172	1K8R_A_SA39A	SA39A	SA39A	1K8R	1K8R_A	P01112	-0.715	-0.715	2.99e-07	1e-06	COR	IAFL	2		1K8R_A_B,4G0N_A_B,3KUD_A_B,1LFD_A_B,1HE8_A_B,5UFE_A_B,5UFQ_A_C,1GUA_A_B,1C1Y_A_B	6	1K8R_A_39
173	3M62_B_VB69A	VB69A	VB67A	3M62	3M62_B	P32628	-1.138	-1.138	7e-08	4.78e-07	COR	ITC	2		3M62_A_B,3M63_A_B	6	3M62_B_69
174	3M62_B_QB67A	QB67A	QB65A	3M62	3M62_B	P32628	-0.284	-0.284	7e-08	1.13e-07	RIM	ITC	2		3M62_A_B,3M63_A_B	6	3M62_B_67
175	3M62_B_QB52A	QB52A	QB50A	3M62	3M62_B	P32628	-1.054	-1.054	7e-08	4.15e-07	RIM	ITC	2		3M62_A_B,3M63_A_B	6	3M62_B_52
176	3M62_B_VB50A	VB50A	VB48A	3M62	3M62_B	P32628	-1.09	-1.09	7e-08	4.41e-07	RIM	ITC	2		3M62_A_B,3M63_A_B	6	3M62_B_50
177	3M62_B_SB47A	SB47A	SB45A	3M62	3M62_B	P32628	-1.279	-1.279	7e-08	6.06e-07	COR	ITC	2		3M62_A_B,3M63_A_B	6	3M62_B_47
178	3M62_B_IB45A	IB45A	IB43A	3M62	3M62_B	P32628	-2.884	-2.884	7e-08	9.1e-06	COR	ITC	2		3M62_A_B,3M63_A_B	6	3M62_B_45
179	3M62_B_KB10A	KB10A	KB8A	3M62	3M62_B	P32628	-0.497	-0.497	7e-08	1.62e-07	SUR	ITC	2		3M62_A_B,3M63_A_B	6	3M62_B_10
180	3M62_B_FB9A	FB9A	FB7A	3M62	3M62_B	P32628	-0.996	-0.996	7e-08	3.76e-07	RIM	ITC	2		3M62_A_B,3M63_A_B	6	3M62_B_9
181	3M62_B_MB71A	MB71A	MB69A	3M62	3M62_B	P32628	-0.681	-0.681	7e-08	2.21e-07	COR	ITC	2		3M62_A_B,3M63_A_B	6	3M62_B_71
182	1K8R_B_RB160A	RB160A	RB77A	1K8R	1K8R_B	P28829	-1.437	-1.437	2.99e-07	3.38e-06	COR	IAFL	2		1K8R_A_B,4G0N_A_B,3KUD_A_B,1LFD_A_B,1HE8_A_B,5UFE_A_B,5UFQ_A_C,1GUA_A_B,1C1Y_A_B	6	1K8R_B_160
183	1K8R_B_RB159A	RB159A	RB76A	1K8R	1K8R_B	P28829	-0.715	-0.715	2.99e-07	1e-06	SUR	IAFL	2		1K8R_A_B,4G0N_A_B,3KUD_A_B,1LFD_A_B,1HE8_A_B,5UFE_A_B,5UFQ_A_C,1GUA_A_B,1C1Y_A_B	6	1K8R_B_159
184	1K8R_B_KB101A	KB101A	KB31A	1K8R	1K8R_B	P28829	-2.728	-2.728	2.99e-07	2.99e-05	COR	IAFL	2		1K8R_A_B,4G0N_A_B,3KUD_A_B,1LFD_A_B,1HE8_A_B,5UFE_A_B,5UFQ_A_C,1GUA_A_B,1C1Y_A_B	6	1K8R_B_101
185	1K8R_B_KB93A	KB93A	KB23A	1K8R	1K8R_B	P28829	-0.587	-0.587	2.99e-07	8.05e-07	SUR	IAFL	2		1K8R_A_B,4G0N_A_B,3KUD_A_B,1LFD_A_B,1HE8_A_B,5UFE_A_B,5UFQ_A_C,1GUA_A_B,1C1Y_A_B	6	1K8R_B_93
186	1K8R_B_RB83A	RB83A	RB13A	1K8R	1K8R_B	P28829	-2.801	-2.801	2.99e-07	3.38e-05	COR	IAFL	2		1K8R_A_B,4G0N_A_B,3KUD_A_B,1LFD_A_B,1HE8_A_B,5UFE_A_B,5UFQ_A_C,1GUA_A_B,1C1Y_A_B	6	1K8R_B_83
187	1K8R_B_QB81A	QB81A	QB11A	1K8R	1K8R_B	P28829	-1.798	-1.798	2.99e-07	6.22e-06	COR	IAFL	2		1K8R_A_B,4G0N_A_B,3KUD_A_B,1LFD_A_B,1HE8_A_B,5UFE_A_B,5UFQ_A_C,1GUA_A_B,1C1Y_A_B	6	1K8R_B_81
188	3EG5_A_HA104F	HA104F	HA104F	3EG5	3EG5_A	P60766	2.085	2.085	1.25e-06	3.7e-08	COR	ITC	2		3EG5_A_B,1GRN_A_B,2REX_A_B,3Q3J_A_B	6	3EG5_A_104
189	5UFE_A_GA12D	GA12D	GA12D	5UFE	5UFE_A	P01116	1.221	1.221,1.221,1.221	5.03e-08,4.1e-08,5.03e-08	6.4e-09,4e-09,6.4e-09	SUR	SP,BI	2		5UFE_A_B,5UFQ_A_C,1K8R_A_B,1HE8_A_B	6	5UFE_A_12
190	5UFE_A_GA12V	GA12V	GA12V	5UFE	5UFE_A	P01116	0.728	0.728	4.1e-08	1.2e-08	SUR	BI	2		5UFE_A_B,5UFQ_A_C,1K8R_A_B,1HE8_A_B	6	5UFE_A_12
191	5UFE_A_GA12C	GA12C	GA12C	5UFE	5UFE_A	P01116	0.396	0.396	4.1e-08	2.1e-08	SUR	BI	2		5UFE_A_B,5UFQ_A_C,1K8R_A_B,1HE8_A_B	6	5UFE_A_12
192	5UFE_B_QB27R	QB27R	QB25R	5UFE	5UFE_B	Not Mapped	-0.292	-0.292	5.03e-08	8.24e-08	RIM	SP	2		5UFE_A_B,5UFQ_A_C,1K8R_A_B,1HE8_A_B	6	5UFE_B_27
193	1Y3C_I_AI62R	AI62R	AI43R	1Y3C	1Y3C_I	Q40059	1.256	1.256	2.5e-11	3e-12	INT	IASP	1	Pr/PI	Pr/PI	2	1Y3C_I_62
194	1TM4_I_GI59M	GI59M	GI40M	1TM4	1TM4_I	Q40059	2.233	2.233	1.3e-10	3e-12	COR	IASP	1	Pr/PI	Pr/PI	2	1TM4_I_59
195	1TM5_I_AI59M	AI59M	AI40M	1TM5	1TM5_I	Q40059	1.028	1.028	1.7e-11	3e-12	COR	IASP	1	Pr/PI	Pr/PI	2	1TM5_I_59
196	1TM7_I_YI59M	YI59M	YI40M	1TM7	1TM7_I	Q40059	0.056	0.056	3.3e-12	3e-12	COR	IASP	1	Pr/PI	Pr/PI	2	1TM7_I_59
197	1ACB_I_LI45P	LI45P	LI38P	1ACB	1ACB_I	P01051	-6.949	-6.949	1.49e-12	1.85e-07	COR	IASP	1	Pr/PI	Pr/PI	2	1ACB_I_45
198	1ACB_I_LI45I	LI45I	LI38I	1ACB	1ACB_I	P01051	-4.29	-4.29	1.49e-12	2.08e-09	COR	IASP	1	Pr/PI	Pr/PI	2	1ACB_I_45
199	1ACB_I_LI45S	LI45S	LI38S	1ACB	1ACB_I	P01051	-5.021	-5.021	1.49e-12	7.14e-09	COR	IASP	1	Pr/PI	Pr/PI	2	1ACB_I_45
200	1ACB_I_LI45D	LI45D	LI38D	1ACB	1ACB_I	P01051	-6.867	-6.867	1.49e-12	1.61e-07	COR	IASP	1	Pr/PI	Pr/PI	2	1ACB_I_45
201	1ACB_I_LI45E	LI45E	LI38E	1ACB	1ACB_I	P01051	-6.646	-6.646	1.49e-12	1.11e-07	COR	IASP	1	Pr/PI	Pr/PI	2	1ACB_I_45
202	1ACB_I_LI45G	LI45G	LI38G	1ACB	1ACB_I	P01051	-6.118	-6.118	1.49e-12	4.55e-08	COR	IASP	1	Pr/PI	Pr/PI	2	1ACB_I_45
203	1Y34_I_AI60E	AI60E	AI41E	1Y34	1Y34_I	Q40059	3.054	3.054	5.2e-10	3e-12	COR	IASP	1	Pr/PI	Pr/PI	2	1Y34_I_60
204	1Y1K_I_AI58T	AI58T	AI39T	1Y1K	1Y1K_I	Q40059	2.728	2.728	3e-10	3e-12	COR	IASP	1	Pr/PI	Pr/PI	2	1Y1K_I_58
205	1Y48_I_AI65R	AI65R	AI46R	1Y48	1Y48_I	Q40059	3.756	3.756	1.7e-09	3e-12	INT	IASP	1	Pr/PI	Pr/PI	2	1Y48_I_65
206	1Y33_I_PI58T	PI58T	PI39T	1Y33	1Y33_I	Q40059	3.756	3.756	1.7e-09	3e-12	COR	IASP	1	Pr/PI	Pr/PI	2	1Y33_I_58
207	1SIB_I_KI53R	KI53R	KI46R	1SIB	1SIB_I	P01051	0.732	0.732	1.1e-10	3.2e-11	INT	IASP	1	Pr/PI	Pr/PI	2	1SIB_I_53
208	1CSE_I_LI45G	LI45G	LI38G	1CSE	1CSE_I	P01051	-2.281	-2.281	1.12e-12	5.26e-11	COR	IASP	1	Pr/PI	Pr/PI	2	1CSE_I_45
209	1CSE_I_LI45S	LI45S	LI38S	1CSE	1CSE_I	P01051	-1.189	-1.189	1.12e-12	8.33e-12	COR	IASP	1	Pr/PI	Pr/PI	2	1CSE_I_45
210	1CSE_I_LI45P	LI45P	LI38P	1CSE	1CSE_I	P01051	-6.765	-6.765	1.12e-12	1.02e-07	COR	IASP	1	Pr/PI	Pr/PI	2	1CSE_I_45
211	1CSE_I_LI45D	LI45D	LI38D	1CSE	1CSE_I	P01051	-4.412	-4.412	1.12e-12	1.92e-09	COR	IASP	1	Pr/PI	Pr/PI	2	1CSE_I_45
212	1CSE_I_LI45I	LI45I	LI38I	1CSE	1CSE_I	P01051	-2.982	-2.982	1.12e-12	1.72e-10	COR	IASP	1	Pr/PI	Pr/PI	2	1CSE_I_45
213	1CSE_I_LI45E	LI45E	LI38E	1CSE	1CSE_I	P01051	-2.383	-2.383	1.12e-12	6.25e-11	COR	IASP	1	Pr/PI	Pr/PI	2	1CSE_I_45
214	1TMG_I_FI59M	FI59M	FI40M	1TMG	1TMG_I	Q40059	1.028	1.028	1.7e-11	3e-12	COR	IASP	1	Pr/PI	Pr/PI	2	1TMG_I_59
215	1Y3B_I_SI60E	SI60E	SI41E	1Y3B	1Y3B_I	Q40059	2.748	2.748	3.1e-10	3e-12	COR	IASP	1	Pr/PI	Pr/PI	2	1Y3B_I_60
216	1Y3D_I_AI67R	AI67R	AI48R	1Y3D	1Y3D_I	Q40059	3.098	3.098	5.6e-10	3e-12	INT	IASP	1	Pr/PI	Pr/PI	2	1Y3D_I_67
217	1TM3_I_KI59M	KI59M	KI40M	1TM3	1TM3_I	Q40059	1.094	1.094	1.9e-11	3e-12	COR	IASP	1	Pr/PI	Pr/PI	2	1TM3_I_59
218	1TM1_I_EI60A	EI60A	EI41A	1TM1	1TM1_I	Q40059	-2.925	-2.925,-2.925	7e-13,3e-12	9.75e-11,5.2e-10	COR	IASP	1	Pr/PI	Pr/PI	2	1TM1_I_60
219	1TM1_I_TI58A	TI58A	TI39A	1TM1	1TM1_I	Q40059	-2.572	-2.572,-2.572	7e-13,3e-12	5.38e-11,3e-10	COR	IASP	1	Pr/PI	Pr/PI	2	1TM1_I_58
220	1TM1_I_RI67A	RI67A	RI48A	1TM1	1TM1_I	Q40059	-2.923	-2.923,-2.923	2e-12,3e-12	2.78e-10,5.6e-10	SUP	IASP,SFFL	1	Pr/PI	Pr/PI	2	1TM1_I_67
221	1TM1_I_YI61A	YI61A	YI42A	1TM1	1TM1_I	Q40059	-2.18	-2.18,-2.18	2e-12,3e-12	7.92e-11,4.6e-10	COR	IASP,SFFL	1	Pr/PI	Pr/PI	2	1TM1_I_61
222	1TM1_I_RI65A	RI65A	RI46A	1TM1	1TM1_I	Q40059	-3.08	-3.08,-3.08	2e-12,3e-12	3.62e-10,1.7e-09	INT	IASP,SFFL	1	Pr/PI	Pr/PI	2	1TM1_I_65
223	1TM1_I_EI60S	EI60S	EI41S	1TM1	1TM1_I	Q40059	-2.748	-2.748	3e-12	3.1e-10	COR	IASP	1	Pr/PI	Pr/PI	2	1TM1_I_60
224	1TM1_I_TI58P	TI58P	TI39P	1TM1	1TM1_I	Q40059	-3.756	-3.756	3e-12	1.7e-09	COR	IASP	1	Pr/PI	Pr/PI	2	1TM1_I_58
225	1TM1_I_VI70A	VI70A	VI51A	1TM1	1TM1_I	Q40059	-0.025	-0.025	7e-13	7.3e-13	INT	IASP	1	Pr/PI	Pr/PI	2	1TM1_I_70
226	1TM1_I_RI62A	RI62A	RI43A	1TM1	1TM1_I	Q40059	-1.256	-1.256	3e-12	2.5e-11	RIM	IASP	1	Pr/PI	Pr/PI	2	1TM1_I_62
227	1TM1_I_MI59F	MI59F	MI40F	1TM1	1TM1_I	Q40059	-1.028	-1.028	3e-12	1.7e-11	COR	IASP	1	Pr/PI	Pr/PI	2	1TM1_I_59
228	1TM1_I_MI59Y	MI59Y	MI40Y	1TM1	1TM1_I	Q40059	-0.056	-0.056	3e-12	3.3e-12	COR	IASP	1	Pr/PI	Pr/PI	2	1TM1_I_59
229	1TM1_I_MI59K	MI59K	MI40K	1TM1	1TM1_I	Q40059	-1.094	-1.094	3e-12	1.9e-11	COR	IASP	1	Pr/PI	Pr/PI	2	1TM1_I_59
230	1TM1_I_MI59A	MI59A	MI40A	1TM1	1TM1_I	Q40059	-1.028	-1.028	3e-12	1.7e-11	COR	IASP	1	Pr/PI	Pr/PI	2	1TM1_I_59
231	1TM1_I_MI59G	MI59G	MI40G	1TM1	1TM1_I	Q40059	-2.233	-2.233	3e-12	1.3e-10	COR	IASP	1	Pr/PI	Pr/PI	2	1TM1_I_59
232	1TM1_I_TI58D	TI58D	TI39D	1TM1	1TM1_I	Q40059	-2.099	-2.099	7e-13	2.42e-11	COR	IASP	1	Pr/PI	Pr/PI	2	1TM1_I_58
233	1TM1_I_RI67C	RI67C	RI48C	1TM1	1TM1_I	Q40059	-3.236	-3.236	2e-12	4.71e-10	SUP	SFFL	1	Pr/PI	Pr/PI	2	1TM1_I_67
234	1TM1_I_YI61G	YI61G	YI42G	1TM1	1TM1_I	Q40059	-4.681	-4.681	2e-12	5.4e-09	COR	SFFL	1	Pr/PI	Pr/PI	2	1TM1_I_61
235	1TO1_I_AI61Y	AI61Y	AI42Y	1TO1	1TO1_I	Q40059	2.982	2.982	4.6e-10	3e-12	COR	IASP	1	Pr/PI	Pr/PI	2	1TO1_I_61
236	1SBN_I_RI45K	RI45K	RI38K	1SBN	1SBN_I	P01051	0.31	0.31	5.4e-11	3.2e-11	COR	IASP	1	Pr/PI	Pr/PI	2	1SBN_I_45
237	2JEL_P_EP85K	EP85K	EP85K	2JEL	2JEL_P	P0AA04	0.0	0.0	3e-09	3e-09	SUR	CSPRIA	1	AB/AG	AB/AG	53	2JEL_P_85
238	2JEL_P_EP85A	EP85A	EP85A	2JEL	2JEL_P	P0AA04	0.0	0.0	3e-09	3e-09	SUR	CSPRIA	1	AB/AG	AB/AG	53	2JEL_P_85
239	2JEL_P_EP85D	EP85D	EP85D	2JEL	2JEL_P	P0AA04	0.0	0.0	3e-09	3e-09	SUR	CSPRIA	1	AB/AG	AB/AG	53	2JEL_P_85
240	2JEL_P_EP85Q	EP85Q	EP85Q	2JEL	2JEL_P	P0AA04	0.0	0.0	3e-09	3e-09	SUR	CSPRIA	1	AB/AG	AB/AG	53	2JEL_P_85
241	2JEL_P_EP83A	EP83A	EP83A	2JEL	2JEL_P	P0AA04	0.0	0.0	3e-09	3e-09	SUR	CSPRIA	1	AB/AG	AB/AG	53	2JEL_P_83
242	2JEL_P_AP82S	AP82S	AP82S	2JEL	2JEL_P	P0AA04	0.0	0.0	3e-09	3e-09	SUR	CSPRIA	1	AB/AG	AB/AG	53	2JEL_P_82
243	2JEL_P_KP79E	KP79E	KP79E	2JEL	2JEL_P	P0AA04	-0.411	-0.411	3e-09	6e-09	RIM	CSPRIA	1	AB/AG	AB/AG	53	2JEL_P_79
244	2JEL_P_HP76A	HP76A	HP76A	2JEL	2JEL_P	P0AA04	0.411	0.411	3e-09	1.5e-09	RIM	CSPRIA	1	AB/AG	AB/AG	53	2JEL_P_76
245	2JEL_P_HP76D	HP76D	HP76D	2JEL	2JEL_P	P0AA04	0.651	0.651	3e-09	1e-09	RIM	CSPRIA	1	AB/AG	AB/AG	53	2JEL_P_76
246	2JEL_P_EP75R	EP75R	EP75R	2JEL	2JEL_P	P0AA04	-2.728	-2.728	3e-09	3e-07	COR	CSPRIA	1	AB/AG	AB/AG	53	2JEL_P_75
247	2JEL_P_KP72E	KP72E	KP72E	2JEL	2JEL_P	P0AA04	-0.411	-0.411	3e-09	6e-09	RIM	CSPRIA	1	AB/AG	AB/AG	53	2JEL_P_72
248	2JEL_P_KP72R	KP72R	KP72R	2JEL	2JEL_P	P0AA04	0.0	0.0	3e-09	3e-09	RIM	CSPRIA	1	AB/AG	AB/AG	53	2JEL_P_72
249	2JEL_P_QP71E	QP71E	QP71E	2JEL	2JEL_P	P0AA04	-2.728	-2.728	3e-09	3e-07	COR	CSPRIA	1	AB/AG	AB/AG	53	2JEL_P_71
250	2JEL_P_EP70A	EP70A	EP70A	2JEL	2JEL_P	P0AA04	-2.728	-2.728	3e-09	3e-07	SUP	CSPRIA	1	AB/AG	AB/AG	53	2JEL_P_70
251	2JEL_P_EP70K	EP70K	EP70K	2JEL	2JEL_P	P0AA04	-4.093	-4.093	3e-09	3e-06	SUP	CSPRIA	1	AB/AG	AB/AG	53	2JEL_P_70
252	2JEL_P_DP69E	DP69E	DP69E	2JEL	2JEL_P	P0AA04	-0.954	-0.954	3e-09	1.5e-08	INT	CSPRIA	1	AB/AG	AB/AG	53	2JEL_P_69
253	2JEL_P_TP34N	TP34N	TP34N	2JEL	2JEL_P	P0AA04	-6.821	-6.821	3e-09	0.0003	COR	CSPRIA	2	AB/AG	AB/AG	53	2JEL_P_34
254	2JEL_P_KP27E	KP27E	KP27E	2JEL	2JEL_P	P0AA04	0.0	0.0	3e-09	3e-09	SUR	CSPRIA	1	AB/AG	AB/AG	53	2JEL_P_27
255	2JEL_P_KP24E	KP24E	KP24E	2JEL	2JEL_P	P0AA04	0.0	0.0	3e-09	3e-09	SUR	CSPRIA	1	AB/AG	AB/AG	53	2JEL_P_24
256	2JEL_P_RP17K	RP17K	RP17K	2JEL	2JEL_P	P0AA04	0.0	0.0	3e-09	3e-09	SUR	CSPRIA	1	AB/AG	AB/AG	53	2JEL_P_17
257	2JEL_P_EP68A	EP68A	EP68A	2JEL	2JEL_P	P0AA04	-0.411	-0.411	3e-09	6e-09	RIM	CSPRIA	1	AB/AG	AB/AG	53	2JEL_P_68
258	2JEL_P_EP66K	EP66K	EP66K	2JEL	2JEL_P	P0AA04	-4.093	-4.093	3e-09	3e-06	COR	CSPRIA	1	AB/AG	AB/AG	53	2JEL_P_66
259	2JEL_P_SP64T	SP64T	SP64T	2JEL	2JEL_P	P0AA04	-4.093	-4.093	3e-09	3e-06	SUP	CSPRIA	1	AB/AG	AB/AG	53	2JEL_P_64
260	2JEL_P_TP62A	TP62A	TP62A	2JEL	2JEL_P	P0AA04	0.0	0.0	3e-09	3e-09	INT	CSPRIA	1	AB/AG	AB/AG	53	2JEL_P_62
261	2JEL_P_TP62N	TP62N	TP62N	2JEL	2JEL_P	P0AA04	0.0	0.0	3e-09	3e-09	INT	CSPRIA	1	AB/AG	AB/AG	53	2JEL_P_62
262	2JEL_P_QP57E	QP57E	QP57E	2JEL	2JEL_P	P0AA04	0.411	0.411	3e-09	1.5e-09	SUR	CSPRIA	1	AB/AG	AB/AG	53	2JEL_P_57
263	2JEL_P_SP46C	SP46C	SP46C	2JEL	2JEL_P	P0AA04	0.0	0.0	3e-09	3e-09	INT	CSPRIA	1	AB/AG	AB/AG	53	2JEL_P_46
264	2JEL_P_SP43C	SP43C	SP43C	2JEL	2JEL_P	P0AA04	0.0	0.0	3e-09	3e-09	SUR	CSPRIA	1	AB/AG	AB/AG	53	2JEL_P_43
265	2JEL_P_SP41C	SP41C	SP41C	2JEL	2JEL_P	P0AA04	-1.496	-1.496	3e-09	3.75e-08	RIM	CSPRIA	1	AB/AG	AB/AG	53	2JEL_P_41
266	2JEL_P_NP38T	NP38T	NP38T	2JEL	2JEL_P	P0AA04	0.0	0.0	3e-09	3e-09	SUR	CSPRIA	1	AB/AG	AB/AG	53	2JEL_P_38
267	2JEL_P_TP36Q	TP36Q	TP36Q	2JEL	2JEL_P	P0AA04	-0.411	-0.411	3e-09	6e-09	COR	CSPRIA	1	AB/AG	AB/AG	53	2JEL_P_36
268	2JEL_P_TP34Q	TP34Q	TP34Q	2JEL	2JEL_P	P0AA04	0.0	0.0	3e-09	3e-09	COR	CSPRIA	1	AB/AG	AB/AG	53	2JEL_P_34
269	2JEL_P_RP17G	RP17G	RP17G	2JEL	2JEL_P	P0AA04	0.0	0.0	3e-09	3e-09	SUR	CSPRIA	1	AB/AG	AB/AG	53	2JEL_P_17
270	2JEL_P_NP12D	NP12D	NP12D	2JEL	2JEL_P	P0AA04	0.0	0.0	3e-09	3e-09	SUR	CSPRIA	1	AB/AG	AB/AG	53	2JEL_P_12
271	2JEL_P_PP11E	PP11E	PP11E	2JEL	2JEL_P	P0AA04	0.0	0.0	3e-09	3e-09	SUR	CSPRIA	1	AB/AG	AB/AG	53	2JEL_P_11
272	2JEL_P_TP7S	TP7S	TP7S	2JEL	2JEL_P	P0AA04	0.0	0.0	3e-09	3e-09	SUR	CSPRIA	1	AB/AG	AB/AG	53	2JEL_P_7
273	2JEL_P_TP7N	TP7N	TP7N	2JEL	2JEL_P	P0AA04	-0.411	-0.411	3e-09	6e-09	SUR	CSPRIA	1	AB/AG	AB/AG	53	2JEL_P_7
274	2JEL_P_VP6F	VP6F	VP6F	2JEL	2JEL_P	P0AA04	0.0	0.0	3e-09	3e-09	INT	CSPRIA	1	AB/AG	AB/AG	53	2JEL_P_6
275	2JEL_P_EP5Q	EP5Q	EP5Q	2JEL	2JEL_P	P0AA04	-0.713	-0.713	3e-09	1e-08	RIM	CSPRIA	1	AB/AG	AB/AG	53	2JEL_P_5
276	2JEL_P_EP5D	EP5D	EP5D	2JEL	2JEL_P	P0AA04	-0.411	-0.411	3e-09	6e-09	RIM	CSPRIA	1	AB/AG	AB/AG	53	2JEL_P_5
277	2JEL_P_QP4K	QP4K	QP4K	2JEL	2JEL_P	P0AA04	-1.364	-1.364	3e-09	3e-08	COR	CSPRIA	1	AB/AG	AB/AG	53	2JEL_P_4
278	2JEL_P_QP3K	QP3K	QP3K	2JEL	2JEL_P	P0AA04	-4.093	-4.093	3e-09	3e-06	COR	CSPRIA	1	AB/AG	AB/AG	53	2JEL_P_3
279	2JEL_P_FP2W	FP2W	FP2W	2JEL	2JEL_P	P0AA04	-2.62	-2.62	3e-09	2.5e-07	COR	CSPRIA	1	AB/AG	AB/AG	53	2JEL_P_2
280	2JEL_P_FP2Y	FP2Y	FP2Y	2JEL	2JEL_P	P0AA04	0.0	0.0	3e-09	3e-09	COR	CSPRIA	1	AB/AG	AB/AG	53	2JEL_P_2
281	1B41_B_VB34T	VB34T	VB34T	1B41	1B41_B	P0C1Z0	-1.214	-1.214	9.4e-11	7.3e-10	COR	IASP	2		1B41_A_B,1FSS_A_B,1MAH_A_F	5	1B41_B_34
282	1B41_B_MB33Y	MB33Y	MB33Y	1B41	1B41_B	P0C1Z0	-0.707	-0.707	9.4e-11	3.1e-10	COR	IASP	2		1B41_A_B,1FSS_A_B,1MAH_A_F	5	1B41_B_33
283	1B41_B_MB33Q	MB33Q	MB33Q	1B41	1B41_B	P0C1Z0	-1.596	-1.596	9.4e-11	1.39e-09	COR	IASP	2		1B41_A_B,1FSS_A_B,1MAH_A_F	5	1B41_B_33
284	1B41_B_MB33L	MB33L	MB33L	1B41	1B41_B	P0C1Z0	-1.811	-1.811	9.4e-11	2e-09	COR	IASP	2		1B41_A_B,1FSS_A_B,1MAH_A_F	5	1B41_B_33
285	1B41_B_MB33F	MB33F	MB33F	1B41	1B41_B	P0C1Z0	-0.779	-0.779	9.4e-11	3.5e-10	COR	IASP	2		1B41_A_B,1FSS_A_B,1MAH_A_F	5	1B41_B_33
286	1B41_B_KB32R	KB32R	KB32R	1B41	1B41_B	P0C1Z0	-0.391	-0.391	9.4e-11	1.82e-10	RIM	IASP	2		1B41_A_B,1FSS_A_B,1MAH_A_F	5	1B41_B_32
287	1B41_B_HB29R	HB29R	HB29R	1B41	1B41_B	P0C1Z0	0.409	0.409	9.4e-11	4.71e-11	RIM	IASP	2		1B41_A_B,1FSS_A_B,1MAH_A_F	5	1B41_B_29
288	1B41_B_HB29K	HB29K	HB29K	1B41	1B41_B	P0C1Z0	0.888	0.888	9.4e-11	2.1e-11	RIM	IASP	2		1B41_A_B,1FSS_A_B,1MAH_A_F	5	1B41_B_29
289	1B41_B_RB27Y	RB27Y	RB27Y	1B41	1B41_B	P0C1Z0	-2.397	-2.397	9.4e-11	5.37e-09	COR	IASP	2		1B41_A_B,1FSS_A_B,1MAH_A_F	5	1B41_B_27
290	1B41_B_RB27M	RB27M	RB27M	1B41	1B41_B	P0C1Z0	-1.484	-1.484	9.4e-11	1.15e-09	COR	IASP	2		1B41_A_B,1FSS_A_B,1MAH_A_F	5	1B41_B_27
291	1B41_B_RB27F	RB27F	RB27F	1B41	1B41_B	P0C1Z0	-2.108	-2.108	9.4e-11	3.3e-09	COR	IASP	2		1B41_A_B,1FSS_A_B,1MAH_A_F	5	1B41_B_27
292	1B41_B_AB12S	AB12S	AB12S	1B41	1B41_B	P0C1Z0	-0.707	-0.707	9.4e-11	3.1e-10	COR	IASP	2		1B41_A_B,1FSS_A_B,1MAH_A_F	5	1B41_B_12
293	1B41_B_RB11K	RB11K	RB11K	1B41	1B41_B	P0C1Z0	-0.625	-0.625	9.4e-11	2.7e-10	RIM	IASP	2		1B41_A_B,1FSS_A_B,1MAH_A_F	5	1B41_B_11
294	1B41_B_TB9N	TB9N	TB9N	1B41	1B41_B	P0C1Z0	-3.611	-3.611	9.4e-11	4.17e-08	COR	IASP	2		1B41_A_B,1FSS_A_B,1MAH_A_F	5	1B41_B_9
295	1B41_B_TB9I	TB9I	TB9I	1B41	1B41_B	P0C1Z0	-0.025	-0.025	9.4e-11	9.8e-11	COR	IASP	2		1B41_A_B,1FSS_A_B,1MAH_A_F	5	1B41_B_9
296	1B41_B_TB8V	TB8V	TB8V	1B41	1B41_B	P0C1Z0	-1.136	-1.136	9.4e-11	6.4e-10	COR	IASP	2		1B41_A_B,1FSS_A_B,1MAH_A_F	5	1B41_B_8
297	1B41_B_NB47R	NB47R	NB47R	1B41	1B41_B	P0C1Z0	0.03	0.03	9.4e-11	8.93e-11	COR	IASP	2		1B41_A_B,1FSS_A_B,1MAH_A_F	5	1B41_B_47
298	1B41_B_NB47W	NB47W	NB47W	1B41	1B41_B	P0C1Z0	-0.037	-0.037	9.4e-11	1e-10	COR	IASP	2		1B41_A_B,1FSS_A_B,1MAH_A_F	5	1B41_B_47
299	1B41_B_NB47F	NB47F	NB47F	1B41	1B41_B	P0C1Z0	0.142	0.142	9.4e-11	7.4e-11	COR	IASP	2		1B41_A_B,1FSS_A_B,1MAH_A_F	5	1B41_B_47
300	1B41_B_LB35W	LB35W	LB35W	1B41	1B41_B	P0C1Z0	-1.305	-1.305	9.4e-11	8.5e-10	COR	IASP	2		1B41_A_B,1FSS_A_B,1MAH_A_F	5	1B41_B_35
301	1FSS_B_RB11K	RB11K	RB11K	1FSS	1FSS_B	P0C1Z0	-0.315	-0.315,-0.315	3.7e-10,3.1e-10	6.3e-10,5.3e-10	RIM	IASP	2		1FSS_A_B,1B41_A_B,1MAH_A_F	5	1FSS_B_11
302	1FSS_B_TB9N	TB9N	TB9N	1FSS	1FSS_B	P0C1Z0	-1.199	-1.199,-1.199	3.7e-10,3.1e-10	2.8e-09,2.8e-09	COR	IASP	2		1FSS_A_B,1B41_A_B,1MAH_A_F	5	1FSS_B_9
303	1FSS_B_TB8V	TB8V	TB8V	1FSS	1FSS_B	P0C1Z0	-0.369	-0.369,-0.369	3.7e-10,3.1e-10	6.9e-10,1.25e-10	COR	IASP	2		1FSS_A_B,1B41_A_B,1MAH_A_F	5	1FSS_B_8
304	1FSS_B_KB32R	KB32R	KB32R	1FSS	1FSS_B	P0C1Z0	-1.083	-1.083,-1.083	3.7e-10,3.1e-10	2.3e-09,2.3e-09	RIM	IASP	2		1FSS_A_B,1B41_A_B,1MAH_A_F	5	1FSS_B_32
305	1FSS_B_HB29R	HB29R	HB29R	1FSS	1FSS_B	P0C1Z0	1.488	1.488,1.488	3.7e-10,3.1e-10	3e-11,5.2e-11	RIM	IASP	2		1FSS_A_B,1B41_A_B,1MAH_A_F	5	1FSS_B_29
306	1FSS_B_NB47R	NB47R	NB47R	1FSS	1FSS_B	P0C1Z0	0.535	0.535	3.7e-10	1.5e-10	RIM	IASP	2		1FSS_A_B,1B41_A_B,1MAH_A_F	5	1FSS_B_47
307	1FSS_B_NB47W	NB47W	NB47W	1FSS	1FSS_B	P0C1Z0	-0.116	-0.116	3.7e-10	4.5e-10	RIM	IASP	2		1FSS_A_B,1B41_A_B,1MAH_A_F	5	1FSS_B_47
308	1FSS_B_NB47F	NB47F	NB47F	1FSS	1FSS_B	P0C1Z0	-0.493	-0.493	3.7e-10	8.5e-10	RIM	IASP	2		1FSS_A_B,1B41_A_B,1MAH_A_F	5	1FSS_B_47
309	1FSS_B_LB35W	LB35W	LB35W	1FSS	1FSS_B	P0C1Z0	-1.452	-1.452	3.7e-10	4.29e-09	COR	IASP	2		1FSS_A_B,1B41_A_B,1MAH_A_F	5	1FSS_B_35
310	1FSS_B_VB34T	VB34T	VB34T	1FSS	1FSS_B	P0C1Z0	-1.586	-1.586	3.7e-10	5.38e-09	COR	IASP	2		1FSS_A_B,1B41_A_B,1MAH_A_F	5	1FSS_B_34
311	1FSS_B_MB33Y	MB33Y	MB33Y	1FSS	1FSS_B	P0C1Z0	-1.395	-1.395	3.7e-10	3.9e-09	COR	IASP	2		1FSS_A_B,1B41_A_B,1MAH_A_F	5	1FSS_B_33
312	1FSS_B_MB33Q	MB33Q	MB33Q	1FSS	1FSS_B	P0C1Z0	-1.573	-1.573	3.7e-10	5.26e-09	COR	IASP	2		1FSS_A_B,1B41_A_B,1MAH_A_F	5	1FSS_B_33
313	1FSS_B_MB33L	MB33L	MB33L	1FSS	1FSS_B	P0C1Z0	-0.963	-0.963	3.7e-10	1.88e-09	COR	IASP	2		1FSS_A_B,1B41_A_B,1MAH_A_F	5	1FSS_B_33
314	1FSS_B_MB33F	MB33F	MB33F	1FSS	1FSS_B	P0C1Z0	-0.937	-0.937	3.7e-10	1.8e-09	COR	IASP	2		1FSS_A_B,1B41_A_B,1MAH_A_F	5	1FSS_B_33
315	1FSS_B_HB29K	HB29K	HB29K	1FSS	1FSS_B	P0C1Z0	0.62	0.62	3.7e-10	1.3e-10	RIM	IASP	2		1FSS_A_B,1B41_A_B,1MAH_A_F	5	1FSS_B_29
316	1FSS_B_RB27Y	RB27Y	RB27Y	1FSS	1FSS_B	P0C1Z0	-2.629	-2.629	3.7e-10	3.13e-08	COR	IASP	2		1FSS_A_B,1B41_A_B,1MAH_A_F	5	1FSS_B_27
317	1FSS_B_RB27M	RB27M	RB27M	1FSS	1FSS_B	P0C1Z0	-2.664	-2.664	3.7e-10	3.32e-08	COR	IASP	2		1FSS_A_B,1B41_A_B,1MAH_A_F	5	1FSS_B_27
318	1FSS_B_RB27F	RB27F	RB27F	1FSS	1FSS_B	P0C1Z0	-2.436	-2.436	3.7e-10	2.26e-08	COR	IASP	2		1FSS_A_B,1B41_A_B,1MAH_A_F	5	1FSS_B_27
319	1FSS_B_AB12S	AB12S	AB12S	1FSS	1FSS_B	P0C1Z0	-0.325	-0.325	3.7e-10	6.4e-10	COR	IASP	2		1FSS_A_B,1B41_A_B,1MAH_A_F	5	1FSS_B_12
320	1FSS_B_TB9I	TB9I	TB9I	1FSS	1FSS_B	P0C1Z0	0.232	0.232	3.7e-10	2.5e-10	COR	IASP	2		1FSS_A_B,1B41_A_B,1MAH_A_F	5	1FSS_B_9
321	1B2S_A_AA27K	AA27K	AA27K	1B2S	1B2S_A	P00648	3.866	3.866	1.57e-10	2.3e-13	SUP	SFFL	1		1BRS_A_D,1B2U_A_D,1B2S_A_D,1B3S_A_D,1X1W_A_D,1X1X_A_D	4	1B2S_A_27
322	1B2U_D_AD36D	AD36D	AD36D	1B2U	1B2U_D	P11540	4.168	4.168	1e-07	8.8e-11	COR	SFFL	1		1BRS_A_D,1B2U_A_D,1B2S_A_D,1B3S_A_D,1X1W_A_D,1X1X_A_D	4	1B2U_D_36
323	1BRS_A_HA102A	HA102A	HA100A	1BRS	1BRS_A	P00648	-6.146	-6.146,-6.146,-6.146,-6.146	1e-14,6e-14,1.3e-14,1.3e-13	3.2e-10,7e-09,5e-10,3.7e-09	COR	ITC,SFFL,IAFL	1		1BRS_A_D,1B2U_A_D,1B2S_A_D,1B3S_A_D,1X1W_A_D,1X1X_A_D	4	1BRS_A_102
324	1BRS_A_RA59A	RA59A	RA57A	1BRS	1BRS_A	P00648	-5.245	-5.245,-5.245,-5.245,-5.245	1e-14,6e-14,1.3e-14,1.3e-13	7e-11,1.5e-10,8.2e-11,5e-10	COR	ITC,SFFL,IAFL	1		1BRS_A_D,1B2U_A_D,1B2S_A_D,1B3S_A_D,1X1W_A_D,1X1X_A_D	4	1BRS_A_59
325	1BRS_A_KA27A	KA27A	KA25A	1BRS	1BRS_A	P00648	-5.381	-5.381,-5.381,-5.381	1e-14,1.3e-14,1.3e-13	8.8e-11,1.2e-10,3e-10	COR	ITC,SFFL	1		1BRS_A_D,1B2U_A_D,1B2S_A_D,1B3S_A_D,1X1W_A_D,1X1X_A_D	4	1BRS_A_27
326	1BRS_A_EA73A	EA73A	EA71A	1BRS	1BRS_A	P00648	-2.348	-2.348,-2.348,-2.348	1e-14,1.3e-14,1.3e-13	5.26e-13,3.2e-13,1.5e-11	SUP	ITC,SFFL	1		1BRS_A_D,1B2U_A_D,1B2S_A_D,1B3S_A_D,1X1W_A_D,1X1X_A_D	4	1BRS_A_73
327	1BRS_A_EA60A	EA60A	EA58A	1BRS	1BRS_A	P00648	0.326	0.326,0.326	1.3e-14,1.3e-13	7.5e-15,3.1e-13	RIM	SFFL	1		1BRS_A_D,1B2U_A_D,1B2S_A_D,1B3S_A_D,1X1W_A_D,1X1X_A_D	4	1BRS_A_60
328	1BRS_A_NA58A	NA58A	NA56A	1BRS	1BRS_A	P00648	-3.066	-3.066,-3.066	1.3e-14,1.3e-13	2.3e-12,2.5e-11	SUP	SFFL	1		1BRS_A_D,1B2U_A_D,1B2S_A_D,1B3S_A_D,1X1W_A_D,1X1X_A_D	4	1BRS_A_58
329	1BRS_A_DA54A	DA54A	DA52A	1BRS	1BRS_A	P00648	0.889	0.889,0.889	1.3e-14,1.3e-13	2.9e-15,9.8e-14	INT	SFFL	1		1BRS_A_D,1B2U_A_D,1B2S_A_D,1B3S_A_D,1X1W_A_D,1X1X_A_D	4	1BRS_A_54
330	1BRS_A_WA35F	WA35F	WA33F	1BRS	1BRS_A	P00648	-1.408	-1.408,-1.408	1.3e-14,1.3e-13	1.4e-13,8.5e-13	SUP	SFFL	1		1BRS_A_D,1B2U_A_D,1B2S_A_D,1B3S_A_D,1X1W_A_D,1X1X_A_D	4	1BRS_A_35
331	1BRS_A_RA87A	RA87A	RA85A	1BRS	1BRS_A	P00648	-5.565	-5.565,-5.565	1e-14,1.3e-14	1.2e-10,3e-10	SUP	ITC,SFFL	1		1BRS_A_D,1B2U_A_D,1B2S_A_D,1B3S_A_D,1X1W_A_D,1X1X_A_D	4	1BRS_A_87
332	1BRS_A_HA102L	HA102L	HA100L	1BRS	1BRS_A	P00648	-7.666	-7.666	6e-14	2.5e-08	COR	IAFL	1		1BRS_A_D,1B2U_A_D,1B2S_A_D,1B3S_A_D,1X1W_A_D,1X1X_A_D	4	1BRS_A_102
333	1BRS_A_HA102G	HA102G	HA100G	1BRS	1BRS_A	P00648	-6.821	-6.821	6e-14	6e-09	COR	IAFL	1		1BRS_A_D,1B2U_A_D,1B2S_A_D,1B3S_A_D,1X1W_A_D,1X1X_A_D	4	1BRS_A_102
334	1BRS_A_HA102D	HA102D	HA100D	1BRS	1BRS_A	P00648	-4.551	-4.551	6e-14	1.3e-10	COR	IAFL	1		1BRS_A_D,1B2U_A_D,1B2S_A_D,1B3S_A_D,1X1W_A_D,1X1X_A_D	4	1BRS_A_102
335	1BRS_A_HA102Q	HA102Q	HA100Q	1BRS	1BRS_A	P00648	-4.551	-4.551	6e-14	1.3e-10	COR	IAFL	1		1BRS_A_D,1B2U_A_D,1B2S_A_D,1B3S_A_D,1X1W_A_D,1X1X_A_D	4	1BRS_A_102
336	1BRS_A_RA59K	RA59K	RA57K	1BRS	1BRS_A	P00648	-2.488	-2.488	6e-14	4e-12	COR	IAFL	1		1BRS_A_D,1B2U_A_D,1B2S_A_D,1B3S_A_D,1X1W_A_D,1X1X_A_D	4	1BRS_A_59
337	1BRS_A_EA73S	EA73S	EA71S	1BRS	1BRS_A	P00648	-3.01	-3.01	1e-14	1.61e-12	SUP	ITC	1		1BRS_A_D,1B2U_A_D,1B2S_A_D,1B3S_A_D,1X1W_A_D,1X1X_A_D	4	1BRS_A_73
338	1BRS_A_EA73C	EA73C	EA71C	1BRS	1BRS_A	P00648	-2.529	-2.529	1e-14	7.14e-13	SUP	ITC	1		1BRS_A_D,1B2U_A_D,1B2S_A_D,1B3S_A_D,1X1W_A_D,1X1X_A_D	4	1BRS_A_73
339	1BRS_A_EA73F	EA73F	EA71F	1BRS	1BRS_A	P00648	-2.235	-2.235	1e-14	4.35e-13	SUP	ITC	1		1BRS_A_D,1B2U_A_D,1B2S_A_D,1B3S_A_D,1X1W_A_D,1X1X_A_D	4	1BRS_A_73
340	1BRS_A_EA73Y	EA73Y	EA71Y	1BRS	1BRS_A	P00648	-2.414	-2.414	1e-14	5.88e-13	SUP	ITC	1		1BRS_A_D,1B2U_A_D,1B2S_A_D,1B3S_A_D,1X1W_A_D,1X1X_A_D	4	1BRS_A_73
341	1BRS_A_EA73W	EA73W	EA71W	1BRS	1BRS_A	P00648	-1.657	-1.657	1e-14	1.64e-13	SUP	ITC	1		1BRS_A_D,1B2U_A_D,1B2S_A_D,1B3S_A_D,1X1W_A_D,1X1X_A_D	4	1BRS_A_73
342	1BRS_A_EA73Q	EA73Q	EA71Q	1BRS	1BRS_A	P00648	-1.452	-1.452	1e-14	1.16e-13	SUP	ITC	1		1BRS_A_D,1B2U_A_D,1B2S_A_D,1B3S_A_D,1X1W_A_D,1X1X_A_D	4	1BRS_A_73
343	1BRS_A_RA83Q	RA83Q	RA81Q	1BRS	1BRS_A	P00648	-5.42	-5.42	1e-14	9.4e-11	COR	SFFL	1		1BRS_A_D,1B2U_A_D,1B2S_A_D,1B3S_A_D,1X1W_A_D,1X1X_A_D	4	1BRS_A_83
344	1B3S_A_AA102H	AA102H	AA102H	1B3S	1B3S_A	P00648	5.682	5.682	1.17e-10	8e-15	COR	SFFL	1		1BRS_A_D,1B2U_A_D,1B2S_A_D,1B3S_A_D,1X1W_A_D,1X1X_A_D	4	1B3S_A_102
345	1B2S_D_AD43T	AD43T	AD43T	1B2S	1B2S_D	P11540	0.343	0.343	1.57e-10	8.8e-11	RIM	SFFL	1		1BRS_A_D,1B2U_A_D,1B2S_A_D,1B3S_A_D,1X1W_A_D,1X1X_A_D	4	1B2S_D_43
346	1BRS_D_ED80A	ED80A	ED78A	1BRS	1BRS_D	P11540	-0.543	-0.543,-0.543	1e-14,1.32e-10	2.5e-14,2.64e-10	SUR	SPR,SFFL	1		1BRS_A_D,1B2U_A_D,1B2S_A_D,1B3S_A_D,1X1W_A_D,1X1X_A_D	4	1BRS_D_80
347	1BRS_D_ED76A	ED76A	ED74A	1BRS	1BRS_D	P11540	-1.364	-1.364,-1.364	1e-14,1.32e-10	1e-13,5.3e-10	RIM	ITC,SPR	1		1BRS_A_D,1B2U_A_D,1B2S_A_D,1B3S_A_D,1X1W_A_D,1X1X_A_D	4	1BRS_D_76
348	1BRS_D_DD39A	DD39A	DD39A	1BRS	1BRS_D	P11540	-7.651	-7.651,-7.651	1e-14,1.32e-10	4.06e-09,2.96e-06	COR	ITC,SPR	1		1BRS_A_D,1B2U_A_D,1B2S_A_D,1B3S_A_D,1X1W_A_D,1X1X_A_D	4	1BRS_D_39
349	1BRS_D_DD35A	DD35A	DD35A	1BRS	1BRS_D	P11540	-4.503	-4.503,-4.503	1e-14,1.32e-10	2e-11,1.27e-07	COR	ITC,SPR	1		1BRS_A_D,1B2U_A_D,1B2S_A_D,1B3S_A_D,1X1W_A_D,1X1X_A_D	4	1BRS_D_35
350	1BRS_D_WD44F	WD44F	WD44F	1BRS	1BRS_D	P11540	-0.056	-0.056	1e-14	1.1e-14	COR	SFFL	1		1BRS_A_D,1B2U_A_D,1B2S_A_D,1B3S_A_D,1X1W_A_D,1X1X_A_D	4	1BRS_D_44
351	1BRS_D_TD42A	TD42A	TD42A	1BRS	1BRS_D	P11540	-1.858	-1.858	1e-14	2.3e-13	COR	SFFL	1		1BRS_A_D,1B2U_A_D,1B2S_A_D,1B3S_A_D,1X1W_A_D,1X1X_A_D	4	1BRS_D_42
352	1BRS_D_WD38F	WD38F	WD38F	1BRS	1BRS_D	P11540	-1.643	-1.643	1e-14	1.6e-13	COR	SFFL	1		1BRS_A_D,1B2U_A_D,1B2S_A_D,1B3S_A_D,1X1W_A_D,1X1X_A_D	4	1BRS_D_38
353	1BRS_D_YD29A	YD29A	YD29A	1BRS	1BRS_D	P11540	-3.471	-3.471	1e-14	3.5e-12	RIM	ITC	1		1BRS_A_D,1B2U_A_D,1B2S_A_D,1B3S_A_D,1X1W_A_D,1X1X_A_D	4	1BRS_D_29
354	1BRS_D_YD29F	YD29F	YD29F	1BRS	1BRS_D	P11540	0.132	0.132	1e-14	8e-15	RIM	ITC	1		1BRS_A_D,1B2U_A_D,1B2S_A_D,1B3S_A_D,1X1W_A_D,1X1X_A_D	4	1BRS_D_29
355	1X1X_D_AD76E	AD76E	AD76E	1X1X	1X1X_D	P11540	0.824	0.824	5.3e-10	1.32e-10	SUP	SPR	1		1BRS_A_D,1B2U_A_D,1B2S_A_D,1B3S_A_D,1X1W_A_D,1X1X_A_D	4	1X1X_D_76
356	1B3S_D_FD30Y	FD30Y	FD30Y	1B3S	1B3S_D	P11540	-0.596	-0.596	1.17e-10	3.2e-10	RIM	SFFL	1		1BRS_A_D,1B2U_A_D,1B2S_A_D,1B3S_A_D,1X1W_A_D,1X1X_A_D	4	1B3S_D_30
357	1B2U_A_AA27K	AA27K	AA27K	1B2U	1B2U_A	P00648	5.046	5.046	1e-07	2e-11	SUP	SFFL	1		1BRS_A_D,1B2U_A_D,1B2S_A_D,1B3S_A_D,1X1W_A_D,1X1X_A_D	4	1B2U_A_27
358	1X1W_D_AD80E	AD80E	AD81E	1X1W	1X1W_D	P11540	0.411	0.411	2.64e-10	1.32e-10	SUR	SPR	1		1BRS_A_D,1B2U_A_D,1B2S_A_D,1B3S_A_D,1X1W_A_D,1X1X_A_D	4	1X1W_D_80
359	2B0U_C_FC52A	FC52A	FC52A	2B0U	2B0U_C	P19883	0.0	0.0	2e-11	2e-11	COR	SPR	2		2B0U_AB_C,3B4V_AB_C,3HH2_AB_C,3BK3_A_C,3SEK_B_C	19	2B0U_C_52
360	2B0U_C_IC51A	IC51A	IC51A	2B0U	2B0U_C	P19883	0.0	0.0	2e-11	2e-11	COR	SPR	2		2B0U_AB_C,3B4V_AB_C,3HH2_AB_C,3BK3_A_C,3SEK_B_C	19	2B0U_C_51
361	2B0U_C_FC47A	FC47A	FC47A	2B0U	2B0U_C	P19883	-0.543	-0.543	2e-11	5e-11	COR	SPR	2		2B0U_AB_C,3B4V_AB_C,3HH2_AB_C,3BK3_A_C,3SEK_B_C	19	2B0U_C_47
362	2B0U_C_FC52E	FC52E	FC52E	2B0U	2B0U_C	P19883	0.0	0.0	2e-11	2e-11	COR	SPR	2		2B0U_AB_C,3B4V_AB_C,3HH2_AB_C,3BK3_A_C,3SEK_B_C	19	2B0U_C_52
363	2B0U_C_IC51E	IC51E	IC51E	2B0U	2B0U_C	P19883	-0.24	-0.24	2e-11	3e-11	COR	SPR	2		2B0U_AB_C,3B4V_AB_C,3HH2_AB_C,3BK3_A_C,3SEK_B_C	19	2B0U_C_51
364	2B0U_C_FC47E	FC47E	FC47E	2B0U	2B0U_C	P19883	-0.411	-0.411	2e-11	4e-11	COR	SPR	2		2B0U_AB_C,3B4V_AB_C,3HH2_AB_C,3BK3_A_C,3SEK_B_C	19	2B0U_C_47
365	2B0U_C_VC15E	VC15E	VC15E	2B0U	2B0U_C	P19883	0.0	0.0	2e-11	2e-11	COR	SPR	2		2B0U_AB_C,3B4V_AB_C,3HH2_AB_C,3BK3_A_C,3SEK_B_C	19	2B0U_C_15
366	3SEK_C_LC61E	LC61E	LC48E	3SEK	3SEK_C	O95633	-4.216	-4.216	1.3e-09	1.6e-06	COR	SPR	2		3SEK_B_C,3B4V_AB_C,3HH2_AB_C,3BK3_A_C,2B0U_AB_C	19	3SEK_C_61
367	3SEK_C_FC60E	FC60E	FC47E	3SEK	3SEK_C	O95633	-4.456	-4.456	1.3e-09	2.4e-06	COR	SPR	2		3SEK_B_C,3B4V_AB_C,3HH2_AB_C,3BK3_A_C,2B0U_AB_C	19	3SEK_C_60
368	3SEK_C_LC57E	LC57E	LC44E	3SEK	3SEK_C	O95633	-4.456	-4.456	1.3e-09	2.4e-06	COR	SPR	2		3SEK_B_C,3B4V_AB_C,3HH2_AB_C,3BK3_A_C,2B0U_AB_C	19	3SEK_C_57
369	3SEK_C_LC24E	LC24E	LC11E	3SEK	3SEK_C	O95633	-2.887	-2.887	1.3e-09	1.7e-07	COR	SPR	2		3SEK_B_C,3B4V_AB_C,3HH2_AB_C,3BK3_A_C,2B0U_AB_C	19	3SEK_C_24
370	3SEK_C_LC61A	LC61A	LC48A	3SEK	3SEK_C	O95633	-3.409	-3.409	1.3e-09	4.1e-07	COR	SPR	2		3SEK_B_C,3B4V_AB_C,3HH2_AB_C,3BK3_A_C,2B0U_AB_C	19	3SEK_C_61
371	3SEK_C_FC60A	FC60A	FC47A	3SEK	3SEK_C	O95633	-2.229	-2.229	1.3e-09	5.6e-08	COR	SPR	2		3SEK_B_C,3B4V_AB_C,3HH2_AB_C,3BK3_A_C,2B0U_AB_C	19	3SEK_C_60
372	3SEK_C_LC57A	LC57A	LC44A	3SEK	3SEK_C	O95633	-2.681	-2.681	1.3e-09	1.2e-07	COR	SPR	2		3SEK_B_C,3B4V_AB_C,3HH2_AB_C,3BK3_A_C,2B0U_AB_C	19	3SEK_C_57
373	3HH2_C_FC52A	FC52A	FC52A	3HH2	3HH2_C	P19883	-1.273	-1.273	6.3e-09	5.4e-08	COR	SPR	2		3HH2_AB_C,3SEK_B_C,2B0U_AB_C,3BK3_A_C,3B4V_AB_C	19	3HH2_C_52
374	3HH2_C_IC51A	IC51A	IC51A	3HH2	3HH2_C	P19883	-0.713	-0.713	6.3e-09	2.1e-08	COR	SPR	2		3HH2_AB_C,3SEK_B_C,2B0U_AB_C,3BK3_A_C,3B4V_AB_C	19	3HH2_C_51
375	3HH2_C_FC47A	FC47A	FC47A	3HH2	3HH2_C	P19883	-1.325	-1.325	6.3e-09	5.9e-08	COR	SPR	2		3HH2_AB_C,3SEK_B_C,2B0U_AB_C,3BK3_A_C,3B4V_AB_C	19	3HH2_C_47
376	3HH2_C_FC52E	FC52E	FC52E	3HH2	3HH2_C	P19883	-0.817	-0.817	6.3e-09	2.5e-08	COR	SPR	2		3HH2_AB_C,3SEK_B_C,2B0U_AB_C,3BK3_A_C,3B4V_AB_C	19	3HH2_C_52
377	3HH2_C_IC51E	IC51E	IC51E	3HH2	3HH2_C	P19883	-0.862	-0.862	6.3e-09	2.7e-08	COR	SPR	2		3HH2_AB_C,3SEK_B_C,2B0U_AB_C,3BK3_A_C,3B4V_AB_C	19	3HH2_C_51
378	3HH2_C_FC47E	FC47E	FC47E	3HH2	3HH2_C	P19883	-0.713	-0.713	6.3e-09	2.1e-08	COR	SPR	2		3HH2_AB_C,3SEK_B_C,2B0U_AB_C,3BK3_A_C,3B4V_AB_C	19	3HH2_C_47
379	3HH2_C_VC15E	VC15E	VC15E	3HH2	3HH2_C	P19883	-0.684	-0.684	6.3e-09	2e-08	COR	SPR	2		3HH2_AB_C,3SEK_B_C,2B0U_AB_C,3BK3_A_C,3B4V_AB_C	19	3HH2_C_15
380	3B4V_C_FC60A	FC60A	FC52A	3B4V	3B4V_C	O95633	-3.85	-3.85	1.4e-10	9.3e-08	COR	SPR	2		3B4V_AB_C,3SEK_B_C,2B0U_AB_C,1KTZ_A_B,3BK3_A_C,3HH2_AB_C	19	3B4V_C_60
381	3B4V_C_LC57A	LC57A	LC49A	3B4V	3B4V_C	O95633	-3.581	-3.581	1.4e-10	5.9e-08	COR	SPR	2		3B4V_AB_C,3SEK_B_C,2B0U_AB_C,1KTZ_A_B,3BK3_A_C,3HH2_AB_C	19	3B4V_C_57
382	3B4V_C_LC61E	LC61E	LC53E	3B4V	3B4V_C	O95633	-4.093	-4.093	1.4e-10	1.4e-07	COR	SPR	2		3B4V_AB_C,3SEK_B_C,2B0U_AB_C,1KTZ_A_B,3BK3_A_C,3HH2_AB_C	19	3B4V_C_61
383	3B4V_C_FC60E	FC60E	FC52E	3B4V	3B4V_C	O95633	-3.881	-3.881	1.4e-10	9.8e-08	COR	SPR	2		3B4V_AB_C,3SEK_B_C,2B0U_AB_C,1KTZ_A_B,3BK3_A_C,3HH2_AB_C	19	3B4V_C_60
384	3B4V_C_LC57E	LC57E	LC49E	3B4V	3B4V_C	O95633	-4.133	-4.133	1.4e-10	1.5e-07	COR	SPR	2		3B4V_AB_C,3SEK_B_C,2B0U_AB_C,1KTZ_A_B,3BK3_A_C,3HH2_AB_C	19	3B4V_C_57
385	3B4V_C_LC24E	LC24E	LC16E	3B4V	3B4V_C	O95633	-0.821	-0.821	1.4e-10	5.6e-10	COR	SPR	2		3B4V_AB_C,3SEK_B_C,2B0U_AB_C,1KTZ_A_B,3BK3_A_C,3HH2_AB_C	19	3B4V_C_24
386	3B4V_C_LC61A	LC61A	LC53A	3B4V	3B4V_C	O95633	-3.393	-3.393	1.4e-10	4.3e-08	COR	SPR	2		3B4V_AB_C,3SEK_B_C,2B0U_AB_C,1KTZ_A_B,3BK3_A_C,3HH2_AB_C	19	3B4V_C_61
387	1KTZ_A_RA94A	RA94A	RA64A	1KTZ	1KTZ_A	P10600	-2.884	-2.884	7.3e-08	9.5e-06	RIM	SPR	1		1KTZ_A_B,1REW_AB_C,2QJ9_AB_C,2QJA_AB_C,2QJB_AB_C,3B4V_AB_C	45	1KTZ_A_94
388	1KTZ_A_RA25A	RA25A	RA13A	1KTZ	1KTZ_A	P10600	-1.482	-1.482	7.3e-08	8.9e-07	RIM	SPR	1		1KTZ_A_B,1REW_AB_C,2QJ9_AB_C,2QJA_AB_C,2QJB_AB_C,3B4V_AB_C	45	1KTZ_A_25
389	1KTZ_A_RA94K	RA94K	RA64K	1KTZ	1KTZ_A	P10600	-2.201	-2.201	7.3e-08	3e-06	RIM	SPR	1		1KTZ_A_B,1REW_AB_C,2QJ9_AB_C,2QJA_AB_C,2QJB_AB_C,3B4V_AB_C	45	1KTZ_A_94
390	1KTZ_A_RA25K	RA25K	RA13K	1KTZ	1KTZ_A	P10600	-1.152	-1.152	7.3e-08	5.1e-07	RIM	SPR	1		1KTZ_A_B,1REW_AB_C,2QJ9_AB_C,2QJA_AB_C,2QJB_AB_C,3B4V_AB_C	45	1KTZ_A_25
391	1KTZ_A_VA92I	VA92I	VA62I	1KTZ	1KTZ_A	P10600	-0.243	-0.243	7.3e-08	1.1e-07	COR	SPR	1		1KTZ_A_B,1REW_AB_C,2QJ9_AB_C,2QJA_AB_C,2QJB_AB_C,3B4V_AB_C	45	1KTZ_A_92
392	1KTZ_B_EB119Q	EB119Q	EB95Q	1KTZ	1KTZ_B	P37173	-1.627	-1.627	6.8e-07	1.06e-05	COR	SPR	1		1KTZ_A_B,1REW_AB_C,2QJ9_AB_C,2QJA_AB_C,2QJB_AB_C,3B4V_AB_C	45	1KTZ_B_119
393	1KTZ_B_EB119A	EB119A	EB95A	1KTZ	1KTZ_B	P37173	-1.494	-1.494	6.8e-07	8.47e-06	COR	SPR	1		1KTZ_A_B,1REW_AB_C,2QJ9_AB_C,2QJA_AB_C,2QJB_AB_C,3B4V_AB_C	45	1KTZ_B_119
394	1KTZ_B_DB118A	DB118A	DB94A	1KTZ	1KTZ_B	P37173	-0.815	-0.815	6.8e-07	2.69e-06	RIM	SPR	1		1KTZ_A_B,1REW_AB_C,2QJ9_AB_C,2QJA_AB_C,2QJB_AB_C,3B4V_AB_C	45	1KTZ_B_118
395	1KTZ_B_VB77A	VB77A	VB53A	1KTZ	1KTZ_B	P37173	-0.415	-0.415	6.8e-07	1.37e-06	SUP	SPR	1		1KTZ_A_B,1REW_AB_C,2QJ9_AB_C,2QJA_AB_C,2QJB_AB_C,3B4V_AB_C	45	1KTZ_B_77
396	1KTZ_B_EB55A	EB55A	EB31A	1KTZ	1KTZ_B	P37173	-1.217	-1.217	6.8e-07	5.3e-06	RIM	SPR	1		1KTZ_A_B,1REW_AB_C,2QJ9_AB_C,2QJA_AB_C,2QJB_AB_C,3B4V_AB_C	45	1KTZ_B_55
397	1KTZ_B_IB53A	IB53A	IB29A	1KTZ	1KTZ_B	P37173	-1.37	-1.37	6.8e-07	6.87e-06	COR	SPR	1		1KTZ_A_B,1REW_AB_C,2QJ9_AB_C,2QJA_AB_C,2QJB_AB_C,3B4V_AB_C	45	1KTZ_B_53
398	1KTZ_B_SB52L	SB52L	SB28L	1KTZ	1KTZ_B	P37173	-4.038	-4.038	6.8e-07	0.00062	SUP	SPR	1		1KTZ_A_B,1REW_AB_C,2QJ9_AB_C,2QJA_AB_C,2QJB_AB_C,3B4V_AB_C	45	1KTZ_B_52
399	1KTZ_B_SB52A	SB52A	SB28A	1KTZ	1KTZ_B	P37173	-0.217	-0.217	6.8e-07	9.8e-07	SUP	SPR	1		1KTZ_A_B,1REW_AB_C,2QJ9_AB_C,2QJA_AB_C,2QJB_AB_C,3B4V_AB_C	45	1KTZ_B_52
400	1KTZ_B_TB51A	TB51A	TB27A	1KTZ	1KTZ_B	P37173	-1.514	-1.514	6.8e-07	8.75e-06	COR	SPR	1		1KTZ_A_B,1REW_AB_C,2QJ9_AB_C,2QJA_AB_C,2QJB_AB_C,3B4V_AB_C	45	1KTZ_B_51
401	1KTZ_B_IB50A	IB50A	IB26A	1KTZ	1KTZ_B	P37173	-1.896	-1.896	6.8e-07	1.67e-05	COR	SPR	1		1KTZ_A_B,1REW_AB_C,2QJ9_AB_C,2QJA_AB_C,2QJB_AB_C,3B4V_AB_C	45	1KTZ_B_50
402	1KTZ_B_SB49A	SB49A	SB25A	1KTZ	1KTZ_B	P37173	-0.327	-0.327	6.8e-07	1.18e-06	RIM	SPR	1		1KTZ_A_B,1REW_AB_C,2QJ9_AB_C,2QJA_AB_C,2QJB_AB_C,3B4V_AB_C	45	1KTZ_B_49
403	1KTZ_B_DB32N	DB32N	DB8N	1KTZ	1KTZ_B	P37173	-2.0	-2.0	6.8e-07	1.99e-05	RIM	SPR	1		1KTZ_A_B,1REW_AB_C,2QJ9_AB_C,2QJA_AB_C,2QJB_AB_C,3B4V_AB_C	45	1KTZ_B_32
404	1KTZ_B_DB32A	DB32A	DB8A	1KTZ	1KTZ_B	P37173	-1.522	-1.522	6.8e-07	8.87e-06	RIM	SPR	1		1KTZ_A_B,1REW_AB_C,2QJ9_AB_C,2QJA_AB_C,2QJB_AB_C,3B4V_AB_C	45	1KTZ_B_32
405	1KTZ_B_FB30A	FB30A	FB6A	1KTZ	1KTZ_B	P37173	-2.98	-2.98	6.8e-07	0.000104	COR	SPR	1		1KTZ_A_B,1REW_AB_C,2QJ9_AB_C,2QJA_AB_C,2QJB_AB_C,3B4V_AB_C	45	1KTZ_B_30
406	1KTZ_B_IB125A	IB125A	IB101A	1KTZ	1KTZ_B	P37173	-0.539	-0.539	6.8e-07	1.69e-06	INT	SPR	1		1KTZ_A_B,1REW_AB_C,2QJ9_AB_C,2QJA_AB_C,2QJB_AB_C,3B4V_AB_C	45	1KTZ_B_125
407	1KTZ_B_MB112A	MB112A	MB88A	1KTZ	1KTZ_B	P37173	-0.871	-0.871	6.8e-07	2.96e-06	INT	SPR	1		1KTZ_A_B,1REW_AB_C,2QJ9_AB_C,2QJA_AB_C,2QJB_AB_C,3B4V_AB_C	45	1KTZ_B_112
408	1KTZ_B_FB110A	FB110A	FB86A	1KTZ	1KTZ_B	P37173	-0.932	-0.932	6.8e-07	3.28e-06	INT	SPR	1		1KTZ_A_B,1REW_AB_C,2QJ9_AB_C,2QJA_AB_C,2QJB_AB_C,3B4V_AB_C	45	1KTZ_B_110
409	1KTZ_B_HB79A	HB79A	HB55A	1KTZ	1KTZ_B	P37173	-0.296	-0.296	6.8e-07	1.12e-06	INT	SPR	1		1KTZ_A_B,1REW_AB_C,2QJ9_AB_C,2QJA_AB_C,2QJB_AB_C,3B4V_AB_C	45	1KTZ_B_79
410	1KTZ_B_EB75A	EB75A	EB51A	1KTZ	1KTZ_B	P37173	-1.08	-1.08	6.8e-07	4.21e-06	INT	SPR	1		1KTZ_A_B,1REW_AB_C,2QJ9_AB_C,2QJA_AB_C,2QJB_AB_C,3B4V_AB_C	45	1KTZ_B_75
411	1KTZ_B_VB62A	VB62A	VB38A	1KTZ	1KTZ_B	P37173	-0.648	-0.648	6.8e-07	2.03e-06	INT	SPR	1		1KTZ_A_B,1REW_AB_C,2QJ9_AB_C,2QJA_AB_C,2QJB_AB_C,3B4V_AB_C	45	1KTZ_B_62
412	1KTZ_B_NB47A	NB47A	NB23A	1KTZ	1KTZ_B	P37173	-0.285	-0.285	6.8e-07	1.1e-06	SUR	SPR	1		1KTZ_A_B,1REW_AB_C,2QJ9_AB_C,2QJA_AB_C,2QJB_AB_C,3B4V_AB_C	45	1KTZ_B_47
413	1KTZ_B_LB27A	LB27A	LB3A	1KTZ	1KTZ_B	P37173	-1.825	-1.825	6.8e-07	1.48e-05	COR	SPR	1		1KTZ_A_B,1REW_AB_C,2QJ9_AB_C,2QJA_AB_C,2QJB_AB_C,3B4V_AB_C	45	1KTZ_B_27
