	wt	mut	Unique	Unique_position	Clean_mut	DDG_avg	Uniprot_ID	Location	CC_ID
0	G	A	1CHO_I_GI32A	1CHO_I_32	GI29A	1.092	P68390	SUP	9
1	T	A	1CHO_I_TI17A	1CHO_I_17	TI14A	-4.159	P68390	COR	9
2	L	A	1CHO_I_LI18A	1CHO_I_18	LI15A	-4.766	P68390	COR	9
3	E	A	1CHO_I_EI19A	1CHO_I_19	EI16A	-2.333	P68390	COR	9
4	Y	A	1CHO_I_YI20A	1CHO_I_20	YI17A	-2.543	P68390	COR	9
5	R	A	1CHO_I_RI21A	1CHO_I_21	RI18A	-3.192	P68390	RIM	9
6	P	A	1CHO_I_PI14A	1CHO_I_14	PI11A	-0.381	P68390	RIM	9
7	K	A	1CHO_I_KI13A	1CHO_I_13	KI10A	-0.181	P68390	RIM	9
8	N	A	1CHO_I_NI36A	1CHO_I_36	NI33A	1.364	P68390	COR	9
9	T	A	1PPF_I_TI17A	1PPF_I_17	TI17A	-3.485	P68390	COR	9
10	G	A	1PPF_I_GI32A	1PPF_I_32	GI32A	-0.235	P68390	COR	9
11	L	A	1PPF_I_LI18A	1PPF_I_18	LI18A	-1.071	P68390	COR	9
12	E	A	1PPF_I_EI19A	1PPF_I_19	EI19A	-1.203	P68390	RIM	9
13	Y	A	1PPF_I_YI20A	1PPF_I_20	YI20A	-3.21	P68390	COR	9
14	R	A	1PPF_I_RI21A	1PPF_I_21	RI21A	-0.208	P68390	RIM	9
15	P	A	1PPF_I_PI14A	1PPF_I_14	PI14A	0.124	P68390	RIM	9
16	K	A	1PPF_I_KI13A	1PPF_I_13	KI13A	-0.756	P68390	RIM	9
17	N	A	1PPF_I_NI36A	1PPF_I_36	NI36A	1.646	P68390	RIM	9
18	G	A	3SGB_I_GI32A	3SGB_I_32	GI26A	-1.223	P68390	COR	9
19	T	A	3SGB_I_TI17A	3SGB_I_17	TI11A	-3.592	P68390	COR	9
20	L	A	3SGB_I_LI18A	3SGB_I_18	LI12A	-2.989	P68390	COR	9
21	E	A	3SGB_I_EI19A	3SGB_I_19	EI13A	-1.019	P68390	RIM	9
22	Y	A	3SGB_I_YI20A	3SGB_I_20	YI14A	-1.944	P68390	COR	9
23	R	A	3SGB_I_RI21A	3SGB_I_21	RI15A	-0.054	P68390	RIM	9
24	P	A	3SGB_I_PI14A	3SGB_I_14	PI8A	0.189	P68390	RIM	9
25	K	A	3SGB_I_KI13A	3SGB_I_13	KI7A	2.572	P68390	COR	9
26	N	A	3SGB_I_NI36A	3SGB_I_36	NI30A	-0.331	P68390	RIM	9
27	T	A	1R0R_I_TI17A	1R0R_I_17	TI12A	-1.173	P68390	COR	9
28	G	A	1R0R_I_GI32A	1R0R_I_32	GI27A	-1.298	P68390	SUP	9
29	L	A	1R0R_I_LI18A	1R0R_I_18	LI13A	-0.315	P68390	COR	9
30	E	A	1R0R_I_EI19A	1R0R_I_19	EI14A	-2.089	P68390	COR	9
31	Y	A	1R0R_I_YI20A	1R0R_I_20	YI15A	-5.475	P68390	COR	9
32	R	A	1R0R_I_RI21A	1R0R_I_21	RI16A	0.096	P68390	RIM	9
33	P	A	1R0R_I_PI14A	1R0R_I_14	PI9A	0.639	P68390	RIM	9
34	K	A	1R0R_I_KI13A	1R0R_I_13	KI8A	0.61	P68390	COR	9
35	N	A	1R0R_I_NI36A	1R0R_I_36	NI31A	0.033	P68390	RIM	9
