epoch,train_loss,val_loss,train_pcc,val_pcc
1,4.195343017578125,1.9627199172973633,0.038293082267045975,0.01651792973279953
2,3.2714171409606934,1.8416117429733276,0.08133675158023834,0.07855531573295593
3,2.9835333824157715,1.8081181049346924,0.22009384632110596,0.1660187691450119
4,2.9512157440185547,1.7905514240264893,0.33279064297676086,0.20499742031097412
5,2.664659261703491,1.7791838645935059,0.3872416019439697,0.23759694397449493
6,2.5558040142059326,1.9269204139709473,0.4629824161529541,0.2513497769832611
7,2.3019654750823975,1.8565218448638916,0.5092769861221313,0.26302555203437805
8,2.244102954864502,1.8718445301055908,0.5069361925125122,0.2778641879558563
9,2.2523036003112793,1.8971554040908813,0.5168372988700867,0.2877955138683319
10,2.34938907623291,2.0424365997314453,0.5551847219467163,0.29241716861724854
11,2.190614700317383,1.9086581468582153,0.5306422114372253,0.2967991232872009
12,2.1083855628967285,1.8274880647659302,0.5472828149795532,0.30440545082092285
13,2.1194121837615967,1.8741427659988403,0.5510877966880798,0.3082864284515381
14,2.134106397628784,1.9555187225341797,0.5789777636528015,0.30893173813819885
15,2.1423141956329346,1.8894214630126953,0.5793404579162598,0.31437185406684875
16,1.8595736026763916,2.0381531715393066,0.6186718344688416,0.31863972544670105
17,1.9298648834228516,2.035212516784668,0.5951125025749207,0.32198840379714966
18,1.9433504343032837,1.8853769302368164,0.6024803519248962,0.3217640221118927
19,1.9784396886825562,1.8776658773422241,0.5831013917922974,0.32549917697906494
20,1.9414583444595337,1.9833301305770874,0.6074243783950806,0.3324281573295593
21,1.9135100841522217,1.993415117263794,0.6010504961013794,0.33696502447128296
22,1.9487924575805664,1.9090850353240967,0.6328763365745544,0.33994489908218384
23,1.8616193532943726,2.1361749172210693,0.6574724912643433,0.3332405984401703
24,1.855527639389038,2.033710241317749,0.6291860342025757,0.33564668893814087
25,1.903753638267517,2.1657142639160156,0.6427597999572754,0.3340722322463989
26,1.9204821586608887,2.1110804080963135,0.632449746131897,0.3340643644332886
27,1.87333345413208,1.934779405593872,0.6377269625663757,0.33868756890296936
28,1.946185827255249,2.077397346496582,0.6403167843818665,0.34138840436935425
29,1.8453377485275269,2.0822267532348633,0.6397297382354736,0.340872585773468
30,1.9499748945236206,2.02714467048645,0.621269941329956,0.3498170077800751
31,1.9615110158920288,2.1123528480529785,0.6450002789497375,0.3438955843448639
32,1.8153128623962402,2.002979040145874,0.6543103456497192,0.34104248881340027
33,1.770183801651001,2.200827121734619,0.6644179821014404,0.33804991841316223
34,1.761801838874817,2.176874876022339,0.6373594403266907,0.3378528356552124
35,1.7442703247070312,2.082111358642578,0.6397180557250977,0.34370747208595276
36,1.8001259565353394,2.0156116485595703,0.6551554799079895,0.3414131999015808
37,1.801397681236267,2.292320489883423,0.6721043586730957,0.3396735191345215
38,1.7719534635543823,2.145432233810425,0.6488320827484131,0.33986902236938477
39,1.714353084564209,2.184821605682373,0.6551409363746643,0.34481894969940186
40,1.686069369316101,2.1441116333007812,0.6637532711029053,0.343298077583313
41,1.7681691646575928,2.2447257041931152,0.6616992950439453,0.33876484632492065
42,1.6204898357391357,2.4063267707824707,0.673069179058075,0.3397628366947174
43,1.7416342496871948,2.2339468002319336,0.6838105320930481,0.3447689712047577
44,1.692443609237671,2.212315082550049,0.6744670867919922,0.3453734219074249
45,1.6538699865341187,2.217301368713379,0.6639403700828552,0.3468891978263855
46,1.709246277809143,2.1816420555114746,0.673608660697937,0.3504798412322998
47,1.7748816013336182,2.221641778945923,0.6634736657142639,0.34670621156692505
48,1.7350167036056519,2.2204134464263916,0.6819456815719604,0.34783798456192017
49,1.7089017629623413,2.1277897357940674,0.6965886950492859,0.3426961302757263
50,1.6022135019302368,2.091374158859253,0.6889076232910156,0.3425728678703308
51,1.542186975479126,2.1562445163726807,0.6885296702384949,0.34669068455696106
52,1.6278066635131836,2.0280466079711914,0.688808262348175,0.3502160906791687
53,1.648018479347229,2.2643685340881348,0.7009506821632385,0.35163161158561707
54,1.5110340118408203,2.1274890899658203,0.7170851826667786,0.34933754801750183
55,1.5744696855545044,2.232337713241577,0.7089411616325378,0.35117897391319275
56,1.664839744567871,2.3037726879119873,0.698443591594696,0.3522336483001709
57,1.534219741821289,2.166956901550293,0.7316290140151978,0.35075274109840393
58,1.495681881904602,2.1264679431915283,0.7010098695755005,0.3495638370513916
59,1.4818925857543945,2.179516553878784,0.7170397043228149,0.3504067063331604
60,1.530329704284668,2.1439948081970215,0.6976341605186462,0.34538403153419495
61,1.638925552368164,2.371609926223755,0.705054759979248,0.3462277054786682
62,1.625160574913025,2.1611084938049316,0.665883481502533,0.3436565399169922
63,1.5283514261245728,2.334207534790039,0.721744954586029,0.345289021730423
64,1.606338620185852,2.346595287322998,0.7001120448112488,0.343950092792511
65,1.4787434339523315,2.142178773880005,0.7251771092414856,0.3500761091709137
66,1.591415286064148,2.088548421859741,0.7084676623344421,0.34961357712745667
67,1.5585105419158936,2.361060380935669,0.7150448560714722,0.3480762243270874
68,1.4394434690475464,2.2510597705841064,0.7174971103668213,0.3465877175331116
69,1.4318488836288452,2.286573648452759,0.7208588719367981,0.3508678674697876
70,1.5367763042449951,2.4687652587890625,0.7145525813102722,0.34797385334968567
71,1.49494469165802,2.280686378479004,0.7266295552253723,0.3460620939731598
72,1.5637043714523315,2.210228443145752,0.7260806560516357,0.344980388879776
73,1.4978615045547485,2.2081968784332275,0.7355080842971802,0.33748671412467957
74,1.384285807609558,2.4664041996002197,0.7519881725311279,0.3371293246746063
75,1.3721052408218384,2.2190613746643066,0.7301729917526245,0.33830752968788147
76,1.5079671144485474,2.2324156761169434,0.7345752716064453,0.3412216603755951
77,1.5083822011947632,2.4221444129943848,0.7251259684562683,0.33800533413887024
78,1.4679762125015259,2.2322182655334473,0.7383443713188171,0.33402323722839355
79,1.4947848320007324,2.202131986618042,0.7031220197677612,0.3363449275493622
80,1.4140230417251587,2.3945281505584717,0.730761706829071,0.347168892621994
81,1.461409330368042,2.19323468208313,0.7339711785316467,0.34275031089782715
82,1.5018565654754639,2.2786614894866943,0.7287772297859192,0.34509938955307007
83,1.5051742792129517,2.465341806411743,0.7181780934333801,0.34303295612335205
84,1.4132318496704102,2.5063352584838867,0.7371554970741272,0.3367825448513031
85,1.4491068124771118,2.231656074523926,0.7258177399635315,0.3357686400413513
86,1.2713536024093628,2.4893436431884766,0.7679917812347412,0.3280300498008728
87,1.3213340044021606,2.534696340560913,0.7616215944290161,0.3320712447166443
88,1.4231503009796143,2.4611623287200928,0.7360774874687195,0.33267882466316223
89,1.350327491760254,2.453141450881958,0.7478352785110474,0.33007901906967163
90,1.3792972564697266,2.4528920650482178,0.7325159907341003,0.3328653872013092
91,1.4442534446716309,2.5279486179351807,0.7476759552955627,0.33239784836769104
92,1.4902799129486084,2.397472620010376,0.7356855869293213,0.33601218461990356
93,1.395190954208374,2.4014480113983154,0.7371154427528381,0.34010690450668335
94,1.3782005310058594,2.5320422649383545,0.7295665740966797,0.34684425592422485
95,1.3232885599136353,2.4728546142578125,0.7525516152381897,0.3482063114643097
96,1.3781359195709229,2.431520462036133,0.7406326532363892,0.3417496979236603
97,1.3518047332763672,2.39804744720459,0.7472973465919495,0.33577579259872437
98,1.299383282661438,2.4187629222869873,0.7572872042655945,0.340698778629303
99,1.3682979345321655,2.427635431289673,0.7666838765144348,0.33871322870254517
100,1.2633572816848755,2.3972227573394775,0.7621850967407227,0.33761587738990784
101,1.3606624603271484,2.230001926422119,0.7357641458511353,0.3353925943374634
102,1.3063899278640747,2.2978577613830566,0.7656221985816956,0.3391887843608856
103,1.3804131746292114,2.5506961345672607,0.7585926651954651,0.3396870791912079
104,1.4261763095855713,2.2916488647460938,0.7433247566223145,0.34099993109703064
105,1.358454704284668,2.3223466873168945,0.7581588625907898,0.3377218246459961
106,1.2581756114959717,2.4130895137786865,0.7769375443458557,0.3398701846599579
107,1.2835102081298828,2.439554452896118,0.7745553851127625,0.3369382917881012
108,1.3313372135162354,2.351651906967163,0.7519521713256836,0.3382689654827118
109,1.3373868465423584,2.4521865844726562,0.7624977231025696,0.3402518630027771
110,1.3113075494766235,2.407236337661743,0.7373958230018616,0.33319008350372314
111,1.2983403205871582,2.5339901447296143,0.7699770331382751,0.34087446331977844
112,1.284570574760437,2.188734769821167,0.7343180775642395,0.33345335721969604
113,1.327278971672058,2.386075973510742,0.7536649703979492,0.3355642259120941
114,1.3096681833267212,2.6087262630462646,0.7724103927612305,0.3420710563659668
115,1.3751522302627563,2.3609654903411865,0.7564398646354675,0.337619423866272
116,1.2448962926864624,2.60599946975708,0.784483790397644,0.3364880383014679
117,1.247558355331421,2.510190725326538,0.7701752185821533,0.330888032913208
118,1.2417227029800415,2.4441516399383545,0.7787693738937378,0.338603138923645
119,1.250446081161499,2.5182485580444336,0.7645969986915588,0.33716386556625366
120,1.2680784463882446,2.5209975242614746,0.7731257081031799,0.33181142807006836
121,1.2278773784637451,2.308892250061035,0.7832626700401306,0.33618929982185364
122,1.2321772575378418,2.632091522216797,0.7753565907478333,0.3312007486820221
123,1.2435044050216675,2.4902515411376953,0.7562074065208435,0.3287697434425354
124,1.2022392749786377,2.462425947189331,0.7651106715202332,0.32964739203453064
125,1.144439935684204,2.499225378036499,0.7820245623588562,0.32751551270484924
126,1.3227118253707886,2.399000883102417,0.7632516622543335,0.3365395665168762
127,1.2886974811553955,2.53267240524292,0.777764618396759,0.32680371403694153
128,1.24640691280365,2.5557026863098145,0.781950056552887,0.3311229348182678
129,1.2196109294891357,2.2967002391815186,0.7712823748588562,0.3328060209751129
130,1.3514041900634766,2.4546010494232178,0.7598575353622437,0.3312774896621704
131,1.2368053197860718,2.4066524505615234,0.7633433938026428,0.3334435522556305
132,1.2180923223495483,2.456716537475586,0.782006561756134,0.3316411077976227
133,1.097381830215454,2.395122528076172,0.7931652665138245,0.33701181411743164
134,1.1029481887817383,2.5063581466674805,0.7674822807312012,0.33134520053863525
135,1.1559767723083496,2.6693968772888184,0.7887846827507019,0.33219778537750244
136,1.0950080156326294,2.5030064582824707,0.7789011001586914,0.3317377269268036
137,1.1726614236831665,2.623241662979126,0.7897992730140686,0.32540249824523926
138,1.2784826755523682,2.2536823749542236,0.776457667350769,0.3304916322231293
139,1.2802469730377197,2.4582691192626953,0.7838640213012695,0.3312554657459259
140,1.3646939992904663,2.3920838832855225,0.7710974216461182,0.3315768837928772
141,1.1945830583572388,2.5168049335479736,0.7802516222000122,0.32886260747909546
142,1.1721805334091187,2.451469659805298,0.8075911402702332,0.32410648465156555
143,1.2162530422210693,2.3406059741973877,0.7849084138870239,0.3280155658721924
144,1.1771433353424072,2.6694142818450928,0.7941579222679138,0.33036747574806213
145,1.1939572095870972,2.4249768257141113,0.7702093720436096,0.3302176892757416
146,1.1109751462936401,2.647674083709717,0.7939015030860901,0.33224591612815857
147,1.0878669023513794,2.6059985160827637,0.7881847023963928,0.3272046148777008
148,1.2561765909194946,2.4484267234802246,0.7781041264533997,0.31531351804733276
149,1.162936806678772,2.6106765270233154,0.789244532585144,0.3228679299354553
150,1.1571499109268188,2.6885695457458496,0.7974618077278137,0.32449227571487427
151,1.1100558042526245,2.3768997192382812,0.7959646582603455,0.31542354822158813
152,1.1188956499099731,2.709953546524048,0.7985506057739258,0.32367613911628723
153,1.162657618522644,2.419368028640747,0.786783754825592,0.3264040946960449
154,1.19294273853302,2.481809139251709,0.7869678139686584,0.32835251092910767
155,1.2145682573318481,2.6038384437561035,0.78652024269104,0.33155274391174316
156,1.2118887901306152,2.6080029010772705,0.7892913818359375,0.3273739218711853
157,1.215981125831604,2.6872222423553467,0.7820931077003479,0.3178185522556305
158,1.2557013034820557,2.4119296073913574,0.7935605049133301,0.3153940439224243
159,1.213012933731079,2.8199760913848877,0.7888150215148926,0.32290875911712646
160,1.2879399061203003,2.4499030113220215,0.7909637093544006,0.32533130049705505
161,1.133685827255249,2.3919947147369385,0.7795451879501343,0.3271162807941437
162,1.1082518100738525,2.5398242473602295,0.8028090000152588,0.3235843777656555
163,1.272728443145752,2.38607120513916,0.7803187370300293,0.32149940729141235
164,1.1604478359222412,2.5186069011688232,0.7921909689903259,0.33055081963539124
165,1.1730005741119385,2.5364840030670166,0.7953070998191833,0.3309841752052307
166,1.1490477323532104,2.6480932235717773,0.7881637811660767,0.3380201756954193
167,1.1759223937988281,2.569415330886841,0.7955859303474426,0.32343536615371704
168,1.091058611869812,2.802821397781372,0.8016600012779236,0.32891619205474854
169,1.2033586502075195,2.658703088760376,0.793304979801178,0.3261259198188782
170,1.1739730834960938,2.548887252807617,0.8074607253074646,0.32023918628692627
171,1.198285698890686,2.6608755588531494,0.7907646894454956,0.32388269901275635
172,1.1252065896987915,2.6099374294281006,0.799740195274353,0.32456332445144653
173,1.1466679573059082,2.762890338897705,0.8095612525939941,0.32563135027885437
174,1.201984167098999,2.5441553592681885,0.7892760038375854,0.32475247979164124
175,1.14981210231781,2.66880464553833,0.8013527989387512,0.32576924562454224
176,1.2569383382797241,2.5353622436523438,0.7808188199996948,0.3262397050857544
177,1.116438627243042,2.545344829559326,0.7977200150489807,0.3149154782295227
178,1.0995502471923828,2.625154733657837,0.8010801672935486,0.3147478997707367
179,1.107769250869751,2.5941224098205566,0.8109834790229797,0.3136962056159973
180,1.0645689964294434,2.7099995613098145,0.8145581483840942,0.3215488791465759
181,1.0728198289871216,2.447507381439209,0.810993492603302,0.3156226873397827
182,1.189615249633789,2.8297970294952393,0.786616861820221,0.3269818127155304
183,1.1128809452056885,2.612365245819092,0.7861334085464478,0.31358903646469116
184,1.0909912586212158,2.545302152633667,0.8072538375854492,0.31388774514198303
185,1.1954447031021118,2.5121278762817383,0.7787173390388489,0.31390178203582764
186,1.0523561239242554,2.8067309856414795,0.8120118379592896,0.3179381191730499
187,1.030694842338562,2.598912477493286,0.8127602934837341,0.31461721658706665
188,1.1290956735610962,2.6657071113586426,0.8118482828140259,0.31605616211891174
189,1.1125270128250122,2.4735639095306396,0.8020698428153992,0.31559622287750244
190,1.2401692867279053,2.6056318283081055,0.7838326096534729,0.31025978922843933
191,1.0558210611343384,2.5950658321380615,0.8131048083305359,0.3093958795070648
192,1.1091314554214478,2.826995372772217,0.793890655040741,0.3102785050868988
193,1.1762810945510864,2.542766571044922,0.7860940098762512,0.3048165738582611
194,1.1405423879623413,2.5837559700012207,0.7864694595336914,0.31750139594078064
195,1.1673221588134766,2.6221868991851807,0.7997239232063293,0.32092171907424927
196,1.0975861549377441,2.752930164337158,0.8106293082237244,0.3169185221195221
197,1.1866681575775146,2.6747384071350098,0.7973304986953735,0.3153737187385559
198,1.0331447124481201,2.7685279846191406,0.8177165389060974,0.31568360328674316
199,1.0792279243469238,2.7547342777252197,0.7885604500770569,0.32258909940719604
200,1.1486951112747192,2.648678779602051,0.8066120147705078,0.3320464789867401
201,1.1235853433609009,2.585441827774048,0.7896124124526978,0.31453976035118103
202,1.0496567487716675,2.6232008934020996,0.8142892718315125,0.30750927329063416
203,1.1530067920684814,2.5811774730682373,0.7893214821815491,0.3061448335647583
204,1.168900489807129,2.6541965007781982,0.8071978688240051,0.3104989528656006
205,1.0679277181625366,2.753971576690674,0.800132691860199,0.31039509177207947
206,1.0702906847000122,2.5864884853363037,0.8112591505050659,0.30614903569221497
207,1.096972107887268,2.596128225326538,0.8033580183982849,0.3083243668079376
208,1.2152985334396362,2.5515830516815186,0.7917239665985107,0.3090723752975464
209,1.0446828603744507,2.4635753631591797,0.8201234340667725,0.3046821653842926
210,1.1191259622573853,2.7212727069854736,0.8174489140510559,0.3139823377132416
211,1.147096872329712,2.5220439434051514,0.796576201915741,0.3085850775241852
212,1.0621663331985474,2.7352068424224854,0.8125492930412292,0.3030723035335541
213,1.0632572174072266,2.8360061645507812,0.8055137991905212,0.30450206995010376
214,1.0144574642181396,2.7336461544036865,0.8123979568481445,0.30030104517936707
215,1.1280649900436401,2.6361889839172363,0.7930743098258972,0.3031856119632721
216,1.0539807081222534,2.7506184577941895,0.8051637411117554,0.3071972727775574
217,1.0600131750106812,2.6482114791870117,0.8076943755149841,0.3122865855693817
218,1.0385602712631226,2.7896251678466797,0.8111957907676697,0.30611738562583923
219,1.0528624057769775,2.7456443309783936,0.8221534490585327,0.30040082335472107
220,0.9910850524902344,2.723209857940674,0.8257395625114441,0.30168581008911133
221,1.1110485792160034,2.6662988662719727,0.8148199915885925,0.30022525787353516
222,1.0336099863052368,2.8609864711761475,0.8148704767227173,0.3049792945384979
223,1.0649502277374268,2.5653202533721924,0.8197164535522461,0.2882126569747925
224,1.1583330631256104,2.582266092300415,0.7873713970184326,0.29269206523895264
225,1.0713461637496948,2.4999406337738037,0.8069519996643066,0.29314711689949036
226,1.0884038209915161,2.6514525413513184,0.7953906655311584,0.29609715938568115
227,1.1244341135025024,2.7937071323394775,0.7889090180397034,0.29430681467056274
228,1.0169777870178223,2.7059154510498047,0.8185246586799622,0.3067259192466736
229,1.0791280269622803,2.8418571949005127,0.8190636038780212,0.3055746257305145
230,1.1091283559799194,2.814962863922119,0.7989456653594971,0.2957542836666107
231,1.1622684001922607,2.8150417804718018,0.7824229001998901,0.2964337468147278
232,1.0703496932983398,2.629899263381958,0.7950119376182556,0.2988286018371582
233,1.0824440717697144,2.6321544647216797,0.8085434436798096,0.2916370630264282
234,1.1397768259048462,2.73539400100708,0.8092259764671326,0.30075618624687195
235,1.0611587762832642,2.6726009845733643,0.803337574005127,0.30235499143600464
236,1.0735044479370117,2.9042115211486816,0.8062147498130798,0.2925301790237427
237,0.981805682182312,2.985915184020996,0.8262296915054321,0.300456166267395
238,0.9606451392173767,2.851775646209717,0.8223431706428528,0.285958468914032
239,1.0596754550933838,2.651252508163452,0.8137686252593994,0.29822584986686707
240,1.0109893083572388,2.790870428085327,0.8193146586418152,0.30214378237724304
241,1.0779753923416138,2.6637775897979736,0.8266677856445312,0.2968014180660248
242,1.0688871145248413,2.6091272830963135,0.799071192741394,0.2964712083339691
243,1.0425068140029907,2.8129281997680664,0.8051972389221191,0.3058181703090668
244,1.0164767503738403,2.606701135635376,0.8200694918632507,0.2948041260242462
245,1.136460542678833,2.6794238090515137,0.8017374873161316,0.3010624051094055
246,0.9860706925392151,2.862382411956787,0.8279992341995239,0.2961309552192688
247,0.903857409954071,2.656611919403076,0.8367272615432739,0.29602888226509094
248,1.0330950021743774,2.7227892875671387,0.8265713453292847,0.29897236824035645
249,1.0088461637496948,2.8932933807373047,0.8204289674758911,0.3006124794483185
250,1.1243571043014526,2.7295737266540527,0.8076150417327881,0.2974194288253784
251,0.99283766746521,2.740496873855591,0.8136537075042725,0.29667896032333374
252,0.976513683795929,2.783540725708008,0.8200831413269043,0.2921997308731079
253,1.018675684928894,2.623548746109009,0.8102068305015564,0.29145994782447815
254,1.089772343635559,2.8531129360198975,0.806219756603241,0.29227548837661743
255,1.0637609958648682,2.7771148681640625,0.8148360252380371,0.2903255820274353
256,1.093819499015808,2.771984815597534,0.819373369216919,0.29072901606559753
257,1.0272992849349976,2.857529640197754,0.8160930871963501,0.29789724946022034
258,1.0409278869628906,2.705990791320801,0.8074678182601929,0.2953377366065979
259,1.0390233993530273,3.0225560665130615,0.8217622637748718,0.2943761348724365
260,0.9967097043991089,2.6383254528045654,0.8245691061019897,0.288204163312912
261,1.05418860912323,2.9410789012908936,0.7995753884315491,0.294447660446167
262,0.9880200028419495,2.8023202419281006,0.8239202499389648,0.2962348461151123
263,1.071628451347351,2.7226860523223877,0.7955740690231323,0.29129308462142944
264,1.0684385299682617,2.781562566757202,0.8115788102149963,0.2979356348514557
265,1.0400357246398926,2.8556017875671387,0.8309051394462585,0.2914884686470032
266,1.0646394491195679,2.6998512744903564,0.8200287818908691,0.2860233187675476
267,0.9867108464241028,3.111034393310547,0.831724226474762,0.2914358973503113
268,0.9772378206253052,2.620626926422119,0.829883873462677,0.2897171378135681
269,1.0147773027420044,2.915262460708618,0.8288843035697937,0.28831973671913147
270,1.0782121419906616,2.772448778152466,0.8339306712150574,0.2862008810043335
271,1.0782920122146606,2.8761136531829834,0.8249467015266418,0.2884679436683655
272,1.0361171960830688,2.7701799869537354,0.826485276222229,0.2883965075016022
273,1.0218312740325928,2.8619792461395264,0.8198440074920654,0.28332963585853577
274,1.041460394859314,2.760819673538208,0.8120077252388,0.2919023931026459
275,0.978802502155304,2.6981029510498047,0.8248046636581421,0.28820887207984924
276,0.9772689938545227,2.7513480186462402,0.8234875202178955,0.29952695965766907
277,0.9891068935394287,2.5661680698394775,0.8283222913742065,0.29537758231163025
278,1.1086641550064087,2.760666847229004,0.8126007318496704,0.2991617023944855
279,1.0344791412353516,2.655642032623291,0.8275154232978821,0.3008485734462738
280,1.0990411043167114,2.654675006866455,0.8093990683555603,0.2868713438510895
281,1.0420994758605957,3.0057003498077393,0.8245785236358643,0.29889726638793945
282,0.9245030283927917,2.726416826248169,0.8237533569335938,0.28167176246643066
283,1.0470367670059204,2.891002655029297,0.8176344633102417,0.2843123972415924
284,0.948501467704773,2.6425118446350098,0.8353910446166992,0.29117411375045776
285,1.0277049541473389,2.8136632442474365,0.8104674220085144,0.28570348024368286
286,0.9857435822486877,2.820349931716919,0.8295972943305969,0.2837785482406616
287,1.0972936153411865,2.793087959289551,0.8069489002227783,0.2872338891029358
288,1.0025634765625,2.838106870651245,0.8189922571182251,0.29249313473701477
289,1.0147439241409302,2.879305124282837,0.8315435647964478,0.2877294421195984
290,1.0131359100341797,2.696380853652954,0.8290074467658997,0.2828456163406372
291,0.9385714530944824,2.6306562423706055,0.8345209956169128,0.2884725034236908
292,1.0408790111541748,2.5599637031555176,0.8163961172103882,0.2769071161746979
293,0.9769013524055481,2.77746844291687,0.8304405212402344,0.2872021794319153
294,0.9311744570732117,2.953803062438965,0.8375334143638611,0.2867119610309601
295,1.074175477027893,2.5849714279174805,0.8213281035423279,0.2913464307785034
296,1.052563190460205,2.81872820854187,0.8151484131813049,0.29376691579818726
297,1.0427483320236206,2.7623965740203857,0.8217414617538452,0.2983132004737854
298,0.9999287724494934,2.7414867877960205,0.8348890542984009,0.28280168771743774
299,0.8897935748100281,2.9343743324279785,0.834232747554779,0.28337979316711426
300,0.8846929669380188,2.975990056991577,0.8276179432868958,0.29087039828300476
301,0.9644526839256287,2.811161518096924,0.8318899273872375,0.295667439699173
302,1.0290296077728271,2.706266403198242,0.8186876773834229,0.29945215582847595
303,0.952893853187561,2.820026159286499,0.8367226719856262,0.2875843942165375
304,0.8930169343948364,2.8551037311553955,0.8275532722473145,0.28698447346687317
305,1.028182029724121,2.6247246265411377,0.835125744342804,0.2837888300418854
306,1.0002622604370117,2.76020884513855,0.8153385519981384,0.27999961376190186
307,0.9457664489746094,2.7570064067840576,0.8328137397766113,0.28993290662765503
308,1.095696210861206,2.6862025260925293,0.8139443397521973,0.27571386098861694
309,0.9607712030410767,2.7259044647216797,0.843090832233429,0.281703382730484
310,0.9761244654655457,2.8468010425567627,0.8237670660018921,0.2925455868244171
311,0.8886613845825195,2.927842140197754,0.8502151370048523,0.29726850986480713
312,0.9906911849975586,3.0525903701782227,0.827930748462677,0.28255096077919006
313,0.9189193844795227,2.7369730472564697,0.8370515704154968,0.2860351502895355
314,0.947026789188385,2.688983678817749,0.825069010257721,0.2876022458076477
315,0.9550291895866394,2.685760498046875,0.8174457550048828,0.2910466194152832
316,0.9781572222709656,2.7214841842651367,0.8208573460578918,0.2846790850162506
317,0.9977679252624512,2.738955020904541,0.8182523846626282,0.286410927772522
318,0.9892736673355103,2.9142770767211914,0.8373076319694519,0.28916066884994507
319,1.1320078372955322,2.7845823764801025,0.8181769251823425,0.27886107563972473
320,0.9635741114616394,3.016324996948242,0.82579106092453,0.28829264640808105
321,0.9616411924362183,2.7725486755371094,0.8343726992607117,0.2794375419616699
322,0.9592216610908508,2.6546456813812256,0.8219081163406372,0.2791081666946411
323,0.9848765134811401,2.834123373031616,0.8305926322937012,0.2846822142601013
324,1.0144318342208862,2.6684532165527344,0.8261415362358093,0.28391700983047485
325,0.9362627863883972,2.85844349861145,0.8346107602119446,0.2862727642059326
326,1.0168728828430176,2.928427219390869,0.812152087688446,0.2894052267074585
327,0.9029028415679932,2.683201789855957,0.8391514420509338,0.2760973274707794
328,1.0242786407470703,2.8419010639190674,0.8219349980354309,0.2903188169002533
329,0.9324862360954285,2.7048096656799316,0.8395315408706665,0.2964169979095459
330,0.9535813927650452,2.85504150390625,0.8372786045074463,0.29134923219680786
331,0.9449885487556458,2.8838140964508057,0.8341878056526184,0.292186439037323
332,0.9489360451698303,2.761244297027588,0.8389998078346252,0.2957901954650879
333,0.9895808696746826,2.9537668228149414,0.8255787491798401,0.28828370571136475
334,0.8988730311393738,2.9494335651397705,0.8413151502609253,0.29274699091911316
335,0.9594592452049255,2.7181248664855957,0.8236299157142639,0.29513365030288696
336,0.9978833198547363,2.9119174480438232,0.8104156851768494,0.2956353724002838
337,0.884297788143158,2.969712257385254,0.8502928018569946,0.28817158937454224
338,1.023944616317749,2.696392059326172,0.8165378570556641,0.2792733311653137
339,0.9517962336540222,3.0592715740203857,0.8367061018943787,0.28897520899772644
340,1.0247315168380737,2.8732776641845703,0.8348789811134338,0.29504796862602234
341,0.869551420211792,2.9195549488067627,0.8492146730422974,0.29259005188941956
342,0.9314999580383301,2.837773561477661,0.8383044600486755,0.2901674509048462
343,1.0056688785552979,2.9071764945983887,0.8110208511352539,0.2884215712547302
344,0.8778107762336731,2.8038506507873535,0.8397409319877625,0.2910897731781006
345,0.9338598847389221,2.7459239959716797,0.8290768265724182,0.2818100154399872
346,0.9271067976951599,2.938516616821289,0.8219293355941772,0.28538578748703003
347,0.9745016694068909,2.8926191329956055,0.8322752118110657,0.2859887480735779
348,0.8871006369590759,2.786350965499878,0.8477106094360352,0.282855749130249
349,0.899527907371521,3.0773563385009766,0.8309625387191772,0.28681680560112
350,0.9679075479507446,2.922583818435669,0.8351777195930481,0.2864852547645569
351,0.9722671508789062,2.926703929901123,0.8321649432182312,0.28614065051078796
352,0.9260693192481995,2.789780616760254,0.835694432258606,0.2801187038421631
353,0.9678034782409668,2.9544477462768555,0.8302796483039856,0.2818208634853363
354,0.9232215881347656,2.866725206375122,0.838979959487915,0.28378018736839294
355,0.9873074293136597,2.9078361988067627,0.8340945243835449,0.288705050945282
356,0.9451570510864258,2.8930327892303467,0.8313053846359253,0.28382834792137146
357,0.9985813498497009,2.8271610736846924,0.8477171063423157,0.287030428647995
358,0.83114093542099,2.78259539604187,0.8411774039268494,0.28596577048301697
359,0.9484875202178955,2.8710711002349854,0.8351673483848572,0.281080961227417
360,0.9428273439407349,2.9554576873779297,0.8352954387664795,0.2914033532142639
361,0.8971958756446838,2.8792593479156494,0.8477307558059692,0.28275686502456665
362,0.9826652407646179,2.9116158485412598,0.8188273310661316,0.27748164534568787
363,0.9486166834831238,2.676008462905884,0.8356044292449951,0.26984521746635437
364,1.0612716674804688,2.9201128482818604,0.8104804754257202,0.2837451696395874
365,0.9747450351715088,2.6622800827026367,0.8340757489204407,0.2804594337940216
366,0.9303112626075745,3.0338737964630127,0.8276402354240417,0.2865118682384491
367,0.9819620847702026,2.8202619552612305,0.828330397605896,0.2735123634338379
368,0.897065281867981,3.068551540374756,0.8441136479377747,0.29030293226242065
369,0.8471583724021912,2.770395040512085,0.8427601456642151,0.2790684401988983
370,1.024882435798645,2.9406492710113525,0.8292214870452881,0.27956917881965637
371,0.9290857315063477,2.7475106716156006,0.8405206203460693,0.26642873883247375
372,0.8818417191505432,3.0630762577056885,0.8475316166877747,0.2689741551876068
373,0.9573104977607727,2.723818778991699,0.8351811170578003,0.2715757191181183
374,0.9521669149398804,2.9320685863494873,0.8260174989700317,0.2719416320323944
375,0.9976721405982971,2.84771990776062,0.8297447562217712,0.267289936542511
376,0.9414638876914978,2.9921042919158936,0.8373613357543945,0.2795378863811493
377,0.9295268058776855,2.90585994720459,0.8368008136749268,0.2843382656574249
378,0.8821035623550415,2.8462870121002197,0.8471572995185852,0.28475436568260193
379,0.8980973958969116,3.0201923847198486,0.8497596979141235,0.27980685234069824
380,0.9444087147712708,2.7445530891418457,0.8417052030563354,0.26247438788414
381,0.9816134572029114,2.966486930847168,0.824550449848175,0.269283652305603
382,1.0366039276123047,2.82707142829895,0.8415971398353577,0.27478399872779846
383,0.875367283821106,2.9465503692626953,0.8392515778541565,0.2698764204978943
384,0.8883572816848755,3.013908624649048,0.8475905060768127,0.27957507967948914
385,1.0611388683319092,2.697753667831421,0.8143075108528137,0.2701977789402008
386,0.9460331797599792,2.9505300521850586,0.8447422385215759,0.26667049527168274
387,0.8214320540428162,3.077120065689087,0.8484793305397034,0.2773202657699585
388,0.9122384786605835,2.6382534503936768,0.8444021940231323,0.2685476839542389
389,0.9303911924362183,2.8788933753967285,0.8420518040657043,0.2770385146141052
390,0.8915035724639893,2.8950536251068115,0.8386122584342957,0.27168741822242737
391,0.911790132522583,2.903266429901123,0.828112781047821,0.2707240879535675
392,0.9364134073257446,2.821200132369995,0.831631600856781,0.2803767919540405
393,0.9142903089523315,2.918651819229126,0.8311113119125366,0.269874632358551
394,0.9388238191604614,2.9140987396240234,0.8375174403190613,0.27358636260032654
395,0.9339030385017395,2.8166451454162598,0.8302547931671143,0.28160813450813293
396,0.9160885810852051,2.7892415523529053,0.8447715640068054,0.28027552366256714
397,0.8908532857894897,2.945525884628296,0.8448112607002258,0.2706802785396576
398,1.0432370901107788,2.9075968265533447,0.8214511275291443,0.2688726782798767
399,0.958576500415802,2.7425248622894287,0.8387442231178284,0.26637834310531616
400,0.8488190770149231,2.7930991649627686,0.8646845817565918,0.2671774625778198
401,0.9541842937469482,2.9107913970947266,0.8308016657829285,0.27618715167045593
402,0.9644229412078857,2.9548306465148926,0.8383981585502625,0.2738629877567291
403,0.8995872139930725,2.6901774406433105,0.8353512287139893,0.26562440395355225
404,0.8620695471763611,2.8521206378936768,0.8516241312026978,0.2684279978275299
405,0.882399320602417,2.995462417602539,0.8531197905540466,0.2737027108669281
406,0.8594897389411926,2.9709532260894775,0.8417295813560486,0.280465304851532
407,0.9293641448020935,3.021733045578003,0.8420602083206177,0.26919203996658325
408,0.8697799444198608,3.0004565715789795,0.8408437967300415,0.27408289909362793
409,0.8893008232116699,2.9750356674194336,0.8380312919616699,0.2793571352958679
410,0.8867703676223755,2.8353068828582764,0.8285221457481384,0.2742128074169159
411,0.8460107445716858,2.8306519985198975,0.8582462668418884,0.2775700092315674
412,0.9799455404281616,2.978440761566162,0.8264142274856567,0.2676861584186554
413,0.987907886505127,3.0271944999694824,0.8366259336471558,0.28112003207206726
414,0.9793013334274292,2.883091449737549,0.8358027935028076,0.269514799118042
415,0.9128587245941162,2.884530782699585,0.8407479524612427,0.2708808481693268
416,0.8824548721313477,3.007901906967163,0.8397564888000488,0.289754182100296
417,0.9583284258842468,2.8120172023773193,0.828514575958252,0.2810543477535248
418,0.8597232103347778,2.7821218967437744,0.8499433994293213,0.27582409977912903
419,0.9863227605819702,2.8353872299194336,0.84442538022995,0.27681565284729004
420,0.917336106300354,3.0768418312072754,0.8340218663215637,0.2695878744125366
421,0.9360474944114685,2.856412887573242,0.8376116752624512,0.2668303847312927
422,0.8968275189399719,2.8841824531555176,0.8515171408653259,0.27934837341308594
423,0.9811346530914307,3.0119237899780273,0.8375428318977356,0.262257844209671
424,0.9096729755401611,3.16451358795166,0.8463383316993713,0.27222728729248047
425,0.9542685151100159,2.8948140144348145,0.8427149653434753,0.2704640328884125
426,0.8649464845657349,2.8240606784820557,0.8576462864875793,0.2713783085346222
427,1.0300463438034058,2.7547543048858643,0.8218644261360168,0.2658796012401581
428,0.8622045516967773,2.976546049118042,0.8535742163658142,0.2608110010623932
429,0.8370439410209656,2.9084551334381104,0.8472276329994202,0.2670050263404846
430,0.9807530045509338,3.1133222579956055,0.8283319473266602,0.27081072330474854
431,0.9157719612121582,2.948981523513794,0.8426045179367065,0.269998699426651
432,0.9445039629936218,3.0966737270355225,0.826578676700592,0.2712092101573944
433,0.9482960104942322,3.1317811012268066,0.8357536196708679,0.26108482480049133
434,1.0225898027420044,3.2917909622192383,0.8256540298461914,0.27325403690338135
435,0.9202927947044373,3.036708116531372,0.8482621908187866,0.2686825096607208
436,0.9096060395240784,3.034548282623291,0.8466458320617676,0.2672753632068634
437,0.9173886179924011,2.9992291927337646,0.8364406228065491,0.2571200728416443
438,0.9449560642242432,3.133079767227173,0.8351953029632568,0.2665431797504425
439,0.818455696105957,2.8627140522003174,0.8535439968109131,0.26742348074913025
440,0.8922359943389893,2.9467952251434326,0.838056206703186,0.2670148015022278
441,0.9301901459693909,2.9349777698516846,0.8371127247810364,0.26183223724365234
442,1.0243909358978271,2.8996522426605225,0.8259169459342957,0.2692846655845642
443,0.8832541108131409,2.913933038711548,0.8498162627220154,0.2681395411491394
444,0.9091412425041199,2.9234628677368164,0.8451101779937744,0.26828068494796753
445,0.8696436882019043,2.8138694763183594,0.8567039370536804,0.26418668031692505
446,0.8433241248130798,2.992790937423706,0.8621038794517517,0.2680935263633728
447,0.921758234500885,3.0985939502716064,0.834294855594635,0.26349008083343506
448,0.8488648533821106,3.0415172576904297,0.8505924940109253,0.2598295509815216
449,0.8748608231544495,3.040700674057007,0.8471115231513977,0.26631900668144226
450,0.9563106894493103,2.992645263671875,0.8362182974815369,0.26102229952812195
451,0.8819459080696106,3.319261074066162,0.8509411215782166,0.26791590452194214
452,0.9252418875694275,2.977501392364502,0.8462672233581543,0.26292771100997925
453,0.9346400499343872,3.051631212234497,0.8470427393913269,0.262008935213089
454,0.8115213513374329,3.0558924674987793,0.8645914793014526,0.2748267352581024
455,0.870681643486023,3.2164998054504395,0.8493337631225586,0.2608979344367981
456,0.8306924104690552,2.9005885124206543,0.8529811501502991,0.2635332942008972
457,0.881154477596283,2.982224702835083,0.8364953994750977,0.26282620429992676
458,0.9514318704605103,2.9897658824920654,0.8335864543914795,0.26803651452064514
459,0.8811801075935364,3.0488991737365723,0.8448994755744934,0.26689377427101135
460,0.8484997749328613,2.962045431137085,0.8478828072547913,0.2681894302368164
461,0.9310811161994934,2.840081214904785,0.8234942555427551,0.26135820150375366
462,0.8684342503547668,3.0878067016601562,0.8433662056922913,0.2665255665779114
463,0.9465469121932983,2.8493378162384033,0.8388325572013855,0.2685503661632538
464,0.8716450929641724,3.1664602756500244,0.8320272564888,0.26157650351524353
465,0.8819313049316406,3.1202595233917236,0.84819096326828,0.25811976194381714
466,0.8223139643669128,2.9998605251312256,0.8513351678848267,0.255892276763916
467,0.9378212094306946,3.0485830307006836,0.8502694964408875,0.2653502821922302
468,0.9210192561149597,3.0594801902770996,0.8291401863098145,0.26025038957595825
469,0.9687776565551758,2.8582847118377686,0.8485693335533142,0.2684659957885742
470,0.870740532875061,3.018660306930542,0.8443921208381653,0.2610234320163727
471,0.86313396692276,2.9385669231414795,0.8589224219322205,0.25559988617897034
472,0.904512345790863,3.0344812870025635,0.8346378803253174,0.25486302375793457
473,0.911823570728302,3.052907943725586,0.8545408844947815,0.2588156461715698
474,0.9121432900428772,2.93133282661438,0.8368287682533264,0.2632046341896057
475,0.8825441002845764,3.1387925148010254,0.8434747457504272,0.26309072971343994
476,0.9826750159263611,3.0489275455474854,0.8314034938812256,0.260794460773468
477,0.9076967239379883,2.8490331172943115,0.8398467898368835,0.2628670632839203
478,0.9241827726364136,2.952155590057373,0.8424355983734131,0.26726409792900085
479,0.8790937662124634,2.9717612266540527,0.857672393321991,0.26739007234573364
480,0.9366335868835449,3.1445212364196777,0.8386059999465942,0.24914036691188812
481,0.935050368309021,3.0352041721343994,0.8350934982299805,0.26168292760849
482,0.900964617729187,2.7963452339172363,0.8520252704620361,0.2564013600349426
483,0.8863058686256409,3.0886776447296143,0.8455348610877991,0.25231683254241943
484,0.8380225896835327,2.9304633140563965,0.846761167049408,0.25637394189834595
485,0.9286172389984131,2.85732364654541,0.8478348851203918,0.2596355974674225
486,0.8749791383743286,2.887733221054077,0.8488621115684509,0.2546519637107849
487,0.9127786159515381,3.1188430786132812,0.8563899397850037,0.2581074833869934
488,0.9919361472129822,3.1589043140411377,0.8179568648338318,0.2645183503627777
489,0.8789871335029602,3.046719789505005,0.8483263850212097,0.26185670495033264
490,0.8929705619812012,3.1298635005950928,0.8481414914131165,0.2670482397079468
491,0.9925761222839355,3.011674642562866,0.8277201652526855,0.2553671896457672
492,0.9417921304702759,3.20064377784729,0.8338154554367065,0.26000693440437317
493,0.938769519329071,2.9240238666534424,0.8373664617538452,0.25741907954216003
494,0.8680648803710938,3.1522274017333984,0.8488581776618958,0.2684157192707062
495,0.8796671628952026,3.02081561088562,0.8465014696121216,0.26955536007881165
496,0.8937530517578125,3.2790422439575195,0.8580504059791565,0.2658126652240753
497,0.9123589992523193,2.987248659133911,0.8574604392051697,0.25976547598838806
498,0.8979421854019165,2.8583884239196777,0.8419870138168335,0.260314017534256
499,0.9298559427261353,3.110783815383911,0.8372521996498108,0.2679220736026764
500,0.8466941714286804,2.82045578956604,0.849518895149231,0.2602289021015167
501,0.8981863856315613,3.2073214054107666,0.8475624322891235,0.2622557580471039
502,0.8013647794723511,2.9773759841918945,0.852548360824585,0.2675440311431885
503,0.7847567796707153,2.8099637031555176,0.8491931557655334,0.2626352310180664
504,0.8679205775260925,3.1089119911193848,0.8447514176368713,0.26667940616607666
505,0.923521876335144,3.077345132827759,0.844860851764679,0.26412051916122437
506,0.9049493074417114,2.870600461959839,0.8446928262710571,0.26376551389694214
507,0.9648860096931458,2.9863593578338623,0.8399084210395813,0.27044564485549927
508,0.9067768454551697,2.917323350906372,0.8389848470687866,0.25725123286247253
509,0.8078348636627197,2.997481107711792,0.8591128587722778,0.26229313015937805
510,0.764911949634552,3.188512086868286,0.8647533059120178,0.26235029101371765
511,0.7631515860557556,2.9253482818603516,0.8714314699172974,0.26166677474975586
512,0.8365151882171631,2.826448917388916,0.8505125045776367,0.2669828236103058
513,1.0139474868774414,2.9745163917541504,0.8267037868499756,0.2623422145843506
514,0.8661656379699707,3.247736692428589,0.8563510179519653,0.2685359716415405
515,0.920258641242981,2.913285255432129,0.8356162905693054,0.2552471458911896
516,0.944239616394043,2.8413703441619873,0.8424801230430603,0.25985491275787354
517,0.9598869681358337,2.916266918182373,0.820633053779602,0.25548091530799866
518,0.9677218794822693,2.932480812072754,0.8366290330886841,0.26066702604293823
519,0.8233108520507812,2.853494167327881,0.8472422361373901,0.25702497363090515
520,0.9196855425834656,2.899467706680298,0.8417207598686218,0.26448410749435425
521,0.8811317086219788,3.0671446323394775,0.8493520021438599,0.268382728099823
522,0.9388564825057983,3.1000750064849854,0.8421449065208435,0.2650143504142761
523,0.919730544090271,2.9180963039398193,0.8356549143791199,0.25872233510017395
524,0.835831880569458,3.2244980335235596,0.852894127368927,0.27078017592430115
525,0.8714584112167358,3.1023755073547363,0.8481971621513367,0.2731800079345703
526,0.9409751892089844,3.011129856109619,0.8245758414268494,0.2739173471927643
527,0.8479261994361877,2.9079794883728027,0.8540654182434082,0.26641085743904114
528,0.9293435215950012,3.0564239025115967,0.8261697292327881,0.2700978219509125
529,0.899127185344696,2.8673288822174072,0.8565345406532288,0.25958219170570374
530,0.8785378932952881,3.120741367340088,0.8526315093040466,0.26918965578079224
531,0.9168696999549866,3.221456289291382,0.8458535671234131,0.2662060260772705
532,0.8740091323852539,2.9993786811828613,0.8590693473815918,0.25879737734794617
533,0.831562340259552,3.0316882133483887,0.8440530300140381,0.26560017466545105
534,0.7899177074432373,3.1454548835754395,0.8571842908859253,0.25281089544296265
535,0.9076706171035767,2.945239305496216,0.8593650460243225,0.2578071355819702
536,0.9504773020744324,3.041649103164673,0.8307418823242188,0.2654677927494049
537,0.8919448852539062,3.0852136611938477,0.8463994264602661,0.26181110739707947
538,0.8737779259681702,3.072819948196411,0.8541896343231201,0.274120956659317
539,0.9133561253547668,2.996812582015991,0.8356561660766602,0.27610141038894653
540,0.8737508058547974,3.1829452514648438,0.8540658950805664,0.26963508129119873
541,0.8865064978599548,2.887237548828125,0.8538503646850586,0.2564001977443695
542,0.9352735877037048,3.1178531646728516,0.849776566028595,0.26744839549064636
543,0.8674930930137634,2.882786273956299,0.8608529567718506,0.2572765350341797
544,0.9202473759651184,3.0815632343292236,0.8485885262489319,0.26461660861968994
545,0.804146409034729,3.151242733001709,0.8563461303710938,0.2591416537761688
546,0.7952622771263123,3.0878353118896484,0.853410005569458,0.2643947899341583
547,0.8013821840286255,3.0494232177734375,0.8531550765037537,0.2626814842224121
548,0.8585528135299683,3.07594895362854,0.84000164270401,0.2604309916496277
549,0.9001971483230591,3.089594841003418,0.8506606817245483,0.2631841003894806
550,0.8657987713813782,2.9984545707702637,0.8516739010810852,0.252689391374588
551,0.8902087211608887,3.185029983520508,0.8548808097839355,0.2667018175125122
552,0.9292643666267395,3.049468755722046,0.8303691148757935,0.2692895233631134
553,0.914048433303833,3.168632984161377,0.8509714007377625,0.2575506567955017
554,0.875132143497467,3.091871738433838,0.8443354368209839,0.26107078790664673
555,0.867300271987915,3.0939807891845703,0.8471174836158752,0.2511547803878784
556,0.7555084228515625,3.2382941246032715,0.8747016787528992,0.25633493065834045
557,0.8349909782409668,2.9347898960113525,0.8488448858261108,0.26038262248039246
558,0.922353982925415,3.0127170085906982,0.852634847164154,0.26715561747550964
559,0.8742443919181824,3.170215368270874,0.8476166129112244,0.2599671185016632
560,0.8500741124153137,3.1813290119171143,0.8490099906921387,0.2552146911621094
561,0.879834771156311,2.8999335765838623,0.8477819561958313,0.258410781621933
562,0.8667407631874084,3.2274420261383057,0.858198881149292,0.2617758810520172
563,0.7637466788291931,3.059889078140259,0.8596048355102539,0.2597588300704956
564,0.9158981442451477,2.8798861503601074,0.8340834379196167,0.24383346736431122
565,0.8300463557243347,3.051861524581909,0.843504786491394,0.25219911336898804
566,0.8359379172325134,2.9576947689056396,0.8419526219367981,0.2570370137691498
567,0.853236734867096,2.96610426902771,0.834859311580658,0.249209925532341
568,0.8313000202178955,2.9778311252593994,0.856016218662262,0.25628453493118286
569,0.9420028328895569,3.1884162425994873,0.8345591425895691,0.25111785531044006
570,0.8352655172348022,3.099109649658203,0.8501202464103699,0.2619147300720215
571,0.9245709180831909,3.063915967941284,0.8457232713699341,0.2591499984264374
572,0.8276771306991577,3.2005226612091064,0.8502306938171387,0.26085227727890015
573,0.8566187620162964,3.2455453872680664,0.8579826354980469,0.2584207355976105
574,0.8122914433479309,3.0916357040405273,0.8678013682365417,0.2597176730632782
575,0.8629064559936523,3.191425085067749,0.8451963663101196,0.2626234292984009
576,0.9141374230384827,3.2183077335357666,0.8540830612182617,0.2662079930305481
577,0.7933346629142761,3.243471384048462,0.857591986656189,0.26677703857421875
578,0.9336845278739929,3.1236798763275146,0.8307653665542603,0.2580776810646057
579,0.7758800983428955,2.9532783031463623,0.8561389446258545,0.25755882263183594
580,0.8897756934165955,2.989301919937134,0.8388106226921082,0.26217272877693176
581,0.7975416779518127,3.047839403152466,0.8516743779182434,0.2589811086654663
582,0.8558284044265747,3.1713035106658936,0.8542652726173401,0.2637753486633301
583,0.8685339689254761,3.2312607765197754,0.8322644233703613,0.2490583062171936
584,0.8737149238586426,3.313540458679199,0.8559564352035522,0.2587989568710327
585,0.9307475686073303,2.926347494125366,0.841742217540741,0.2567484378814697
586,0.8705767393112183,3.2079250812530518,0.8546409606933594,0.26040127873420715
587,0.8233987092971802,3.083307981491089,0.8580965995788574,0.2641381323337555
588,0.822821319103241,3.165715456008911,0.8605377078056335,0.26138341426849365
589,0.9073660373687744,3.131277084350586,0.846068263053894,0.2672368288040161
590,0.8673517107963562,3.001322031021118,0.8523659110069275,0.2615785300731659
591,0.9048187136650085,3.3612306118011475,0.8360313177108765,0.2640831172466278
592,0.8519518971443176,2.9451558589935303,0.8376998901367188,0.2670741081237793
593,0.8466630578041077,3.005502462387085,0.854824960231781,0.26454126834869385
594,0.844284176826477,3.1746222972869873,0.8593234419822693,0.2621971368789673
595,1.0315994024276733,3.0724313259124756,0.8239755034446716,0.25670650601387024
596,0.8905299305915833,3.1120834350585938,0.8468707203865051,0.26111021637916565
597,0.8522038459777832,3.148796796798706,0.8653071522712708,0.25858238339424133
598,0.904488205909729,3.050335645675659,0.8435544967651367,0.2735590934753418
599,0.840502917766571,3.178485870361328,0.850631058216095,0.267823189496994
600,0.7850739359855652,2.984487533569336,0.8729455471038818,0.2597694993019104
601,0.8373352289199829,3.2242376804351807,0.8492701649665833,0.26227259635925293
602,0.8628023862838745,3.0841224193573,0.8597044348716736,0.26636800169944763
603,0.7935636639595032,3.2387521266937256,0.8740562796592712,0.26157429814338684
