epoch,step,test_loss,test_pcc,train_loss_epoch,train_pcc_epoch,val_loss,val_pcc
0,40,,,,,4.591192245483398,0.07391936331987381
0,40,,,3.3891043663024902,0.033762406557798386,,
1,81,,,,,4.424499034881592,0.10033667087554932
1,81,,,3.2359836101531982,-0.012105243280529976,,
2,122,,,,,4.186745643615723,0.06644558906555176
2,122,,,2.9966773986816406,0.021811282262206078,,
3,163,,,,,3.973985195159912,0.15688399970531464
3,163,,,2.9047186374664307,0.004175883252173662,,
4,204,,,,,3.8572490215301514,0.19308409094810486
4,204,,,2.8003697395324707,0.009273895062506199,,
5,245,,,,,3.7767088413238525,0.17369498312473297
5,245,,,2.8603451251983643,0.025602491572499275,,
6,286,,,,,3.639486074447632,0.18840700387954712
6,286,,,2.567854642868042,0.13251423835754395,,
7,327,,,,,3.637751579284668,0.20285174250602722
7,327,,,2.6767420768737793,0.07721415162086487,,
8,368,,,,,3.5818402767181396,0.22012607753276825
8,368,,,2.5885326862335205,0.10022134333848953,,
9,409,,,,,3.551480531692505,0.20916716754436493
9,409,,,2.707427501678467,0.15306301414966583,,
10,450,,,,,3.547043561935425,0.2202874720096588
10,450,,,2.6975836753845215,0.1322741061449051,,
11,491,,,,,3.4949989318847656,0.2602720856666565
11,491,,,2.5695011615753174,0.12838037312030792,,
12,532,,,,,3.4253556728363037,0.2912495732307434
12,532,,,2.446758270263672,0.23693270981311798,,
13,573,,,,,3.4384138584136963,0.28689777851104736
13,573,,,2.6435983180999756,0.18427300453186035,,
14,614,,,,,3.4107325077056885,0.28499194979667664
14,614,,,2.5051355361938477,0.247572124004364,,
15,655,,,,,3.4529755115509033,0.31080737709999084
15,655,,,2.3342483043670654,0.25053733587265015,,
16,696,,,,,3.385455846786499,0.3145798146724701
16,696,,,2.434412717819214,0.27678805589675903,,
17,737,,,,,3.3400681018829346,0.3248883783817291
17,737,,,2.3576302528381348,0.27560314536094666,,
18,778,,,,,3.461731433868408,0.3383546769618988
18,778,,,2.4427595138549805,0.27394723892211914,,
19,819,,,,,3.280421733856201,0.3416600525379181
19,819,,,2.291748046875,0.31690749526023865,,
20,860,,,,,3.287703037261963,0.3494074046611786
20,860,,,2.308894634246826,0.32208412885665894,,
21,901,,,,,3.295529842376709,0.36455821990966797
21,901,,,2.2876946926116943,0.30266621708869934,,
22,942,,,,,3.3746235370635986,0.37530726194381714
22,942,,,2.4132306575775146,0.3349789083003998,,
23,983,,,,,3.286756753921509,0.3722640872001648
23,983,,,2.3841817378997803,0.3585171103477478,,
24,1024,,,,,3.2563188076019287,0.36944571137428284
24,1024,,,2.103508949279785,0.35937637090682983,,
25,1065,,,,,3.2630629539489746,0.3765661120414734
25,1065,,,2.5045688152313232,0.33583733439445496,,
26,1106,,,,,3.327058792114258,0.37468546628952026
26,1106,,,2.3223178386688232,0.3410746455192566,,
27,1147,,,,,3.2379150390625,0.37516364455223083
27,1147,,,2.300154447555542,0.3712873160839081,,
28,1188,,,,,3.3185794353485107,0.3689214885234833
28,1188,,,2.1969730854034424,0.3695230782032013,,
29,1229,,,,,3.2487592697143555,0.38898324966430664
29,1229,,,2.2134199142456055,0.3659324049949646,,
30,1270,,,,,3.20743727684021,0.3992903530597687
30,1270,,,2.2806668281555176,0.3405596613883972,,
31,1311,,,,,3.299976110458374,0.40873727202415466
31,1311,,,2.2954468727111816,0.3461058437824249,,
32,1352,,,,,3.2424724102020264,0.40876471996307373
32,1352,,,2.55895733833313,0.33191224932670593,,
33,1393,,,,,3.183624505996704,0.41610175371170044
33,1393,,,2.3000054359436035,0.3769088089466095,,
34,1434,,,,,3.159597158432007,0.4148486256599426
34,1434,,,2.1470508575439453,0.42479756474494934,,
35,1475,,,,,3.136439323425293,0.4133298397064209
35,1475,,,2.3316810131073,0.42393219470977783,,
36,1516,,,,,3.2037100791931152,0.4132607579231262
36,1516,,,2.1773531436920166,0.35340771079063416,,
37,1557,,,,,3.132992744445801,0.41913267970085144
37,1557,,,2.203430652618408,0.4286719858646393,,
38,1598,,,,,3.1053740978240967,0.42328837513923645
38,1598,,,2.1989352703094482,0.42354270815849304,,
39,1639,,,,,3.1022989749908447,0.42719703912734985
39,1639,,,2.249547004699707,0.4372914135456085,,
40,1680,,,,,3.1575911045074463,0.425460547208786
40,1680,,,2.102670907974243,0.42034655809402466,,
41,1721,,,,,3.1916370391845703,0.4287587106227875
41,1721,,,2.1523571014404297,0.400166779756546,,
42,1762,,,,,3.076211929321289,0.4299429953098297
42,1762,,,2.331233263015747,0.4029107391834259,,
43,1803,,,,,3.089373826980591,0.42578011751174927
43,1803,,,2.111210823059082,0.461845725774765,,
44,1844,,,,,3.139153003692627,0.42985236644744873
44,1844,,,2.0568153858184814,0.44068288803100586,,
45,1885,,,,,3.1929931640625,0.4426434636116028
45,1885,,,2.357511520385742,0.4423556923866272,,
46,1926,,,,,3.1032276153564453,0.447223961353302
46,1926,,,2.0207154750823975,0.3893955647945404,,
47,1967,,,,,3.0090372562408447,0.44775140285491943
47,1967,,,2.030428647994995,0.459877610206604,,
48,2008,,,,,3.0530970096588135,0.449663370847702
48,2008,,,2.082639694213867,0.4591939151287079,,
49,2049,,,,,3.086038827896118,0.4576415717601776
49,2049,,,2.0668046474456787,0.4364459216594696,,
50,2090,,,,,3.0686450004577637,0.45984122157096863
50,2090,,,2.0872905254364014,0.4204147160053253,,
51,2131,,,,,3.0683422088623047,0.4563252329826355
51,2131,,,2.093144416809082,0.40290185809135437,,
52,2172,,,,,3.0259037017822266,0.4550846219062805
52,2172,,,2.160520315170288,0.4556386172771454,,
53,2213,,,,,3.0690081119537354,0.454130083322525
53,2213,,,2.1662721633911133,0.4587925374507904,,
54,2254,,,,,3.0420584678649902,0.472739040851593
54,2254,,,2.245046615600586,0.39683040976524353,,
55,2295,,,,,3.0562632083892822,0.4730450212955475
55,2295,,,2.1623165607452393,0.45854127407073975,,
56,2336,,,,,3.084491729736328,0.4494361877441406
56,2336,,,1.85679030418396,0.4675312936306,,
57,2377,,,,,3.0395278930664062,0.44090795516967773
57,2377,,,1.978621006011963,0.4964890778064728,,
58,2418,,,,,3.0186309814453125,0.4442385733127594
58,2418,,,2.0621979236602783,0.4797048270702362,,
59,2459,,,,,3.0482702255249023,0.44632676243782043
59,2459,,,2.035038471221924,0.4175548553466797,,
60,2500,,,,,2.9903712272644043,0.4609520733356476
60,2500,,,2.035388231277466,0.4645475447177887,,
61,2541,,,,,3.060884714126587,0.4541715681552887
61,2541,,,2.2581381797790527,0.44398266077041626,,
62,2582,,,,,2.986102819442749,0.461162805557251
62,2582,,,1.938269853591919,0.48009878396987915,,
63,2623,,,,,2.9757421016693115,0.4683145582675934
63,2623,,,2.1357946395874023,0.4537507891654968,,
64,2664,,,,,2.88545560836792,0.46530503034591675
64,2664,,,2.0459344387054443,0.4773806631565094,,
65,2705,,,,,3.1032090187072754,0.46230289340019226
65,2705,,,2.0756332874298096,0.495525598526001,,
66,2746,,,,,2.98675799369812,0.47733864188194275
66,2746,,,1.9398738145828247,0.49525097012519836,,
67,2787,,,,,2.9249415397644043,0.48148924112319946
67,2787,,,1.841538906097412,0.4677067697048187,,
68,2828,,,,,2.9445621967315674,0.4795457124710083
68,2828,,,2.1720688343048096,0.46999531984329224,,
69,2869,,,,,2.881100654602051,0.4819313585758209
69,2869,,,2.0263311862945557,0.48477357625961304,,
70,2910,,,,,3.0544087886810303,0.48305341601371765
70,2910,,,2.045069694519043,0.4880727529525757,,
71,2951,,,,,2.9672133922576904,0.48473063111305237
71,2951,,,2.220860004425049,0.44616764783859253,,
72,2992,,,,,3.036731719970703,0.47117605805397034
72,2992,,,2.0143935680389404,0.4637802541255951,,
73,3033,,,,,3.026151657104492,0.46662503480911255
73,3033,,,1.8792678117752075,0.5216174721717834,,
74,3074,,,,,3.0406908988952637,0.4695805013179779
74,3074,,,2.011946678161621,0.5119147896766663,,
75,3115,,,,,2.9902968406677246,0.46832895278930664
75,3115,,,2.0087852478027344,0.4795852303504944,,
76,3156,,,,,2.995455026626587,0.45618903636932373
76,3156,,,1.9654110670089722,0.5206112861633301,,
77,3197,,,,,2.99713397026062,0.4686684012413025
77,3197,,,2.2608230113983154,0.4262254238128662,,
78,3238,,,,,3.065289258956909,0.45848149061203003
78,3238,,,2.151350498199463,0.44691142439842224,,
79,3279,,,,,3.007556915283203,0.4610920250415802
79,3279,,,2.1167752742767334,0.4526786208152771,,
80,3320,,,,,2.975081443786621,0.4601694345474243
80,3320,,,2.010286569595337,0.4527130722999573,,
81,3361,,,,,2.9890661239624023,0.4686785638332367
81,3361,,,2.065297842025757,0.4684681296348572,,
82,3402,,,,,2.987133026123047,0.4613279104232788
82,3402,,,2.2571821212768555,0.4819221496582031,,
83,3443,,,,,3.080239772796631,0.4535009264945984
83,3443,,,2.081681728363037,0.45569974184036255,,
84,3484,,,,,3.012990951538086,0.45593273639678955
84,3484,,,2.0594239234924316,0.476701557636261,,
85,3525,,,,,3.0191287994384766,0.45122694969177246
85,3525,,,1.8750861883163452,0.48357707262039185,,
86,3566,,,,,2.9819066524505615,0.457396000623703
86,3566,,,1.8637566566467285,0.47959449887275696,,
87,3607,,,,,2.981440782546997,0.4574711322784424
87,3607,,,2.146615982055664,0.4793485403060913,,
88,3648,,,,,2.9461569786071777,0.45910531282424927
88,3648,,,1.986004114151001,0.48080843687057495,,
89,3689,,,,,3.043903350830078,0.4522857367992401
89,3689,,,2.1627423763275146,0.4820238947868347,,
90,3730,,,,,3.046133518218994,0.4464791417121887
90,3730,,,1.9522485733032227,0.44203808903694153,,
91,3771,,,,,3.0732967853546143,0.45299047231674194
91,3771,,,1.9677734375,0.4816451668739319,,
92,3812,,,,,3.015004873275757,0.44662293791770935
92,3812,,,1.9621645212173462,0.48928922414779663,,
93,3853,,,,,2.9557666778564453,0.44850844144821167
93,3853,,,2.1985621452331543,0.4541229009628296,,
94,3894,,,,,3.0094146728515625,0.4582558572292328
94,3894,,,2.1105451583862305,0.46148717403411865,,
95,3935,,,,,2.9653751850128174,0.46467655897140503
95,3935,,,1.9221569299697876,0.5059689283370972,,
96,3976,,,,,2.948422908782959,0.4639543890953064
96,3976,,,1.9202501773834229,0.4750766158103943,,
97,4017,,,,,2.976858139038086,0.4619286060333252
97,4017,,,1.8965729475021362,0.4853983521461487,,
98,4058,,,,,3.0005130767822266,0.45672112703323364
98,4058,,,2.0531527996063232,0.4839814305305481,,
99,4099,,,,,3.0006816387176514,0.45269280672073364
99,4099,,,2.1380622386932373,0.5003663301467896,,
100,4140,,,,,2.9666216373443604,0.45953699946403503
100,4140,,,1.930000901222229,0.5208223462104797,,
101,4181,,,,,2.989626407623291,0.4564944803714752
101,4181,,,2.0524513721466064,0.47554680705070496,,
102,4222,,,,,2.958275318145752,0.4638996720314026
102,4222,,,1.9638491868972778,0.4939824938774109,,
103,4263,,,,,2.9974524974823,0.45150870084762573
103,4263,,,1.9513064622879028,0.5186349153518677,,
104,4304,,,,,3.008268117904663,0.4418322741985321
104,4304,,,2.14465594291687,0.47418883442878723,,
105,4345,,,,,3.0224907398223877,0.44491666555404663
105,4345,,,1.9399971961975098,0.5190505981445312,,
106,4386,,,,,3.0605523586273193,0.45528966188430786
106,4386,,,2.1017837524414062,0.4514366388320923,,
107,4427,,,,,2.973818302154541,0.45201799273490906
107,4427,,,1.953215479850769,0.4737931787967682,,
108,4468,,,,,3.00272274017334,0.4453747868537903
108,4468,,,1.9216526746749878,0.4829563498497009,,
109,4509,,,,,3.0909998416900635,0.4417838156223297
109,4509,,,1.951863408088684,0.4554586708545685,,
110,4550,,,,,2.9908106327056885,0.457769513130188
110,4550,,,2.090178966522217,0.5024167895317078,,
111,4591,,,,,2.986311435699463,0.44951194524765015
111,4591,,,2.201277256011963,0.4731314182281494,,
112,4632,,,,,2.94685697555542,0.44235649704933167
112,4632,,,2.0673749446868896,0.4972168505191803,,
113,4673,,,,,3.031266212463379,0.44766905903816223
113,4673,,,2.12064266204834,0.4383392930030823,,
114,4714,,,,,2.9950239658355713,0.4436110258102417
114,4714,,,1.8174853324890137,0.5394249558448792,,
115,4755,,,,,2.987879991531372,0.4513314366340637
115,4755,,,2.170212984085083,0.47663092613220215,,
116,4796,,,,,3.0026230812072754,0.4476694166660309
116,4796,,,1.9055581092834473,0.5399473309516907,,
117,4837,,,,,2.9771981239318848,0.4464912712574005
117,4837,,,1.9210032224655151,0.4862534999847412,,
118,4878,,,,,3.0391886234283447,0.43840286135673523
118,4878,,,2.1223857402801514,0.5186542868614197,,
119,4919,,,,,3.046098232269287,0.42984530329704285
119,4919,,,2.0123066902160645,0.5092953443527222,,
120,4960,,,,,3.0585439205169678,0.4283548593521118
120,4960,,,1.9933160543441772,0.49945715069770813,,
121,5001,,,,,3.0340399742126465,0.43178391456604004
121,5001,,,1.7933349609375,0.5146026015281677,,
122,5042,,,,,2.9402015209198,0.455147385597229
122,5042,,,1.9377142190933228,0.5074373483657837,,
123,5083,,,,,3.021357536315918,0.45166659355163574
123,5083,,,1.9814256429672241,0.46408307552337646,,
124,5124,,,,,3.006265640258789,0.4466046392917633
124,5124,,,1.9147013425827026,0.46933305263519287,,
125,5165,,,,,3.022336721420288,0.4444994032382965
125,5165,,,1.9324191808700562,0.49075132608413696,,
126,5206,,,,,2.9869513511657715,0.4473755657672882
126,5206,,,2.073744297027588,0.48352348804473877,,
127,5247,,,,,2.976968288421631,0.45166629552841187
127,5247,,,1.868438959121704,0.5211599469184875,,
128,5288,,,,,2.989611864089966,0.44145262241363525
128,5288,,,2.111447334289551,0.507715106010437,,
129,5329,,,,,2.9080429077148438,0.4536255896091461
129,5329,,,1.990312933921814,0.5015240907669067,,
130,5370,,,,,2.9851362705230713,0.4381265938282013
130,5370,,,2.0277891159057617,0.48254916071891785,,
131,5411,,,,,2.9601502418518066,0.44843339920043945
131,5411,,,1.8389315605163574,0.5324244499206543,,
132,5452,,,,,2.958099126815796,0.4436413049697876
132,5452,,,1.9450408220291138,0.49987661838531494,,
133,5493,,,,,2.9649410247802734,0.4461885094642639
133,5493,,,1.791409969329834,0.5219956636428833,,
134,5534,,,,,3.0074994564056396,0.4390966594219208
134,5534,,,1.8743010759353638,0.5412280559539795,,
135,5575,,,,,2.9647576808929443,0.4405616819858551
135,5575,,,1.8365106582641602,0.5304214358329773,,
136,5616,,,,,2.996713161468506,0.44503527879714966
136,5616,,,1.8851563930511475,0.526486873626709,,
137,5657,,,,,2.966120958328247,0.44231945276260376
137,5657,,,1.8760857582092285,0.5248381495475769,,
138,5698,,,,,2.906057119369507,0.4396638572216034
138,5698,,,1.8416500091552734,0.550803005695343,,
139,5739,,,,,3.013273239135742,0.44040316343307495
139,5739,,,1.947099208831787,0.5162578821182251,,
140,5780,,,,,2.947014331817627,0.44059377908706665
140,5780,,,2.027435541152954,0.48425325751304626,,
141,5821,,,,,2.9366252422332764,0.44933977723121643
141,5821,,,1.9657436609268188,0.5223577618598938,,
142,5862,,,,,2.963390350341797,0.44930240511894226
142,5862,,,1.8825905323028564,0.5357387065887451,,
143,5903,,,,,2.957407236099243,0.45305654406547546
143,5903,,,1.9471426010131836,0.554304838180542,,
144,5944,,,,,2.9910054206848145,0.4541599452495575
144,5944,,,1.89226233959198,0.5215182900428772,,
145,5985,,,,,2.948474884033203,0.45766305923461914
145,5985,,,1.8569170236587524,0.5133678317070007,,
146,6026,,,,,2.9353933334350586,0.45177528262138367
146,6026,,,1.916452169418335,0.5067591071128845,,
147,6067,,,,,3.074812650680542,0.44227689504623413
147,6067,,,1.9641958475112915,0.49767786264419556,,
148,6108,,,,,2.984671115875244,0.45498567819595337
148,6108,,,2.043290138244629,0.4987891912460327,,
149,6149,,,,,2.9530386924743652,0.45038995146751404
149,6149,,,1.743324875831604,0.5189269185066223,,
150,6190,,,,,2.9784581661224365,0.4503391683101654
150,6190,,,1.9978379011154175,0.490989089012146,,
151,6231,,,,,3.016842842102051,0.4311337471008301
151,6231,,,1.848276972770691,0.5165086984634399,,
152,6272,,,,,3.048670768737793,0.4270459711551666
152,6272,,,1.8865455389022827,0.5578410625457764,,
153,6313,,,,,3.0308995246887207,0.4300997257232666
153,6313,,,1.9030314683914185,0.5113773345947266,,
154,6354,,,,,3.070610523223877,0.42725813388824463
154,6354,,,1.8908113241195679,0.5004968643188477,,
155,6395,,,,,3.0108091831207275,0.43182989954948425
155,6395,,,1.8304078578948975,0.518378496170044,,
156,6436,,,,,3.0380918979644775,0.4230789840221405
156,6436,,,2.063577890396118,0.5249478220939636,,
157,6477,,,,,3.1053519248962402,0.410370409488678
157,6477,,,1.8515101671218872,0.5342641472816467,,
158,6518,,,,,3.0769143104553223,0.4179900884628296
158,6518,,,2.0078988075256348,0.4739133417606354,,
159,6559,,,,,3.0084705352783203,0.42663905024528503
159,6559,,,1.9168567657470703,0.5375525951385498,,
160,6600,,,,,3.0242772102355957,0.42594146728515625
160,6600,,,1.9698227643966675,0.48437929153442383,,
161,6641,,,,,2.986065626144409,0.44072750210762024
161,6641,,,2.088911533355713,0.47977322340011597,,
162,6682,,,,,2.99969744682312,0.42853865027427673
162,6682,,,1.8245347738265991,0.5042906403541565,,
163,6723,,,,,3.001783609390259,0.4233538508415222
163,6723,,,1.998547077178955,0.543015718460083,,
164,6764,,,,,3.0808138847351074,0.4224877655506134
164,6764,,,1.9267469644546509,0.5394447445869446,,
165,6805,,,,,2.937237024307251,0.45252135396003723
165,6805,,,2.051802158355713,0.49715015292167664,,
166,6846,,,,,2.9959166049957275,0.44243893027305603
166,6846,,,1.9786217212677002,0.4954823851585388,,
167,6887,,,,,2.948317766189575,0.45203179121017456
167,6887,,,1.7949509620666504,0.5406628251075745,,
168,6928,,,,,3.0131075382232666,0.4416313171386719
168,6928,,,1.8629223108291626,0.49761754274368286,,
169,6969,,,,,2.9034271240234375,0.4545772969722748
169,6969,,,1.8886828422546387,0.5651556849479675,,
170,7010,,,,,3.0356671810150146,0.43613162636756897
170,7010,,,2.0317153930664062,0.49132221937179565,,
171,7051,,,,,3.044840097427368,0.4423019289970398
171,7051,,,1.7271462678909302,0.5096470713615417,,
172,7092,,,,,3.006013870239258,0.45413222908973694
172,7092,,,1.7174845933914185,0.5217987298965454,,
173,7133,,,,,2.979431629180908,0.46487897634506226
173,7133,,,1.8371976613998413,0.5111467242240906,,
174,7174,,,,,2.969360589981079,0.46312791109085083
174,7174,,,1.899837613105774,0.5094403028488159,,
175,7215,,,,,2.873058319091797,0.47243398427963257
175,7215,,,1.8731836080551147,0.5300441980361938,,
176,7256,,,,,2.9823198318481445,0.46601834893226624
176,7256,,,2.200836658477783,0.5091111063957214,,
177,7297,,,,,2.9100749492645264,0.4630499482154846
177,7297,,,1.8105452060699463,0.5428362488746643,,
178,7338,,,,,3.021272897720337,0.4488641321659088
178,7338,,,1.9209635257720947,0.5038582682609558,,
179,7379,,,,,3.054349184036255,0.43337899446487427
179,7379,,,2.072417736053467,0.5158661603927612,,
180,7420,,,,,3.0117239952087402,0.4433270990848541
180,7420,,,1.7324250936508179,0.5578534007072449,,
181,7461,,,,,3.0007593631744385,0.43943315744400024
181,7461,,,1.8182300329208374,0.5246655344963074,,
182,7502,,,,,3.023289680480957,0.43924790620803833
182,7502,,,1.9370896816253662,0.5500847101211548,,
183,7543,,,,,3.062160015106201,0.428008496761322
183,7543,,,1.972765326499939,0.5204843878746033,,
184,7584,,,,,3.118781566619873,0.4222714304924011
184,7584,,,1.9574099779129028,0.4776066243648529,,
185,7625,,,,,3.047353506088257,0.4351619482040405
185,7625,,,1.9272146224975586,0.5185368657112122,,
186,7666,,,,,3.0043909549713135,0.43987733125686646
186,7666,,,1.737928032875061,0.5487284064292908,,
187,7707,,,,,2.994189977645874,0.431936651468277
187,7707,,,1.8772348165512085,0.49587738513946533,,
188,7748,,,,,3.029003858566284,0.4245581328868866
188,7748,,,1.754086971282959,0.5633676648139954,,
189,7789,,,,,2.9890363216400146,0.4318431317806244
189,7789,,,1.8917157649993896,0.5295881032943726,,
190,7830,,,,,2.940187692642212,0.4476155936717987
190,7830,,,1.760972499847412,0.5645890831947327,,
191,7871,,,,,2.9996676445007324,0.4439072608947754
191,7871,,,2.119835376739502,0.4895678162574768,,
192,7912,,,,,2.925861358642578,0.4525660276412964
192,7912,,,2.158585786819458,0.5180061459541321,,
193,7953,,,,,3.01920223236084,0.4317966103553772
193,7953,,,1.9732410907745361,0.5131275653839111,,
194,7994,,,,,3.060192108154297,0.42455923557281494
194,7994,,,2.0845658779144287,0.48628726601600647,,
195,8035,,,,,3.0496811866760254,0.42410117387771606
195,8035,,,2.0668983459472656,0.48789432644844055,,
196,8076,,,,,2.9681830406188965,0.43983131647109985
196,8076,,,1.7177172899246216,0.562689483165741,,
197,8117,,,,,3.021275281906128,0.4370057284832001
197,8117,,,1.8211811780929565,0.5438879728317261,,
198,8158,,,,,3.0215775966644287,0.43561407923698425
198,8158,,,2.109804630279541,0.5005255341529846,,
199,8199,,,,,3.0208675861358643,0.42662540078163147
199,8199,,,1.8237165212631226,0.482340008020401,,
200,8240,,,,,3.0109500885009766,0.4334576427936554
200,8240,,,1.9836807250976562,0.5183060765266418,,
201,8281,,,,,2.953463554382324,0.4423881471157074
201,8281,,,1.996883511543274,0.5046769380569458,,
202,8322,,,,,3.030606269836426,0.4257301092147827
202,8322,,,1.7300976514816284,0.5142035484313965,,
203,8363,,,,,3.078688859939575,0.4134204089641571
203,8363,,,1.8947027921676636,0.521003782749176,,
204,8404,,,,,3.0365869998931885,0.41732025146484375
204,8404,,,1.982900619506836,0.5019303560256958,,
205,8445,,,,,3.0619184970855713,0.40772467851638794
205,8445,,,2.1704630851745605,0.49880358576774597,,
206,8486,,,,,3.0920796394348145,0.4123755097389221
206,8486,,,1.7210361957550049,0.5299320220947266,,
207,8527,,,,,2.9915332794189453,0.42551693320274353
207,8527,,,1.8277614116668701,0.5655001997947693,,
208,8568,,,,,2.9691483974456787,0.4396864175796509
208,8568,,,1.990735650062561,0.4836326837539673,,
209,8609,,,,,3.0293679237365723,0.42756178975105286
209,8609,,,1.9303035736083984,0.5105617046356201,,
210,8650,,,,,2.995211601257324,0.4340479373931885
210,8650,,,2.1518619060516357,0.5184280276298523,,
211,8691,,,,,2.9832050800323486,0.4282645583152771
211,8691,,,1.7412105798721313,0.5857700109481812,,
212,8732,,,,,3.0145492553710938,0.4250842034816742
212,8732,,,1.814273715019226,0.4989698529243469,,
213,8773,,,,,2.9929163455963135,0.433991938829422
213,8773,,,1.8723230361938477,0.5590682625770569,,
214,8814,,,,,2.9364242553710938,0.4407869279384613
214,8814,,,1.6613644361495972,0.5702071189880371,,
215,8855,,,,,3.001507043838501,0.4289458394050598
215,8855,,,1.818329095840454,0.5545841455459595,,
216,8896,,,,,2.9786996841430664,0.4503767192363739
216,8896,,,1.8804008960723877,0.5384925603866577,,
217,8937,,,,,2.97369384765625,0.4433465898036957
217,8937,,,1.9715287685394287,0.5106661915779114,,
218,8978,,,,,2.9639689922332764,0.4415825605392456
218,8978,,,1.819429874420166,0.5538038611412048,,
219,9019,,,,,2.937396287918091,0.4468454122543335
219,9019,,,1.8806931972503662,0.48464086651802063,,
220,9060,,,,,3.0272152423858643,0.4346129298210144
220,9060,,,2.005814790725708,0.5359041094779968,,
221,9101,,,,,3.01749324798584,0.4398285746574402
221,9101,,,1.9278538227081299,0.5272639989852905,,
222,9142,,,,,3.0093491077423096,0.43399778008461
222,9142,,,1.8154715299606323,0.555072546005249,,
223,9183,,,,,2.992885112762451,0.4282035827636719
223,9183,,,1.845776081085205,0.5241585969924927,,
224,9224,,,,,3.0072710514068604,0.4230506122112274
224,9224,,,1.918988823890686,0.5440530776977539,,
225,9265,,,,,2.9665236473083496,0.4356951117515564
225,9265,,,1.9621952772140503,0.512988805770874,,
226,9306,,,,,2.988676071166992,0.43410739302635193
226,9306,,,1.7486732006072998,0.5387864708900452,,
227,9347,,,,,3.034165859222412,0.446888267993927
227,9347,,,1.8773853778839111,0.5319571495056152,,
228,9388,,,,,2.968099594116211,0.4548322558403015
228,9388,,,1.94173264503479,0.5309246778488159,,
229,9429,,,,,2.8844006061553955,0.46187981963157654
229,9429,,,1.8847721815109253,0.5572949647903442,,
230,9470,,,,,2.923495292663574,0.45404890179634094
230,9470,,,1.852874517440796,0.5154818892478943,,
231,9511,,,,,2.890887498855591,0.4672040045261383
231,9511,,,1.898174524307251,0.5526815056800842,,
232,9552,,,,,2.87992262840271,0.46346092224121094
232,9552,,,1.6898945569992065,0.5320084095001221,,
233,9593,,,,,3.02380108833313,0.4390927255153656
233,9593,,,1.963869571685791,0.5286300182342529,,
234,9634,,,,,2.9921886920928955,0.4561469852924347
234,9634,,,1.9318240880966187,0.5401024222373962,,
235,9675,,,,,2.9389896392822266,0.45944976806640625
235,9675,,,1.7419894933700562,0.5358771681785583,,
236,9716,,,,,2.986328601837158,0.43418052792549133
236,9716,,,1.8762588500976562,0.5050514340400696,,
237,9757,,,,,2.9226722717285156,0.464923620223999
237,9757,,,1.9014590978622437,0.5263673663139343,,
238,9798,,,,,2.976994514465332,0.4575607180595398
238,9798,,,1.898080825805664,0.5452428460121155,,
239,9839,,,,,2.906663656234741,0.46748948097229004
239,9839,,,2.031096935272217,0.5059017539024353,,
240,9880,,,,,2.969200849533081,0.44455140829086304
240,9880,,,1.8907192945480347,0.5205144286155701,,
241,9921,,,,,3.0127875804901123,0.44388410449028015
241,9921,,,1.8835015296936035,0.527923047542572,,
242,9962,,,,,3.0499155521392822,0.4349568486213684
242,9962,,,1.8673808574676514,0.5158088207244873,,
243,10003,,,,,2.958953380584717,0.44555097818374634
243,10003,,,1.883988857269287,0.561388373374939,,
244,10044,,,,,2.944399118423462,0.45782357454299927
244,10044,,,1.8073681592941284,0.5146572589874268,,
245,10085,,,,,2.9693076610565186,0.44131043553352356
245,10085,,,1.9632282257080078,0.5162776708602905,,
246,10126,,,,,2.971813917160034,0.4356781244277954
246,10126,,,1.8697898387908936,0.5232610702514648,,
247,10167,,,,,2.9223077297210693,0.4585329592227936
247,10167,,,1.8310675621032715,0.5315045118331909,,
248,10208,,,,,3.0021371841430664,0.4508810341358185
248,10208,,,1.8518646955490112,0.522484540939331,,
249,10249,,,,,2.9970316886901855,0.45508989691734314
249,10249,,,1.8752374649047852,0.517838180065155,,
250,10290,,,,,2.9539968967437744,0.4613243341445923
250,10290,,,1.9166923761367798,0.5704374313354492,,
251,10331,,,,,3.013653516769409,0.4567296504974365
251,10331,,,1.9745570421218872,0.526361346244812,,
252,10372,,,,,2.9683704376220703,0.45835384726524353
252,10372,,,1.99733304977417,0.5305753350257874,,
253,10413,,,,,2.956763505935669,0.46131810545921326
253,10413,,,2.024139881134033,0.5333909392356873,,
254,10454,,,,,2.888819932937622,0.4801473021507263
254,10454,,,1.9829497337341309,0.5190929174423218,,
255,10495,,,,,2.973020315170288,0.458125501871109
255,10495,,,1.6761231422424316,0.56014484167099,,
256,10536,,,,,3.0381553173065186,0.4433891475200653
256,10536,,,1.8106272220611572,0.4933435916900635,,
257,10577,,,,,3.044222831726074,0.4515954852104187
257,10577,,,1.9433962106704712,0.5599494576454163,,
258,10618,,,,,2.9451916217803955,0.4678025543689728
258,10618,,,1.7071661949157715,0.5660727620124817,,
259,10659,,,,,2.959272861480713,0.4566636085510254
259,10659,,,1.9145658016204834,0.5391191840171814,,
260,10700,,,,,2.91137433052063,0.46370643377304077
260,10700,,,2.0104258060455322,0.5411962866783142,,
261,10741,,,,,2.979827404022217,0.4652368426322937
261,10741,,,1.9516960382461548,0.5725081562995911,,
262,10782,,,,,2.988525390625,0.46247416734695435
262,10782,,,1.93479585647583,0.5092253088951111,,
263,10823,,,,,2.995619535446167,0.4607699513435364
263,10823,,,1.792176365852356,0.5348912477493286,,
264,10864,,,,,2.913459300994873,0.4717157483100891
264,10864,,,1.8334293365478516,0.5592795610427856,,
265,10905,,,,,2.935096025466919,0.4785396456718445
265,10905,,,1.9217959642410278,0.5133768916130066,,
266,10946,,,,,2.907940626144409,0.47062164545059204
266,10946,,,1.9297226667404175,0.5478116869926453,,
267,10987,,,,,2.9745960235595703,0.4505119025707245
267,10987,,,1.9038513898849487,0.48972776532173157,,
268,11028,,,,,3.019685745239258,0.44192221760749817
268,11028,,,1.9576399326324463,0.5001288652420044,,
269,11069,,,,,3.0507662296295166,0.4363557994365692
269,11069,,,1.7456462383270264,0.5104875564575195,,
270,11110,,,,,2.9902889728546143,0.43842318654060364
270,11110,,,1.927345871925354,0.5532653331756592,,
271,11151,,,,,2.942401170730591,0.44347643852233887
271,11151,,,1.878319501876831,0.5639788508415222,,
272,11192,,,,,3.0225744247436523,0.42857781052589417
272,11192,,,2.1176974773406982,0.5318921208381653,,
273,11233,,,,,2.946938991546631,0.44679343700408936
273,11233,,,1.8278462886810303,0.5472691059112549,,
274,11274,,,,,2.9514410495758057,0.44878342747688293
274,11274,,,1.8751845359802246,0.5600939989089966,,
275,11315,,,,,2.965762138366699,0.44737672805786133
275,11315,,,1.9230108261108398,0.5332903265953064,,
276,11356,,,,,2.95888352394104,0.4416463375091553
276,11356,,,1.8262392282485962,0.527906060218811,,
277,11397,,,,,3.048685312271118,0.4295812249183655
277,11397,,,1.8983250856399536,0.5760852694511414,,
278,11438,,,,,3.032156467437744,0.4274311363697052
278,11438,,,1.9034178256988525,0.5316407680511475,,
279,11479,,,,,3.11002779006958,0.4231642186641693
279,11479,,,1.8135195970535278,0.5368005037307739,,
280,11520,,,,,3.0318591594696045,0.4406084418296814
280,11520,,,1.8779410123825073,0.5083575248718262,,
281,11561,,,,,3.0381133556365967,0.4398775100708008
281,11561,,,1.9005476236343384,0.5391547679901123,,
282,11602,,,,,2.9667255878448486,0.4540921747684479
282,11602,,,1.8244037628173828,0.52024906873703,,
283,11643,,,,,2.943999767303467,0.4451383948326111
283,11643,,,1.9141743183135986,0.5580754280090332,,
284,11684,,,,,3.0009825229644775,0.44648149609565735
284,11684,,,1.847190260887146,0.548858106136322,,
285,11725,,,,,2.9683730602264404,0.4495411217212677
285,11725,,,1.9149335622787476,0.5540332198143005,,
286,11766,,,,,3.1202967166900635,0.4160548746585846
286,11766,,,2.1103782653808594,0.4827321767807007,,
287,11807,,,,,3.0422747135162354,0.4256647229194641
287,11807,,,1.7777682542800903,0.5258416533470154,,
288,11848,,,,,2.9787909984588623,0.440776526927948
288,11848,,,1.8681886196136475,0.5489344000816345,,
289,11889,,,,,3.070410966873169,0.42974957823753357
289,11889,,,1.779439091682434,0.5371991991996765,,
290,11930,,,,,3.0019843578338623,0.4420086443424225
290,11930,,,1.7020680904388428,0.5579615235328674,,
291,11971,,,,,2.927262544631958,0.456393301486969
291,11971,,,1.8266880512237549,0.5672071576118469,,
292,12012,,,,,2.911099672317505,0.4598126709461212
292,12012,,,1.9315989017486572,0.5380436778068542,,
293,12053,,,,,2.954087734222412,0.4530971944332123
293,12053,,,1.7420170307159424,0.5456434488296509,,
294,12094,,,,,2.9880623817443848,0.45525071024894714
294,12094,,,2.189145088195801,0.4906373918056488,,
295,12135,,,,,2.9880754947662354,0.4500105381011963
295,12135,,,1.836478590965271,0.5337381362915039,,
296,12176,,,,,2.9002583026885986,0.46272552013397217
296,12176,,,1.8099948167800903,0.5331550240516663,,
297,12217,,,,,2.933715581893921,0.45363637804985046
297,12217,,,1.8633558750152588,0.5291469097137451,,
298,12258,,,,,3.0169517993927,0.44649386405944824
298,12258,,,1.8056683540344238,0.5632387399673462,,
299,12299,,,,,3.01581072807312,0.44193434715270996
299,12299,,,1.872527003288269,0.5524207949638367,,
300,12340,,,,,3.0240283012390137,0.43803662061691284
300,12340,,,1.7227213382720947,0.5760303735733032,,
301,12381,,,,,2.944545269012451,0.4516505300998688
301,12381,,,1.8088933229446411,0.5399199724197388,,
302,12422,,,,,3.021719455718994,0.43948090076446533
302,12422,,,1.839760184288025,0.5388088822364807,,
303,12463,,,,,2.964543581008911,0.45632630586624146
303,12463,,,1.934737205505371,0.5243224501609802,,
304,12504,,,,,2.9780735969543457,0.44639813899993896
304,12504,,,1.7685997486114502,0.5368064045906067,,
305,12545,,,,,2.9147887229919434,0.4545571506023407
305,12545,,,1.7864781618118286,0.5847893953323364,,
306,12586,,,,,2.9238057136535645,0.4526866674423218
306,12586,,,1.7602118253707886,0.5224682688713074,,
307,12627,,,,,3.0376999378204346,0.4336651563644409
307,12627,,,1.9070343971252441,0.49518296122550964,,
308,12668,,,,,2.934504270553589,0.45632970333099365
308,12668,,,1.7955753803253174,0.5822661519050598,,
309,12709,,,,,3.0276217460632324,0.4466748535633087
309,12709,,,1.7165806293487549,0.5848177671432495,,
310,12750,,,,,3.009519100189209,0.44308042526245117
310,12750,,,2.053328037261963,0.534765362739563,,
311,12791,,,,,3.0299606323242188,0.43955346941947937
311,12791,,,1.9336750507354736,0.5384836792945862,,
312,12832,,,,,3.000706195831299,0.43823492527008057
312,12832,,,1.6510474681854248,0.563751757144928,,
313,12873,,,,,3.0597548484802246,0.428386390209198
313,12873,,,1.8962751626968384,0.5254877805709839,,
314,12914,,,,,2.9671192169189453,0.43885815143585205
314,12914,,,1.931962490081787,0.5316125750541687,,
315,12955,,,,,2.9492640495300293,0.4422587752342224
315,12955,,,1.8198726177215576,0.562140166759491,,
316,12996,,,,,3.0076866149902344,0.42551955580711365
316,12996,,,1.7968472242355347,0.5125772356987,,
317,13037,,,,,3.002692222595215,0.4239417612552643
317,13037,,,1.850310206413269,0.5130183696746826,,
318,13078,,,,,3.0019664764404297,0.4249652326107025
318,13078,,,1.8234550952911377,0.5512020587921143,,
319,13119,,,,,3.0609450340270996,0.4090561270713806
319,13119,,,1.8465752601623535,0.49669498205184937,,
320,13160,,,,,2.9901177883148193,0.4188048243522644
320,13160,,,1.9055097103118896,0.5147771835327148,,
321,13201,,,,,2.945469379425049,0.42329084873199463
321,13201,,,1.9892618656158447,0.5229615569114685,,
322,13242,,,,,2.989835739135742,0.4232224225997925
322,13242,,,1.8914960622787476,0.5741772651672363,,
323,13283,,,,,2.998582601547241,0.43641889095306396
323,13283,,,1.801785945892334,0.5422215461730957,,
324,13324,,,,,2.9923665523529053,0.43131953477859497
324,13324,,,1.7514675855636597,0.5582264065742493,,
325,13365,,,,,2.983205556869507,0.44261103868484497
325,13365,,,1.7779494524002075,0.5683938264846802,,
326,13406,,,,,2.9933226108551025,0.4468301236629486
326,13406,,,1.9314017295837402,0.5392827391624451,,
327,13447,,,,,2.9930007457733154,0.4532432556152344
327,13447,,,1.8429638147354126,0.5478913187980652,,
328,13488,,,,,2.9384677410125732,0.44695451855659485
328,13488,,,1.7531828880310059,0.5922480821609497,,
329,13529,,,,,2.9982521533966064,0.4413049817085266
329,13529,,,1.8631107807159424,0.5788108110427856,,
330,13570,,,,,2.9722068309783936,0.44225144386291504
330,13570,,,1.855100154876709,0.5234824419021606,,
331,13611,,,,,2.978422164916992,0.44800618290901184
331,13611,,,1.8931035995483398,0.5154394507408142,,
332,13652,,,,,2.944817543029785,0.4463268518447876
332,13652,,,1.8276665210723877,0.5626475811004639,,
333,13693,,,,,3.0231707096099854,0.4281022250652313
333,13693,,,1.835489273071289,0.5270812511444092,,
334,13734,,,,,2.9743614196777344,0.4467456340789795
334,13734,,,1.8367282152175903,0.551736056804657,,
335,13775,,,,,3.051966905593872,0.4230591952800751
335,13775,,,1.91046941280365,0.5119038820266724,,
336,13816,,,,,3.0151898860931396,0.4243685007095337
336,13816,,,1.6415282487869263,0.5686830282211304,,
337,13857,,,,,3.021787166595459,0.43535116314888
337,13857,,,1.7568442821502686,0.5372686386108398,,
338,13898,,,,,3.0497400760650635,0.4271933436393738
338,13898,,,1.926841378211975,0.5198444128036499,,
339,13939,,,,,2.9685473442077637,0.4463966190814972
339,13939,,,1.774610161781311,0.5729888677597046,,
340,13980,,,,,3.019895315170288,0.4362785816192627
340,13980,,,1.8170948028564453,0.516425609588623,,
341,14021,,,,,3.0957155227661133,0.41774728894233704
341,14021,,,1.761490821838379,0.5514868497848511,,
342,14062,,,,,3.067300796508789,0.424701064825058
342,14062,,,1.8130091428756714,0.5433254241943359,,
343,14103,,,,,2.9509708881378174,0.4487907588481903
343,14103,,,1.8177781105041504,0.5926982164382935,,
344,14144,,,,,2.982665777206421,0.4430859386920929
344,14144,,,1.8636541366577148,0.4999706447124481,,
345,14185,,,,,3.036128044128418,0.4261440336704254
345,14185,,,1.8384339809417725,0.521979808807373,,
346,14226,,,,,3.003859281539917,0.4341425597667694
346,14226,,,1.9044076204299927,0.5221375823020935,,
347,14267,,,,,3.0508532524108887,0.42490702867507935
347,14267,,,1.78468656539917,0.5330831408500671,,
348,14308,,,,,3.082536220550537,0.42067810893058777
348,14308,,,1.9527475833892822,0.5098802447319031,,
349,14349,,,,,3.0286831855773926,0.4302864670753479
349,14349,,,1.7526522874832153,0.5507189035415649,,
350,14390,,,,,2.987597703933716,0.4391095042228699
350,14390,,,1.7358647584915161,0.5389975309371948,,
351,14431,,,,,3.0031094551086426,0.4297439754009247
351,14431,,,1.7856981754302979,0.5688126683235168,,
352,14472,,,,,2.9190452098846436,0.4445692300796509
352,14472,,,1.9623850584030151,0.5424439311027527,,
353,14513,,,,,3.030613422393799,0.429303377866745
353,14513,,,1.8265749216079712,0.5557141304016113,,
354,14554,,,,,3.0795607566833496,0.4333640933036804
354,14554,,,1.8074241876602173,0.5193492770195007,,
355,14595,,,,,2.9762165546417236,0.4489201605319977
355,14595,,,1.7339019775390625,0.565861701965332,,
356,14636,,,,,2.9534356594085693,0.4415075480937958
356,14636,,,1.8799952268600464,0.505565345287323,,
357,14677,,,,,3.011033773422241,0.4356606602668762
357,14677,,,1.9972158670425415,0.5173974633216858,,
358,14718,,,,,2.986455202102661,0.4358969032764435
358,14718,,,2.0096311569213867,0.5311312079429626,,
359,14759,,,,,3.013697862625122,0.42393726110458374
359,14759,,,1.6939146518707275,0.5674795508384705,,
360,14800,,,,,3.0329580307006836,0.4185332953929901
360,14800,,,2.1195731163024902,0.5270984172821045,,
361,14841,,,,,2.996570587158203,0.42912557721138
361,14841,,,1.7926548719406128,0.5659715533256531,,
362,14882,,,,,3.0857253074645996,0.4228643476963043
362,14882,,,2.0367095470428467,0.5639455914497375,,
363,14923,,,,,3.0092968940734863,0.43557462096214294
363,14923,,,1.923829197883606,0.5081086754798889,,
364,14964,,,,,2.9993157386779785,0.42657768726348877
364,14964,,,1.9032671451568604,0.57253497838974,,
365,15005,,,,,2.972433090209961,0.42453205585479736
365,15005,,,1.872127652168274,0.5264959335327148,,
366,15046,,,,,3.048168420791626,0.4232352375984192
366,15046,,,1.908332109451294,0.5398259162902832,,
367,15087,,,,,3.0433197021484375,0.43095633387565613
367,15087,,,1.601521372795105,0.5846424102783203,,
368,15128,,,,,3.0139410495758057,0.4332549571990967
368,15128,,,1.9146841764450073,0.5303547382354736,,
369,15169,,,,,2.9838364124298096,0.43891364336013794
369,15169,,,2.070664882659912,0.5495112538337708,,
370,15210,,,,,2.965923309326172,0.4445016086101532
370,15210,,,1.8408769369125366,0.5601218938827515,,
371,15251,,,,,2.993936538696289,0.4380478262901306
371,15251,,,1.873871922492981,0.5066753029823303,,
372,15292,,,,,2.9268648624420166,0.44888150691986084
372,15292,,,1.9933438301086426,0.5258914232254028,,
373,15333,,,,,2.9612648487091064,0.45017150044441223
373,15333,,,1.8920643329620361,0.5470551252365112,,
374,15374,,,,,2.941711187362671,0.4536898732185364
374,15374,,,1.7404881715774536,0.5583317279815674,,
375,15415,,,,,3.004068374633789,0.44325608015060425
375,15415,,,1.8462954759597778,0.5773424506187439,,
376,15456,,,,,3.0304126739501953,0.43706461787223816
376,15456,,,1.9382741451263428,0.515212893486023,,
377,15497,,,,,2.9592905044555664,0.4423898458480835
377,15497,,,1.897464632987976,0.5133283734321594,,
378,15538,,,,,2.996685266494751,0.4502898156642914
378,15538,,,1.981731653213501,0.5075854659080505,,
379,15579,,,,,2.9339213371276855,0.4568660855293274
379,15579,,,1.9452890157699585,0.5201573967933655,,
380,15620,,,,,3.0115103721618652,0.44266101717948914
380,15620,,,1.858389139175415,0.554797351360321,,
381,15661,,,,,2.9252758026123047,0.4576544463634491
381,15661,,,1.9305493831634521,0.5238502621650696,,
382,15702,,,,,2.930511713027954,0.4568910002708435
382,15702,,,1.7461979389190674,0.5735718607902527,,
383,15743,,,,,2.9539287090301514,0.45393526554107666
383,15743,,,1.9208917617797852,0.540583610534668,,
384,15784,,,,,2.9461281299591064,0.4583280384540558
384,15784,,,1.9279453754425049,0.5524721145629883,,
385,15825,,,,,2.8969295024871826,0.4613438844680786
385,15825,,,1.6676079034805298,0.5770750045776367,,
386,15866,,,,,2.946668863296509,0.45773619413375854
386,15866,,,2.0155882835388184,0.512538731098175,,
387,15907,,,,,2.93778133392334,0.4528340697288513
387,15907,,,1.7541872262954712,0.5187779068946838,,
388,15948,,,,,2.917788028717041,0.4580089747905731
388,15948,,,1.7670660018920898,0.5432271361351013,,
389,15989,,,,,2.9417812824249268,0.4512394666671753
389,15989,,,1.6515486240386963,0.5390228629112244,,
390,16030,,,,,2.9273409843444824,0.4523889124393463
390,16030,,,1.9537187814712524,0.5269327759742737,,
391,16071,,,,,2.9346280097961426,0.4398699104785919
391,16071,,,1.8506840467453003,0.4975103437900543,,
392,16112,,,,,2.9118294715881348,0.44359248876571655
392,16112,,,1.8288640975952148,0.520319402217865,,
393,16153,,,,,2.8878307342529297,0.45650362968444824
393,16153,,,1.8584080934524536,0.5247101783752441,,
394,16194,,,,,2.9220950603485107,0.44750869274139404
394,16194,,,1.6694512367248535,0.5884278416633606,,
395,16235,,,,,2.963742256164551,0.4351937770843506
395,16235,,,1.859079360961914,0.5530981421470642,,
396,16276,,,,,2.903472423553467,0.4651384949684143
396,16276,,,1.8222204446792603,0.5628716945648193,,
397,16317,,,,,2.8798117637634277,0.4590214788913727
397,16317,,,1.9758665561676025,0.5422513484954834,,
398,16358,,,,,2.931584119796753,0.4501854181289673
398,16358,,,1.888486385345459,0.5588586926460266,,
399,16399,,,,,2.9336066246032715,0.4495927095413208
399,16399,,,1.799869418144226,0.5541020631790161,,
400,16440,,,,,2.961458206176758,0.44459405541419983
400,16440,,,1.7709094285964966,0.5431815981864929,,
401,16481,,,,,2.8829970359802246,0.4626908302307129
401,16481,,,2.0929224491119385,0.5284069776535034,,
402,16522,,,,,2.90244460105896,0.4707120656967163
402,16522,,,1.863085150718689,0.576204240322113,,
403,16563,,,,,2.923335075378418,0.46463078260421753
403,16563,,,1.937808871269226,0.528742790222168,,
404,16604,,,,,2.934720754623413,0.461164265871048
404,16604,,,1.683337688446045,0.5332801938056946,,
405,16645,,,,,2.8776142597198486,0.473445326089859
405,16645,,,1.8324592113494873,0.5720527768135071,,
406,16686,,,,,2.894448757171631,0.48132872581481934
406,16686,,,1.809396743774414,0.5562835931777954,,
407,16727,,,,,2.8649091720581055,0.47613105177879333
407,16727,,,1.867794156074524,0.5492426753044128,,
408,16768,,,,,2.891968250274658,0.47531992197036743
408,16768,,,2.0036799907684326,0.531674861907959,,
409,16809,,,,,2.8737118244171143,0.48360180854797363
409,16809,,,1.8707743883132935,0.5207160115242004,,
410,16850,,,,,2.8630740642547607,0.48063620924949646
410,16850,,,1.7795592546463013,0.5753656029701233,,
411,16891,,,,,2.8394529819488525,0.4758307933807373
411,16891,,,1.7952980995178223,0.5502148270606995,,
412,16932,,,,,2.8587098121643066,0.4787014126777649
412,16932,,,1.75795316696167,0.5500738620758057,,
413,16973,,,,,2.851633310317993,0.4765464663505554
413,16973,,,1.971082329750061,0.5370346307754517,,
414,17014,,,,,2.9056544303894043,0.46662089228630066
414,17014,,,1.6749751567840576,0.5436524152755737,,
415,17055,,,,,2.9352025985717773,0.4744299054145813
415,17055,,,1.9187425374984741,0.5224122405052185,,
416,17096,,,,,2.9006307125091553,0.4731571674346924
416,17096,,,1.9686199426651,0.5321599245071411,,
417,17137,,,,,2.883253812789917,0.4686296880245209
417,17137,,,1.8408485651016235,0.5555838942527771,,
418,17178,,,,,2.921372652053833,0.45674601197242737
418,17178,,,1.7187894582748413,0.566582441329956,,
419,17219,,,,,2.9624624252319336,0.4716062843799591
419,17219,,,2.0340325832366943,0.5135865211486816,,
420,17260,,,,,2.9700446128845215,0.47566547989845276
420,17260,,,1.7804476022720337,0.527751088142395,,
421,17301,,,,,2.881779909133911,0.47494739294052124
421,17301,,,1.968967318534851,0.5458229184150696,,
422,17342,,,,,2.9141509532928467,0.47327056527137756
422,17342,,,1.99550199508667,0.538132905960083,,
423,17383,,,,,2.9254424571990967,0.4712967872619629
423,17383,,,1.9951754808425903,0.517776370048523,,
424,17424,,,,,2.8665757179260254,0.47359365224838257
424,17424,,,1.9192456007003784,0.5719037055969238,,
425,17465,,,,,2.914504289627075,0.46239328384399414
425,17465,,,1.763100266456604,0.545001208782196,,
426,17506,,,,,2.9193851947784424,0.4505787193775177
426,17506,,,1.7543988227844238,0.5546191930770874,,
427,17547,,,,,2.889791488647461,0.4526064097881317
427,17547,,,1.856843113899231,0.5353747606277466,,
428,17588,,,,,2.914036512374878,0.45676907896995544
428,17588,,,1.7338989973068237,0.5182322263717651,,
429,17629,,,,,2.8953185081481934,0.46630731225013733
429,17629,,,1.7844914197921753,0.5565242171287537,,
430,17670,,,,,2.8330154418945312,0.47033950686454773
430,17670,,,1.718277931213379,0.5590240955352783,,
431,17711,,,,,2.9928979873657227,0.451172411441803
431,17711,,,1.832987666130066,0.5592442154884338,,
432,17752,,,,,2.9668517112731934,0.4444330930709839
432,17752,,,1.8614916801452637,0.5771369338035583,,
433,17793,,,,,2.972548246383667,0.4649656414985657
433,17793,,,1.8413625955581665,0.5537203550338745,,
434,17834,,,,,2.9272077083587646,0.4704773724079132
434,17834,,,1.85541832447052,0.5302540063858032,,
435,17875,,,,,2.8808984756469727,0.4720827341079712
435,17875,,,1.8469231128692627,0.5784122347831726,,
436,17916,,,,,2.91536021232605,0.4681415557861328
436,17916,,,1.8823299407958984,0.5607627034187317,,
437,17957,,,,,2.870429039001465,0.46797728538513184
437,17957,,,1.8227193355560303,0.544736921787262,,
438,17998,,,,,2.9349753856658936,0.4666591286659241
438,17998,,,1.981217861175537,0.5497758388519287,,
439,18039,,,,,2.9594972133636475,0.4611436128616333
439,18039,,,1.68161940574646,0.5495458245277405,,
440,18080,,,,,2.910001039505005,0.45845726132392883
440,18080,,,1.8506566286087036,0.5788041949272156,,
441,18121,,,,,2.873835563659668,0.4643585979938507
441,18121,,,1.7741785049438477,0.5284791588783264,,
442,18162,,,,,2.930302619934082,0.457491397857666
442,18162,,,1.7962238788604736,0.5102606415748596,,
443,18203,,,,,2.8687703609466553,0.45962682366371155
443,18203,,,1.942312240600586,0.5449026226997375,,
444,18244,,,,,2.9418108463287354,0.4503955841064453
444,18244,,,1.9149326086044312,0.5437265634536743,,
445,18285,,,,,2.9437406063079834,0.4532496929168701
445,18285,,,1.6997712850570679,0.5398562550544739,,
446,18326,,,,,2.8751091957092285,0.4538254737854004
446,18326,,,1.7047096490859985,0.5646905899047852,,
447,18367,,,,,2.8810012340545654,0.46070775389671326
447,18367,,,1.9263139963150024,0.5418264865875244,,
448,18408,,,,,2.9172816276550293,0.45490723848342896
448,18408,,,1.8073384761810303,0.5513155460357666,,
449,18449,,,,,2.886310577392578,0.4536815881729126
449,18449,,,1.639586091041565,0.5948798656463623,,
450,18490,,,,,2.959782361984253,0.44618552923202515
450,18490,,,1.6373136043548584,0.540468156337738,,
451,18531,,,,,2.9506847858428955,0.45439696311950684
451,18531,,,1.7796293497085571,0.5874736309051514,,
452,18572,,,,,2.9817917346954346,0.45615577697753906
452,18572,,,1.8581204414367676,0.5430489778518677,,
453,18613,,,,,2.9585461616516113,0.45907121896743774
453,18613,,,1.741478681564331,0.5436025857925415,,
454,18654,,,,,2.9528915882110596,0.45933055877685547
454,18654,,,1.721723198890686,0.5416473746299744,,
455,18695,,,,,2.924510955810547,0.45830875635147095
455,18695,,,1.7832024097442627,0.5606311559677124,,
456,18736,,,,,2.9337661266326904,0.4675082564353943
456,18736,,,1.7461830377578735,0.539252519607544,,
457,18777,,,,,2.9224514961242676,0.4525718092918396
457,18777,,,1.683635950088501,0.5822628736495972,,
458,18818,,,,,2.963968515396118,0.4563124179840088
458,18818,,,1.7499654293060303,0.5637909770011902,,
459,18859,,,,,2.889545202255249,0.4798080325126648
459,18859,,,1.7912614345550537,0.5786358714103699,,
460,18900,,,,,2.911271095275879,0.475484162569046
460,18900,,,1.6711219549179077,0.5356065630912781,,
461,18941,,,,,2.97575306892395,0.4702126085758209
461,18941,,,1.9219363927841187,0.5189265012741089,,
462,18982,,,,,2.9399755001068115,0.4584185779094696
462,18982,,,1.7283016443252563,0.5357399582862854,,
463,19023,,,,,2.94612455368042,0.45448964834213257
463,19023,,,1.7350778579711914,0.5518057346343994,,
464,19064,,,,,2.951923131942749,0.44474202394485474
464,19064,,,1.7771282196044922,0.5664445161819458,,
465,19105,,,,,3.0324623584747314,0.4382983148097992
465,19105,,,1.8189972639083862,0.548762857913971,,
466,19146,,,,,2.947355031967163,0.44457271695137024
466,19146,,,1.825488805770874,0.5395210385322571,,
467,19187,,,,,2.936833620071411,0.4445728361606598
467,19187,,,1.9533888101577759,0.5313946604728699,,
468,19228,,,,,2.960155487060547,0.44040319323539734
468,19228,,,2.0549941062927246,0.5438041687011719,,
469,19269,,,,,2.968151807785034,0.43309053778648376
469,19269,,,1.9612473249435425,0.5412355065345764,,
470,19310,,,,,2.9613568782806396,0.4426802694797516
470,19310,,,1.7708193063735962,0.552327036857605,,
471,19351,,,,,2.999268054962158,0.4476321339607239
471,19351,,,1.7357326745986938,0.5540178418159485,,
472,19392,,,,,2.9233996868133545,0.4547517001628876
472,19392,,,1.7830090522766113,0.5411911010742188,,
473,19433,,,,,2.9600346088409424,0.44112855195999146
473,19433,,,1.78194260597229,0.5831422209739685,,
474,19474,,,,,2.982426881790161,0.4341304302215576
474,19474,,,1.9411029815673828,0.540257453918457,,
475,19515,,,,,2.9898593425750732,0.43177008628845215
475,19515,,,1.9655598402023315,0.5379645824432373,,
476,19556,,,,,2.9477450847625732,0.4382008910179138
476,19556,,,1.8372527360916138,0.5614514946937561,,
477,19597,,,,,2.9792439937591553,0.45128870010375977
477,19597,,,1.890798807144165,0.5467718243598938,,
478,19638,,,,,2.927251100540161,0.450875848531723
478,19638,,,1.9676659107208252,0.5580732226371765,,
479,19679,,,,,2.9972641468048096,0.4435288906097412
479,19679,,,1.8474854230880737,0.5529546737670898,,
480,19720,,,,,2.98045015335083,0.441915363073349
480,19720,,,1.7926015853881836,0.5647484660148621,,
481,19761,,,,,2.9649877548217773,0.438895046710968
481,19761,,,1.709517478942871,0.5691714286804199,,
482,19802,,,,,2.993130922317505,0.4352926015853882
482,19802,,,1.6398190259933472,0.539146900177002,,
483,19843,,,,,2.9722561836242676,0.4257831871509552
483,19843,,,2.0490822792053223,0.5760194659233093,,
484,19884,,,,,2.9551823139190674,0.4392552375793457
484,19884,,,1.7127954959869385,0.5929430723190308,,
485,19925,,,,,2.9812817573547363,0.43079695105552673
485,19925,,,1.6774682998657227,0.557990312576294,,
486,19966,,,,,2.995723009109497,0.42480969429016113
486,19966,,,1.7565804719924927,0.5760999917984009,,
487,20007,,,,,2.9942502975463867,0.42005419731140137
487,20007,,,1.9874662160873413,0.541995644569397,,
488,20048,,,,,2.9709250926971436,0.415603905916214
488,20048,,,1.9623353481292725,0.5116630792617798,,
489,20089,,,,,2.9685943126678467,0.4385557472705841
489,20089,,,1.77837336063385,0.5818338394165039,,
490,20130,,,,,2.9281070232391357,0.4425608813762665
490,20130,,,1.766439437866211,0.5411357879638672,,
491,20171,,,,,3.003816843032837,0.43385231494903564
491,20171,,,1.889376163482666,0.5586015582084656,,
492,20212,,,,,3.058431625366211,0.42780300974845886
492,20212,,,1.8808543682098389,0.5408297777175903,,
493,20253,,,,,2.9831442832946777,0.4290318191051483
493,20253,,,1.6947070360183716,0.5810350775718689,,
494,20294,,,,,2.9183995723724365,0.4428078830242157
494,20294,,,1.8759132623672485,0.4995575547218323,,
495,20335,,,,,2.9331674575805664,0.44682809710502625
495,20335,,,1.633737325668335,0.5816342234611511,,
496,20376,,,,,2.9704673290252686,0.4429105818271637
496,20376,,,1.855610966682434,0.5544136762619019,,
497,20417,,,,,3.018336296081543,0.4378798007965088
497,20417,,,1.726108431816101,0.5587676167488098,,
498,20458,,,,,3.032883882522583,0.4266374409198761
498,20458,,,1.9173951148986816,0.5456451177597046,,
499,20499,,,,,2.9685184955596924,0.4285683333873749
499,20499,,,1.8535434007644653,0.5501237511634827,,
500,20540,,,,,2.971519947052002,0.4292503595352173
500,20540,,,1.7152109146118164,0.5781258344650269,,
501,20581,,,,,2.949178695678711,0.4376796782016754
501,20581,,,1.9390614032745361,0.5139740705490112,,
502,20622,,,,,2.977214813232422,0.4425834119319916
502,20622,,,1.8348010778427124,0.5781025290489197,,
503,20663,,,,,2.9357075691223145,0.4461718499660492
503,20663,,,1.6556642055511475,0.5576367378234863,,
504,20704,,,,,2.917754650115967,0.4474788010120392
504,20704,,,1.8407635688781738,0.5237212777137756,,
505,20745,,,,,2.9395864009857178,0.4545263648033142
505,20745,,,1.6559381484985352,0.5603970289230347,,
506,20786,,,,,2.8970682621002197,0.4603271782398224
506,20786,,,1.8978943824768066,0.5795878171920776,,
507,20827,,,,,2.9681050777435303,0.4566101133823395
507,20827,,,1.9012305736541748,0.5330910682678223,,
508,20868,,,,,2.9757168292999268,0.44602084159851074
508,20868,,,1.8093795776367188,0.5544358491897583,,
509,20909,,,,,2.9038209915161133,0.4611382484436035
509,20909,,,1.8727881908416748,0.5510992407798767,,
510,20950,,,,,2.911527395248413,0.45477187633514404
510,20950,,,1.842557430267334,0.5704612731933594,,
511,20991,,,,,2.870957136154175,0.4662265479564667
511,20991,,,1.7937721014022827,0.5430298447608948,,
512,21032,,,,,2.9091455936431885,0.4697761535644531
512,21032,,,1.754964828491211,0.5793429017066956,,
513,21073,,,,,2.9354310035705566,0.4577324390411377
513,21073,,,1.9306913614273071,0.5412912368774414,,
514,21114,,,,,2.9628593921661377,0.45283985137939453
514,21114,,,1.8143244981765747,0.5453523397445679,,
515,21155,,,,,2.9544339179992676,0.438412070274353
515,21155,,,1.6772700548171997,0.5259444713592529,,
516,21196,,,,,2.959425687789917,0.42947936058044434
516,21196,,,1.7993897199630737,0.5504942536354065,,
517,21237,,,,,3.037482738494873,0.4295031726360321
517,21237,,,1.9619097709655762,0.5455698370933533,,
518,21278,,,,,2.997182846069336,0.429282546043396
518,21278,,,1.7994526624679565,0.5288852453231812,,
519,21319,,,,,2.993060350418091,0.43241894245147705
519,21319,,,1.712510585784912,0.5848417282104492,,
520,21360,,,,,2.9852383136749268,0.434927761554718
520,21360,,,1.8099428415298462,0.550206184387207,,
521,21401,,,,,2.955343008041382,0.43224576115608215
521,21401,,,1.7879031896591187,0.5393456816673279,,
522,21442,,,,,2.9984657764434814,0.4348755180835724
522,21442,,,1.6751221418380737,0.5427754521369934,,
523,21483,,,,,2.9412147998809814,0.443810373544693
523,21483,,,1.9845824241638184,0.5482851266860962,,
524,21524,,,,,2.963343858718872,0.43817055225372314
524,21524,,,1.909953236579895,0.5205811262130737,,
525,21565,,,,,2.9646658897399902,0.4310993552207947
525,21565,,,1.813233494758606,0.513525128364563,,
526,21606,,,,,3.0406627655029297,0.4295175075531006
526,21606,,,1.716506004333496,0.5711959004402161,,
527,21647,,,,,2.996286630630493,0.4382590651512146
527,21647,,,1.699110507965088,0.5512025952339172,,
528,21688,,,,,2.958756446838379,0.4490987956523895
528,21688,,,1.733371615409851,0.5697810053825378,,
529,21729,,,,,2.9037249088287354,0.4574776291847229
529,21729,,,1.936097264289856,0.5423882007598877,,
530,21770,,,,,2.9031245708465576,0.4674460291862488
530,21770,,,1.8384413719177246,0.6009806394577026,,
531,21811,,,,,2.9303126335144043,0.46021077036857605
531,21811,,,1.6859773397445679,0.5600681304931641,,
532,21852,,,,,2.919712543487549,0.4619011878967285
532,21852,,,1.8962187767028809,0.5267014503479004,,
533,21893,,,,,2.928647756576538,0.4516400396823883
533,21893,,,1.7907212972640991,0.6002789735794067,,
534,21934,,,,,2.9077281951904297,0.4549994468688965
534,21934,,,1.8099952936172485,0.5724380612373352,,
535,21975,,,,,2.9755332469940186,0.43444663286209106
535,21975,,,1.8776793479919434,0.5581067800521851,,
536,22016,,,,,3.0080490112304688,0.42479783296585083
536,22016,,,1.8280948400497437,0.5585609078407288,,
537,22057,,,,,2.9898667335510254,0.4364078640937805
537,22057,,,1.8424317836761475,0.574596107006073,,
538,22098,,,,,2.9201273918151855,0.4498338997364044
538,22098,,,1.8334739208221436,0.5664079785346985,,
539,22139,,,,,2.9937543869018555,0.4404865503311157
539,22139,,,1.8255608081817627,0.5798037052154541,,
540,22180,,,,,2.96209716796875,0.4274516999721527
540,22180,,,1.9008852243423462,0.514496922492981,,
541,22221,,,,,2.9881019592285156,0.42339515686035156
541,22221,,,1.8803433179855347,0.5536107420921326,,
542,22262,,,,,2.9474523067474365,0.43314290046691895
542,22262,,,1.7494198083877563,0.555333137512207,,
543,22303,,,,,2.9568207263946533,0.43481573462486267
543,22303,,,1.7172961235046387,0.5662313103675842,,
544,22344,,,,,2.9409117698669434,0.4395107328891754
544,22344,,,1.7306935787200928,0.5584578514099121,,
545,22385,,,,,2.960192918777466,0.44477710127830505
545,22385,,,1.8887521028518677,0.5389835834503174,,
546,22426,,,,,2.9267477989196777,0.4497748613357544
546,22426,,,1.736135482788086,0.5386390089988708,,
547,22467,,,,,2.9405159950256348,0.44379815459251404
547,22467,,,1.820101261138916,0.5424827933311462,,
548,22508,,,,,2.9704012870788574,0.4398748278617859
548,22508,,,1.8616552352905273,0.5239241719245911,,
549,22549,,,,,3.006403923034668,0.4487904906272888
549,22549,,,1.7501423358917236,0.5506492257118225,,
550,22590,,,,,2.9583375453948975,0.44381511211395264
550,22590,,,1.8989289999008179,0.5341513752937317,,
551,22631,,,,,2.9177491664886475,0.4406144917011261
551,22631,,,1.8568854331970215,0.5743578672409058,,
552,22672,,,,,2.969489574432373,0.4410606324672699
552,22672,,,1.6774464845657349,0.5950363278388977,,
553,22713,,,,,2.9996414184570312,0.4228409230709076
553,22713,,,1.6943597793579102,0.5559737682342529,,
554,22754,,,,,2.9777307510375977,0.43481501936912537
554,22754,,,1.7947136163711548,0.5685991644859314,,
555,22795,,,,,2.993489980697632,0.4474658966064453
555,22795,,,2.029873847961426,0.5346359014511108,,
556,22836,,,,,2.9727659225463867,0.4385825991630554
556,22836,,,1.6711021661758423,0.5685425400733948,,
557,22877,,,,,2.9471373558044434,0.43273210525512695
557,22877,,,1.7772184610366821,0.5828797817230225,,
558,22918,,,,,2.961477279663086,0.42899593710899353
558,22918,,,1.9552135467529297,0.538192868232727,,
559,22959,,,,,2.9881293773651123,0.428811639547348
559,22959,,,1.7638882398605347,0.5515502691268921,,
560,23000,,,,,3.0335240364074707,0.42608708143234253
560,23000,,,1.8861240148544312,0.5310799479484558,,
561,23041,,,,,3.006514072418213,0.42607608437538147
561,23041,,,1.9205039739608765,0.5534918904304504,,
562,23082,,,,,3.0346438884735107,0.4284449815750122
562,23082,,,1.9578884840011597,0.5587400197982788,,
563,23123,,,,,3.012268543243408,0.4292544424533844
563,23123,,,2.033057928085327,0.5171719789505005,,
564,23164,,,,,3.0040030479431152,0.4198305904865265
564,23164,,,1.915271282196045,0.5699028968811035,,
565,23205,,,,,3.0344111919403076,0.42082783579826355
565,23205,,,1.8513202667236328,0.5669921636581421,,
566,23246,,,,,3.035682201385498,0.4238685667514801
566,23246,,,1.7244396209716797,0.5440823435783386,,
567,23287,,,,,3.002114772796631,0.4325380027294159
567,23287,,,1.732072353363037,0.5317132472991943,,
568,23328,,,,,2.9993910789489746,0.44080856442451477
568,23328,,,1.938401222229004,0.5548692941665649,,
569,23369,,,,,2.9693806171417236,0.43697020411491394
569,23369,,,1.7670917510986328,0.521569013595581,,
570,23410,,,,,3.0237104892730713,0.43835821747779846
570,23410,,,1.8908395767211914,0.527498185634613,,
571,23451,,,,,2.978134870529175,0.4421820044517517
571,23451,,,1.6095222234725952,0.5631992220878601,,
572,23492,,,,,2.973691463470459,0.4375109374523163
572,23492,,,1.8515923023223877,0.5345701575279236,,
573,23533,,,,,2.9807448387145996,0.43013256788253784
573,23533,,,1.9198366403579712,0.5324168801307678,,
574,23574,,,,,2.9526479244232178,0.44187670946121216
574,23574,,,1.6399762630462646,0.6051322817802429,,
575,23615,,,,,2.941361904144287,0.4456157684326172
575,23615,,,1.6869386434555054,0.5239173769950867,,
576,23656,,,,,2.9758639335632324,0.43629053235054016
576,23656,,,1.8217487335205078,0.6235882043838501,,
577,23697,,,,,2.963925838470459,0.43166425824165344
577,23697,,,1.8559101819992065,0.5775617957115173,,
578,23738,,,,,3.034364938735962,0.4346022605895996
578,23738,,,1.7803990840911865,0.5724145174026489,,
579,23779,,,,,2.9855363368988037,0.4275447428226471
579,23779,,,1.6873347759246826,0.5662593245506287,,
580,23820,,,,,2.9954659938812256,0.4295341372489929
580,23820,,,1.9197126626968384,0.5397078394889832,,
581,23861,,,,,2.986797571182251,0.4276449382305145
581,23861,,,1.8169701099395752,0.5320062637329102,,
582,23902,,,,,2.995124578475952,0.43937548995018005
582,23902,,,1.6482067108154297,0.5802615880966187,,
583,23943,,,,,3.0005974769592285,0.4456283152103424
583,23943,,,1.8606899976730347,0.5494239330291748,,
584,23984,,,,,2.944898843765259,0.4459352493286133
584,23984,,,1.9019442796707153,0.5270463228225708,,
585,24025,,,,,3.0015411376953125,0.4462375342845917
585,24025,,,1.9311519861221313,0.49581480026245117,,
586,24066,,,,,2.953141689300537,0.4391166567802429
586,24066,,,1.8116528987884521,0.534429132938385,,
587,24107,,,,,3.0339736938476562,0.4263531267642975
587,24107,,,1.8216664791107178,0.5676478147506714,,
588,24148,,,,,3.0062530040740967,0.4339836537837982
588,24148,,,1.7864054441452026,0.5309845209121704,,
589,24189,,,,,2.9797840118408203,0.440255343914032
589,24189,,,1.7570492029190063,0.5620558857917786,,
590,24230,,,,,2.9705967903137207,0.43440183997154236
590,24230,,,1.9413200616836548,0.5695160627365112,,
591,24271,,,,,2.954902410507202,0.44797036051750183
591,24271,,,1.9411163330078125,0.5306764841079712,,
592,24312,,,,,3.0057787895202637,0.43480178713798523
592,24312,,,1.7835009098052979,0.5625373721122742,,
593,24353,,,,,2.968607187271118,0.4330880045890808
593,24353,,,1.8259661197662354,0.5627949237823486,,
594,24394,,,,,2.9318387508392334,0.4451439380645752
594,24394,,,1.8050458431243896,0.5337727665901184,,
595,24435,,,,,2.936988115310669,0.432692289352417
595,24435,,,1.7674622535705566,0.5449607372283936,,
596,24476,,,,,2.9860541820526123,0.4296659827232361
596,24476,,,1.7796061038970947,0.5603140592575073,,
597,24517,,,,,2.940467357635498,0.4349971413612366
597,24517,,,1.9635248184204102,0.5502424240112305,,
598,24558,,,,,3.016202211380005,0.4248281717300415
598,24558,,,1.952695369720459,0.5843155384063721,,
599,24599,,,,,2.9836068153381348,0.41486021876335144
599,24599,,,1.748551845550537,0.5859993696212769,,
600,24640,,,,,3.0626137256622314,0.4129868149757385
600,24640,,,1.8299249410629272,0.5605611801147461,,
601,24681,,,,,2.9993112087249756,0.4201374351978302
601,24681,,,1.8375132083892822,0.5571261048316956,,
602,24722,,,,,2.9716620445251465,0.4322946071624756
602,24722,,,1.7395890951156616,0.5455198287963867,,
603,24763,,,,,2.9827423095703125,0.43145155906677246
603,24763,,,1.7508559226989746,0.5687103867530823,,
604,24804,,,,,3.0009193420410156,0.42132070660591125
604,24804,,,1.9135284423828125,0.5398371815681458,,
605,24845,,,,,2.9614789485931396,0.42572686076164246
605,24845,,,1.8473882675170898,0.5457971692085266,,
606,24886,,,,,3.037499189376831,0.4150112271308899
606,24886,,,1.969534158706665,0.5311157703399658,,
607,24927,,,,,2.990478992462158,0.4210243821144104
607,24927,,,2.011593818664551,0.5507330894470215,,
608,24968,,,,,2.9865121841430664,0.41829410195350647
608,24968,,,1.85377037525177,0.5199111700057983,,
609,25009,,,,,3.0107405185699463,0.41090431809425354
609,25009,,,1.768418788909912,0.5859821438789368,,
610,25050,,,,,2.9200870990753174,0.42317435145378113
610,25050,,,1.7999112606048584,0.5807902812957764,,
611,25091,,,,,2.9569151401519775,0.4349268972873688
611,25091,,,1.6282720565795898,0.6039915084838867,,
612,25092,7.387755393981934,0.11177217960357666,,,,
