	CC_ID	SRVs	SRVs %	PDB_arches	Uniprot_arches	Tot_nodes	Nodes
0	0	1659	39.79371551930919	104	168	171	3QDG_D,1IAR_A,3QDJ_E,4JFD_C,3SE4_A,1DVF_C,3QIB_A,2AK4_A,5C6T_A,5E9D_E,3SE9_L,4B0M_M,1DVF_D,2VLR_E,1FY8_E,1OGA_D,1YQV_Y,2AK4_E,2J8U_A,3D3V_C,1NMB_H,3PWP_C,3NCC_B,4I77_H,4KRO_B,2JCC_A,3N06_A,3G6D_H,3C60_D,1F5R_A,1XGP_B,1DVF_B,3BN9_D,4FTV_A,1DQJ_A,2BDN_L,4KRP_B,3H9S_A,1N8Z_A,1QSE_C,1JRH_H,2NYY_C,3SE8_L,5E9D_D,3SE9_H,4B0M_B,4NKQ_C,3L5X_L,3SE4_B,1KIR_A,2OI9_Q,3HFM_L,1VFB_B,3BN9_B,3MZG_A,3NGB_L,3C60_C,1BD2_E,3TGK_E,1AO7_A,1BD2_C,3SE4_C,4MNQ_C,1VFB_A,2B2X_L,1CZ8_L,3QIB_B,2AK4_D,1XGT_B,3N85_H,1N8Z_C,4KRL_B,2P5E_D,4B0M_A,4OZG_H,1JRH_I,1KIP_B,3SE8_H,4NKQ_B,1BD2_A,3NCB_A,1NCA_H,2BNQ_C,4JFF_C,1MI5_D,4L3E_E,4P23_D,1DQJ_B,2BNR_A,1MHP_H,3QFJ_C,1AO7_C,1BP3_A,1E50_A,3LB6_A,1XGQ_B,3D3V_E,2B2X_H,3QDG_E,3N0P_A,3QIB_P,5C6T_L,1A22_B,1KIQ_B,4RS1_B,1OGA_E,3HFM_Y,3QDJ_C,3NPS_A,2I26_N,3QDJ_D,4K71_A,4FTV_D,4I77_L,4JFE_C,1NMB_L,5C6T_H,1EAW_A,4L3E_A,1H9D_B,2NZ9_A,1YY9_D,1DQJ_C,3S9D_A,3N85_L,1MI5_E,2BNR_C,1XGR_B,4P5T_D,1AO7_E,3QIB_C,1AHW_C,1MLC_B,1JRH_L,4K71_B,4FTV_E,1DVF_A,1YY9_C,3NGB_H,4RS1_A,1N8Z_B,1XGU_B,4OZG_G,1MLC_A,1VFB_C,1E50_B,3MZG_B,1MHP_L,2E7L_Q,1DAN_T,3S9D_B,1DAN_U,1AO7_D,4P5T_C,2UWE_A,1DAN_H,2BDN_H,1BD2_D,2NYY_A,3HFM_H,1A22_A,4HRN_D,4L3E_D,3SE3_A,1BJ1_H,1OGA_A,3QIB_D,2NYY_D,2AK4_C,4P23_C,1LP9_A
1	1	49	1.1753418085871912	2	2	3	1A4Y_B,1Z7X_W,1A4Y_A
2	2	44	1.0554089709762533	0	109	18	1TM1_I,1Y1K_I,1SIB_I,1Y34_I,1TM4_I,1Y33_I,1Y3C_I,1TO1_I,1TM5_I,1TMG_I,1Y3D_I,1Y48_I,1CSE_I,1Y3B_I,1ACB_I,1SBN_I,1TM7_I,1TM3_I
3	3	17	0.4077716478771888	0	0	2	1AK4_D,1M9E_D
4	4	38	0.9114895658431278	4	26	10	1B2S_A,1B3S_D,1B3S_A,1X1W_D,1BRS_D,1BRS_A,1B2U_A,1B2U_D,1X1X_D,1B2S_D
5	5	40	0.9594627008875031	0	1	2	1B41_B,1FSS_B
6	6	193	4.629407531782202	10	18	27	1K8R_A,3M62_B,5UFE_A,5UFQ_A,1C1Y_A,1GUA_B,1LFD_A,3M63_A,5UFE_B,1K8R_B,1GRN_A,4G0N_A,5XCO_A,3EG5_A,1C1Y_B,1LFD_B,3KUD_B,1GUA_A,3M62_A,3KUD_A,4G0N_B,3Q3J_B,2REX_B,1XD3_B,1E96_A,2REX_A,5XCO_B
7	7	54	1.295274646198129	1	0	3	1C4Z_A,1S1Q_A,1C4Z_D
8	8	71	1.703046294075318	0	62	11	3BTT_I,3BTG_I,1CBW_I,3BTH_I,3BTD_I,3BTW_I,3BTF_I,3BTM_I,2FTL_I,3BTQ_I,3BTE_I
9	9	779	18.68553609978412	0	156	20	1R0R_I,1CT2_I,1SGY_I,3SGB_I,1CSO_I,1CHO_I,1CT4_I,2SGQ_I,2NU4_I,1CT0_I,2NU0_I,1PPF_I,2NU1_I,1SGD_I,1SGQ_I,1SGP_I,1SGE_I,2NU2_I,1SGN_I,2SGP_I
10	10	9	0.21587910769968818	0	0	2	1GCQ_C,1EFN_A
11	11	81	1.9429119692971935	3	20	10	2VLN_B,2WPT_A,2VLQ_B,2WPT_B,2GYK_A,2VLP_B,1EMV_B,1FR2_A,2VLO_B,1EMV_A
12	12	21	0.5037179179659391	0	2	2	3MZW_B,1FC2_C
13	13	2	0.04797313504437515	0	2	2	1GL1_I,1GL0_I
14	14	17	0.4077716478771888	0	1	3	1SBB_B,3W2D_A,1JCK_B
15	15	149	3.573998560805949	4	10	10	2G2W_A,1JTG_B,2G2U_B,1S0W_C,1JTD_A,3QHY_B,3N4I_A,1JTG_A,1JTD_B,2G2U_A
16	16	8	0.1918925401775006	0	3	5	2J12_A,1KAC_A,2J1K_C,1P69_A,1P6A_A
17	17	8	0.1918925401775006	0	1	2	1WQJ_I,2DSQ_I
18	18	15	0.3597985128328136	3	2	5	4ZS6_A,2AJF_E,3KBH_A,3KBH_E,2AJF_A
19	19	28	0.6716238906212522	0	3	4	3HH2_C,3SEK_C,3B4V_C,2B0U_C
20	20	16	0.3837850803550012	2	11	7	2B0Z_B,2B12_B,2B11_B,2B10_B,2PCB_A,2PCC_B,2PCC_A
21	21	6	0.14391940513312546	0	2	2	4RA0_C,2C5D_C
22	22	4	0.0959462700887503	0	1	3	2GOX_B,3D5R_C,3D5S_C
23	23	8	0.1918925401775006	0	0	2	2HLE_A,4L0P_A
24	24	5	0.11993283761093788	2	0	2	2KSO_B,2KSO_A
25	25	7	0.16790597265531304	0	2	4	2VIR_C,4GXU_A,3LZF_A,2VIS_C
26	26	22	0.5277044854881267	0	0	3	3LNZ_B,3EQS_B,3EQY_C
27	27	11	0.2638522427440633	2	1	5	5CYK_B,3NVQ_A,3NVN_B,5CXB_B,3NVN_A
28	28	9	0.21587910769968818	2	2	4	4WND_A,4G2V_A,3SF4_D,3SF4_A
29	29	2	0.04797313504437515	0	1	2	3U82_B,4MYW_B
30	30	6	0.14391940513312546	0	1	2	3UIG_A,3UII_A
31	31	22	0.5277044854881267	1	0	3	4OFY_D,4OFY_A,4BFI_B
32	32	4	0.0959462700887503	1	2	3	4GNK_A,4GNK_B,4EKD_A
33	33	11	0.2638522427440633	4	3	6	4NZW_B,4FZA_B,4NZW_A,4O27_B,4FZA_A,4O27_A
34	34	8	0.1918925401775006	2	0	2	4HFK_D,4HFK_B
35	35	25	0.5996641880546894	4	0	3	4PWX_A,4PWX_C,4PWX_B
36	36	17	0.4077716478771888	5	5	8	4YH7_B,4YH7_A,4YEB_A,4YFD_B,4YFD_A,4Y61_B,4YEB_B,4Y61_A
37	37	6	0.14391940513312546	1	0	2	4JEU_A,4JEU_B
38	38	13	0.31182537778843844	1	0	2	5F4E_A,5F4E_B
39	39	19	0.4557447829215639	2	0	2	1FFW_B,1FFW_A
40	40	5	0.11993283761093788	1	0	2	2DVW_A,2DVW_B
41	41	10	0.23986567522187577	1	0	2	3AAA_A,3AAA_C
42	42	5	0.11993283761093788	2	0	2	4J2L_C,4J2L_A
43	43	2	0.04797313504437515	2	0	2	3BP8_C,3BP8_A
44	44	14	0.3358119453106261	2	0	2	5M2O_B,5M2O_A
45	45	27	0.6476373230990645	1	0	2	1KTZ_A,1KTZ_B
46	46	3	0.07195970256656273	1	0	2	1KBH_A,1KBH_B
47	47	7	0.16790597265531304	2	0	2	5E6P_B,5E6P_A
48	48	13	0.31182537778843844	1	0	2	1KNE_A,1KNE_P
49	49	3	0.07195970256656273	2	0	2	2HRK_B,2HRK_A
50	50	8	0.1918925401775006	2	0	2	4CVW_C,4CVW_A
51	51	240	5.756776205325018	2	0	1	3BT1_U
52	52	54	1.295274646198129	2	0	1	1GC1_C
53	53	44	1.0554089709762533	2	0	1	2JEL_P
54	54	21	0.5037179179659391	2	0	1	3SZK_C
55	55	16	0.3837850803550012	2	0	1	2J0T_D
56	56	13	0.31182537778843844	2	0	1	3BK3_C
57	57	12	0.2878388102662509	2	0	1	1F47_A
58	58	11	0.2638522427440633	2	0	1	3Q8D_A
59	59	10	0.23986567522187577	2	0	1	2SIC_I
60	60	9	0.21587910769968818	2	0	1	1MAH_A
61	61	9	0.21587910769968818	2	0	1	4NM8_B
62	62	8	0.1918925401775006	2	0	1	1FCC_C
63	63	8	0.1918925401775006	2	0	1	4CPA_I
64	64	8	0.1918925401775006	2	0	1	4JPK_A
65	65	8	0.1918925401775006	2	0	1	5TAR_B
66	66	7	0.16790597265531304	2	0	1	2O3B_B
67	67	7	0.16790597265531304	2	0	1	3BX1_C
68	68	7	0.16790597265531304	2	0	1	3F1S_A
69	69	6	0.14391940513312546	2	0	1	3VR6_G
70	70	6	0.14391940513312546	2	0	1	4X4M_E
71	71	5	0.11993283761093788	2	0	1	1SMF_I
72	72	5	0.11993283761093788	2	0	1	1UUZ_A
73	73	5	0.11993283761093788	2	0	1	3R9A_A
74	74	5	0.11993283761093788	2	0	1	5K39_B
75	75	4	0.0959462700887503	2	0	1	2BTF_P
76	76	4	0.0959462700887503	2	0	1	4HSA_A
77	77	4	0.0959462700887503	2	0	1	4N8V_G
78	78	3	0.07195970256656273	2	0	1	1N8O_E
79	79	3	0.07195970256656273	2	0	1	2AW2_B
80	80	3	0.07195970256656273	2	0	1	2B42_A
81	81	3	0.07195970256656273	2	0	1	2C0L_A
82	82	3	0.07195970256656273	2	0	1	2OOB_A
83	83	3	0.07195970256656273	2	0	1	3WWN_A
84	84	3	0.07195970256656273	2	0	1	4E6K_G
85	85	2	0.04797313504437515	2	0	1	1U7F_B
86	86	2	0.04797313504437515	2	0	1	2A9K_B
87	87	2	0.04797313504437515	2	0	1	4U6H_E
88	88	1	0.023986567522187575	2	0	1	1HE8_A
89	89	1	0.023986567522187575	2	0	1	1REW_C
90	90	1	0.023986567522187575	2	0	1	1YCS_A
91	91	1	0.023986567522187575	2	0	1	3RF3_C
92	92	1	0.023986567522187575	2	0	1	4JGH_D
93	93	1	0.023986567522187575	2	0	1	4LRX_A
