Unique	PDB_mut	Clean_mut	PDB_ID	Chain	Uniprot_ID	DDG_avg	DDG	Affinity_WT	Affinity_M	Location	Experimental_method	SKEMPI_version	out_type	out_protein	CC_ID
3BT1_U_RU145A	RU145A	RU143A	3BT1	3BT1_U	Q03405	-0.42	-0.42,-0.42	9.1e-10,4.6e-10	1.85e-09,2.17e-09	INT	SPR	1		3BT1_A_U	51
3BT1_U_HU143A	HU143A	HU141A	3BT1	3BT1_U	Q03405	-0.662	-0.662,-0.662	9.1e-10,4.6e-10	2.78e-09,1.35e-09	INT	SPR	1		3BT1_A_U	51
3BT1_U_RU142A	RU142A	RU140A	3BT1	3BT1_U	Q03405	-0.363	-0.363,-0.363	9.1e-10,4.6e-10	1.68e-09,1.79e-09	SUR	SPR	1		3BT1_A_U	51
3BT1_U_KU139A	KU139A	KU137A	3BT1	3BT1_U	Q03405	-0.674	-0.674,-0.674	9.1e-10,4.6e-10	2.84e-09,1.31e-09	RIM	SPR	1		3BT1_A_U	51
3BT1_U_RU137A	RU137A	RU135A	3BT1	3BT1_U	Q03405	0.288	0.288,0.288	9.1e-10,4.6e-10	5.6e-10,7e-10	INT	SPR	1		3BT1_A_U	51
3BT1_U_MU4A	MU4A	MU4A	3BT1	3BT1_U	Q03405	-0.037	-0.037	4.6e-10	4.9e-10	INT	SPR	2		3BT1_A_U	51
3BT1_U_RU2A	RU2A	RU2A	3BT1	3BT1_U	Q03405	-0.095	-0.095	4.6e-10	5.4e-10	SUR	SPR	2		3BT1_A_U	51
3BT1_U_LU1A	LU1A	LU1A	3BT1	3BT1_U	Q03405	-0.342	-0.342	4.6e-10	8.2e-10	SUR	SPR	2		3BT1_A_U	51
3BT1_U_LU23A	LU23A	LU23A	3BT1	3BT1_U	Q03405	-0.46	-0.46	4.6e-10	1e-09	INT	SPR	2		3BT1_A_U	51
3BT1_U_DU22A	DU22A	DU22A	3BT1	3BT1_U	Q03405	-0.232	-0.232	4.6e-10	6.8e-10	SUR	SPR	2		3BT1_A_U	51
3BT1_U_QU21A	QU21A	QU21A	3BT1	3BT1_U	Q03405	-0.313	-0.313	4.6e-10	7.8e-10	SUR	SPR	2		3BT1_A_U	51
3BT1_U_GU20A	GU20A	GU20A	3BT1	3BT1_U	Q03405	0.0	0.0	4.6e-10	4.6e-10	SUR	SPR	2		3BT1_A_U	51
3BT1_U_LU19A	LU19A	LU19A	3BT1	3BT1_U	Q03405	-0.177	-0.177	4.6e-10	6.2e-10	SUR	SPR	2		3BT1_A_U	51
3BT1_U_AU18S	AU18S	AU18S	3BT1	3BT1_U	Q03405	-0.073	-0.073	4.6e-10	5.2e-10	SUR	SPR	2		3BT1_A_U	51
3BT1_U_EU16A	EU16A	EU16A	3BT1	3BT1_U	Q03405	-0.084	-0.084	4.6e-10	5.3e-10	SUR	SPR	2		3BT1_A_U	51
3BT1_U_EU15A	EU15A	EU15A	3BT1	3BT1_U	Q03405	-0.117	-0.117	4.6e-10	5.6e-10	INT	SPR	2		3BT1_A_U	51
3BT1_U_VU14A	VU14A	VU14A	3BT1	3BT1_U	Q03405	-0.282	-0.282	4.6e-10	7.4e-10	SUR	SPR	2		3BT1_A_U	51
3BT1_U_RU13A	RU13A	RU13A	3BT1	3BT1_U	Q03405	-0.274	-0.274	4.6e-10	7.3e-10	SUR	SPR	2		3BT1_A_U	51
3BT1_U_DU11A	DU11A	DU11A	3BT1	3BT1_U	Q03405	0.026	0.026	4.6e-10	4.4e-10	RIM	SPR	2		3BT1_A_U	51
3BT1_U_GU10A	GU10A	GU10A	3BT1	3BT1_U	Q03405	-0.265	-0.265	4.6e-10	7.2e-10	RIM	SPR	2		3BT1_A_U	51
3BT1_U_NU9A	NU9A	NU9A	3BT1	3BT1_U	Q03405	-0.305	-0.305	4.6e-10	7.7e-10	RIM	SPR	2		3BT1_A_U	51
3BT1_U_TU8A	TU8A	TU8A	3BT1	3BT1_U	Q03405	-0.177	-0.177	4.6e-10	6.2e-10	COR	SPR	2		3BT1_A_U	51
3BT1_U_KU7A	KU7A	KU7A	3BT1	3BT1_U	Q03405	-0.274	-0.274	4.6e-10	7.3e-10	SUR	SPR	2		3BT1_A_U	51
3BT1_U_QU5A	QU5A	QU5A	3BT1	3BT1_U	Q03405	-0.061	-0.061	4.6e-10	5.1e-10	SUR	SPR	2		3BT1_A_U	51
3BT1_U_LU40A	LU40A	LU40A	3BT1	3BT1_U	Q03405	-0.871	-0.871	4.6e-10	2e-09	COR	SPR	2		3BT1_A_U	51
3BT1_U_EU39A	EU39A	EU39A	3BT1	3BT1_U	Q03405	-0.157	-0.157	4.6e-10	6e-10	RIM	SPR	2		3BT1_A_U	51
3BT1_U_LU38A	LU38A	LU38A	3BT1	3BT1_U	Q03405	-0.522	-0.522	4.6e-10	1.11e-09	RIM	SPR	2		3BT1_A_U	51
3BT1_U_EU37A	EU37A	EU37A	3BT1	3BT1_U	Q03405	-0.049	-0.049	4.6e-10	5e-10	SUR	SPR	2		3BT1_A_U	51
3BT1_U_EU36A	EU36A	EU36A	3BT1	3BT1_U	Q03405	-0.095	-0.095	4.6e-10	5.4e-10	RIM	SPR	2		3BT1_A_U	51
3BT1_U_GU35A	GU35A	GU35A	3BT1	3BT1_U	Q03405	-0.32	-0.32	4.6e-10	7.9e-10	SUR	SPR	2		3BT1_A_U	51
3BT1_U_EU34A	EU34A	EU34A	3BT1	3BT1_U	Q03405	-0.342	-0.342	4.6e-10	8.2e-10	SUR	SPR	2		3BT1_A_U	51
3BT1_U_EU33A	EU33A	EU33A	3BT1	3BT1_U	Q03405	-0.378	-0.378	4.6e-10	8.7e-10	RIM	SPR	2		3BT1_A_U	51
3BT1_U_WU32A	WU32A	WU32A	3BT1	3BT1_U	Q03405	0.013	0.013	4.6e-10	4.5e-10	SUR	SPR	2		3BT1_A_U	51
3BT1_U_LU31A	LU31A	LU31A	3BT1	3BT1_U	Q03405	-0.313	-0.313	4.6e-10	7.8e-10	COR	SPR	2		3BT1_A_U	51
3BT1_U_RU30A	RU30A	RU30A	3BT1	3BT1_U	Q03405	-0.46	-0.46	4.6e-10	1e-09	SUR	SPR	2		3BT1_A_U	51
3BT1_U_VU29A	VU29A	VU29A	3BT1	3BT1_U	Q03405	-0.716	-0.716	4.6e-10	1.54e-09	SUP	SPR	2		3BT1_A_U	51
3BT1_U_IU28A	IU28A	IU28A	3BT1	3BT1_U	Q03405	-0.073	-0.073	4.6e-10	5.2e-10	INT	SPR	2		3BT1_A_U	51
3BT1_U_TU27A	TU27A	TU27A	3BT1	3BT1_U	Q03405	-0.911	-0.911	4.6e-10	2.14e-09	SUP	SPR	2		3BT1_A_U	51
3BT1_U_TU26A	TU26A	TU26A	3BT1	3BT1_U	Q03405	-0.186	-0.186	4.6e-10	6.3e-10	INT	SPR	2		3BT1_A_U	51
3BT1_U_RU25A	RU25A	RU25A	3BT1	3BT1_U	Q03405	-1.017	-1.017	4.6e-10	2.56e-09	SUP	SPR	2		3BT1_A_U	51
3BT1_U_YU57A	YU57A	YU57A	3BT1	3BT1_U	Q03405	-1.201	-1.201	4.6e-10	3.49e-09	SUP	SPR	2		3BT1_A_U	51
3BT1_U_SU56A	SU56A	SU56A	3BT1	3BT1_U	Q03405	-0.049	-0.049	4.6e-10	5e-10	INT	SPR	2		3BT1_A_U	51
3BT1_U_LU55A	LU55A	LU55A	3BT1	3BT1_U	Q03405	-1.111	-1.111	4.6e-10	3e-09	SUP	SPR	2		3BT1_A_U	51
3BT1_U_TU54A	TU54A	TU54A	3BT1	3BT1_U	Q03405	-0.391	-0.391	4.6e-10	8.9e-10	SUP	SPR	2		3BT1_A_U	51
3BT1_U_RU53A	RU53A	RU53A	3BT1	3BT1_U	Q03405	-0.888	-0.888	4.6e-10	2.06e-09	SUP	SPR	2		3BT1_A_U	51
3BT1_U_NU52Q	NU52Q	NU52Q	3BT1	3BT1_U	Q03405	-0.633	-0.633	4.6e-10	1.34e-09	SUR	SPR	2		3BT1_A_U	51
3BT1_U_TU51A	TU51A	TU51A	3BT1	3BT1_U	Q03405	-0.712	-0.712	4.6e-10	1.53e-09	SUR	SPR	2		3BT1_A_U	51
3BT1_U_KU50A	KU50A	KU50A	3BT1	3BT1_U	Q03405	-0.642	-0.642	4.6e-10	1.36e-09	SUP	SPR	2		3BT1_A_U	51
3BT1_U_EU49A	EU49A	EU49A	3BT1	3BT1_U	Q03405	0.026	0.026	4.6e-10	4.4e-10	SUR	SPR	2		3BT1_A_U	51
3BT1_U_SU48A	SU48A	SU48A	3BT1	3BT1_U	Q03405	-0.404	-0.404	4.6e-10	9.1e-10	SUR	SPR	2		3BT1_A_U	51
3BT1_U_HU47A	HU47A	HU47A	3BT1	3BT1_U	Q03405	-0.391	-0.391	4.6e-10	8.9e-10	INT	SPR	2		3BT1_A_U	51
3BT1_U_TU46A	TU46A	TU46A	3BT1	3BT1_U	Q03405	-0.46	-0.46	4.6e-10	1e-09	SUP	SPR	2		3BT1_A_U	51
3BT1_U_SU44A	SU44A	SU44A	3BT1	3BT1_U	Q03405	-0.223	-0.223	4.6e-10	6.7e-10	INT	SPR	2		3BT1_A_U	51
3BT1_U_KU43A	KU43A	KU43A	3BT1	3BT1_U	Q03405	-0.223	-0.223	4.6e-10	6.7e-10	INT	SPR	2		3BT1_A_U	51
3BT1_U_EU42A	EU42A	EU42A	3BT1	3BT1_U	Q03405	0.197	0.197	4.6e-10	3.3e-10	RIM	SPR	2		3BT1_A_U	51
3BT1_U_VU41A	VU41A	VU41A	3BT1	3BT1_U	Q03405	-0.489	-0.489	4.6e-10	1.05e-09	COR	SPR	2		3BT1_A_U	51
3BT1_U_DU74A	DU74A	DU74A	3BT1	3BT1_U	Q03405	-0.305	-0.305	4.6e-10	7.7e-10	SUR	SPR	2		3BT1_A_U	51
3BT1_U_LU73A	LU73A	LU73A	3BT1	3BT1_U	Q03405	-0.232	-0.232	4.6e-10	6.8e-10	SUR	SPR	2		3BT1_A_U	51
3BT1_U_GU72A	GU72A	GU72A	3BT1	3BT1_U	Q03405	-0.24	-0.24	4.6e-10	6.9e-10	SUR	SPR	2		3BT1_A_U	51
3BT1_U_VU70A	VU70A	VU70A	3BT1	3BT1_U	Q03405	-0.147	-0.147	4.6e-10	5.9e-10	INT	SPR	2		3BT1_A_U	51
3BT1_U_VU69A	VU69A	VU69A	3BT1	3BT1_U	Q03405	-0.223	-0.223	4.6e-10	6.7e-10	SUR	SPR	2		3BT1_A_U	51
3BT1_U_EU68A	EU68A	EU68A	3BT1	3BT1_U	Q03405	-0.049	-0.049	4.6e-10	5e-10	SUP	SPR	2		3BT1_A_U	51
3BT1_U_TU67A	TU67A	TU67A	3BT1	3BT1_U	Q03405	-0.186	-0.186	4.6e-10	6.3e-10	RIM	SPR	2		3BT1_A_U	51
3BT1_U_LU66A	LU66A	LU66A	3BT1	3BT1_U	Q03405	-1.377	-1.377	4.6e-10	4.7e-09	COR	SPR	2		3BT1_A_U	51
3BT1_U_SU65A	SU65A	SU65A	3BT1	3BT1_U	Q03405	-0.313	-0.313	4.6e-10	7.8e-10	INT	SPR	2		3BT1_A_U	51
3BT1_U_TU64A	TU64A	TU64A	3BT1	3BT1_U	Q03405	-0.659	-0.659	4.6e-10	1.4e-09	SUP	SPR	2		3BT1_A_U	51
3BT1_U_IU63A	IU63A	IU63A	3BT1	3BT1_U	Q03405	-0.117	-0.117	4.6e-10	5.6e-10	INT	SPR	2		3BT1_A_U	51
3BT1_U_KU62A	KU62A	KU62A	3BT1	3BT1_U	Q03405	-0.417	-0.417	4.6e-10	9.3e-10	RIM	SPR	2		3BT1_A_U	51
3BT1_U_LU61A	LU61A	LU61A	3BT1	3BT1_U	Q03405	0.129	0.129	4.6e-10	3.7e-10	RIM	SPR	2		3BT1_A_U	51
3BT1_U_GU60A	GU60A	GU60A	3BT1	3BT1_U	Q03405	-0.297	-0.297	4.6e-10	7.6e-10	SUR	SPR	2		3BT1_A_U	51
3BT1_U_TU59A	TU59A	TU59A	3BT1	3BT1_U	Q03405	-0.553	-0.553	4.6e-10	1.17e-09	SUP	SPR	2		3BT1_A_U	51
3BT1_U_RU58A	RU58A	RU58A	3BT1	3BT1_U	Q03405	0.068	0.068	4.6e-10	4.1e-10	INT	SPR	2		3BT1_A_U	51
3BT1_U_EU94A	EU94A	EU92A	3BT1	3BT1_U	Q03405	-0.205	-0.205	4.6e-10	6.5e-10	SUR	SPR	2		3BT1_A_U	51
3BT1_U_LU93A	LU93A	LU91A	3BT1	3BT1_U	Q03405	0.162	0.162	4.6e-10	3.5e-10	INT	SPR	2		3BT1_A_U	51
3BT1_U_YU92A	YU92A	YU90A	3BT1	3BT1_U	Q03405	-0.177	-0.177	4.6e-10	6.2e-10	SUR	SPR	2		3BT1_A_U	51
3BT1_U_RU91A	RU91A	RU89A	3BT1	3BT1_U	Q03405	-0.282	-0.282	4.6e-10	7.4e-10	SUR	SPR	2		3BT1_A_U	51
3BT1_U_SU90A	SU90A	SU88A	3BT1	3BT1_U	Q03405	-0.196	-0.196	4.6e-10	6.4e-10	SUR	SPR	2		3BT1_A_U	51
3BT1_U_RU89A	RU89A	RU87A	3BT1	3BT1_U	Q03405	-0.24	-0.24	4.6e-10	6.9e-10	SUR	SPR	2		3BT1_A_U	51
3BT1_U_SU88A	SU88A	SU86A	3BT1	3BT1_U	Q03405	-0.24	-0.24	4.6e-10	6.9e-10	SUR	SPR	2		3BT1_A_U	51
3BT1_U_YU87A	YU87A	YU85A	3BT1	3BT1_U	Q03405	-0.249	-0.249	4.6e-10	7e-10	SUR	SPR	2		3BT1_A_U	51
3BT1_U_TU86A	TU86A	TU84A	3BT1	3BT1_U	Q03405	0.083	0.083	4.6e-10	4e-10	SUR	SPR	2		3BT1_A_U	51
3BT1_U_VU85A	VU85A	VU83A	3BT1	3BT1_U	Q03405	-0.282	-0.282	4.6e-10	7.4e-10	SUR	SPR	2		3BT1_A_U	51
3BT1_U_GU82A	GU82A	GU82A	3BT1	3BT1_U	Q03405	-0.095	-0.095	4.6e-10	5.4e-10	SUR	SPR	2		3BT1_A_U	51
3BT1_U_SU81A	SU81A	SU81A	3BT1	3BT1_U	Q03405	-0.257	-0.257	4.6e-10	7.1e-10	SUR	SPR	2		3BT1_A_U	51
3BT1_U_NU80A	NU80A	NU80A	3BT1	3BT1_U	Q03405	-0.205	-0.205	4.6e-10	6.5e-10	SUR	SPR	2		3BT1_A_U	51
3BT1_U_GU79A	GU79A	GU79A	3BT1	3BT1_U	Q03405	-0.223	-0.223	4.6e-10	6.7e-10	SUR	SPR	2		3BT1_A_U	51
3BT1_U_QU78A	QU78A	QU78A	3BT1	3BT1_U	Q03405	-0.24	-0.24	4.6e-10	6.9e-10	SUR	SPR	2		3BT1_A_U	51
3BT1_U_LU75A	LU75A	LU75A	3BT1	3BT1_U	Q03405	-0.517	-0.517	4.6e-10	1.1e-09	SUR	SPR	2		3BT1_A_U	51
3BT1_U_QU114A	QU114A	QU112A	3BT1	3BT1_U	Q03405	0.129	0.129	4.6e-10	3.7e-10	SUR	SPR	2		3BT1_A_U	51
3BT1_U_LU113A	LU113A	LU111A	3BT1	3BT1_U	Q03405	-1.465	-1.465	4.6e-10	5.45e-09	INT	SPR	2		3BT1_A_U	51
3BT1_U_SU112A	SU112A	SU110A	3BT1	3BT1_U	Q03405	-0.249	-0.249	4.6e-10	7e-10	SUR	SPR	2		3BT1_A_U	51
3BT1_U_QU111A	QU111A	QU109A	3BT1	3BT1_U	Q03405	-0.084	-0.084	4.6e-10	5.3e-10	SUR	SPR	2		3BT1_A_U	51
3BT1_U_HU110A	HU110A	HU108A	3BT1	3BT1_U	Q03405	-0.417	-0.417	4.6e-10	9.3e-10	SUR	SPR	2		3BT1_A_U	51
3BT1_U_RU109A	RU109A	RU107A	3BT1	3BT1_U	Q03405	-0.265	-0.265	4.6e-10	7.2e-10	SUR	SPR	2		3BT1_A_U	51
3BT1_U_RU107A	RU107A	RU105A	3BT1	3BT1_U	Q03405	-0.404	-0.404	4.6e-10	9.1e-10	SUR	SPR	2		3BT1_A_U	51
3BT1_U_EU106A	EU106A	EU104A	3BT1	3BT1_U	Q03405	-0.815	-0.815	4.6e-10	1.82e-09	SUR	SPR	2		3BT1_A_U	51
3BT1_U_SU104A	SU104A	SU102A	3BT1	3BT1_U	Q03405	-0.611	-0.611	4.6e-10	1.29e-09	INT	SPR	2		3BT1_A_U	51
3BT1_U_MU103A	MU103A	MU101A	3BT1	3BT1_U	Q03405	-0.411	-0.411	4.6e-10	9.2e-10	SUR	SPR	2		3BT1_A_U	51
3BT1_U_DU102A	DU102A	DU100A	3BT1	3BT1_U	Q03405	-1.692	-1.692	4.6e-10	8e-09	SUR	SPR	2		3BT1_A_U	51
3BT1_U_SU101A	SU101A	SU99A	3BT1	3BT1_U	Q03405	-0.297	-0.297	4.6e-10	7.6e-10	RIM	SPR	2		3BT1_A_U	51
3BT1_U_SU100A	SU100A	SU98A	3BT1	3BT1_U	Q03405	-1.157	-1.157	4.6e-10	3.24e-09	INT	SPR	2		3BT1_A_U	51
3BT1_U_GU99A	GU99A	GU97A	3BT1	3BT1_U	Q03405	0.664	0.664	4.6e-10	1.5e-10	INT	SPR	2		3BT1_A_U	51
3BT1_U_SU97A	SU97A	SU95A	3BT1	3BT1_U	Q03405	-0.871	-0.871	4.6e-10	2e-09	INT	SPR	2		3BT1_A_U	51
3BT1_U_IU96A	IU96A	IU94A	3BT1	3BT1_U	Q03405	-0.186	-0.186	4.6e-10	6.3e-10	INT	SPR	2		3BT1_A_U	51
3BT1_U_EU132A	EU132A	EU130A	3BT1	3BT1_U	Q03405	-0.037	-0.037	4.6e-10	4.9e-10	SUR	SPR	2		3BT1_A_U	51
3BT1_U_QU131A	QU131A	QU129A	3BT1	3BT1_U	Q03405	0.098	0.098	4.6e-10	3.9e-10	SUR	SPR	2		3BT1_A_U	51
3BT1_U_IU130A	IU130A	IU128A	3BT1	3BT1_U	Q03405	0.316	0.316	4.6e-10	2.7e-10	SUR	SPR	2		3BT1_A_U	51
3BT1_U_WU129A	WU129A	WU127A	3BT1	3BT1_U	Q03405	0.437	0.437	4.6e-10	2.2e-10	INT	SPR	2		3BT1_A_U	51
3BT1_U_HU128A	HU128A	HU126A	3BT1	3BT1_U	Q03405	-0.391	-0.391	4.6e-10	8.9e-10	INT	SPR	2		3BT1_A_U	51
3BT1_U_TU127A	TU127A	TU125A	3BT1	3BT1_U	Q03405	-1.003	-1.003	4.6e-10	2.5e-09	SUP	SPR	2		3BT1_A_U	51
3BT1_U_VU126A	VU126A	VU124A	3BT1	3BT1_U	Q03405	-0.746	-0.746	4.6e-10	1.62e-09	SUP	SPR	2		3BT1_A_U	51
3BT1_U_VU125A	VU125A	VU123A	3BT1	3BT1_U	Q03405	-0.788	-0.788	4.6e-10	1.74e-09	SUP	SPR	2		3BT1_A_U	51
3BT1_U_DU124A	DU124A	DU122A	3BT1	3BT1_U	Q03405	-0.788	-0.788	4.6e-10	1.74e-09	INT	SPR	2		3BT1_A_U	51
3BT1_U_LU123A	LU123A	LU121A	3BT1	3BT1_U	Q03405	-0.46	-0.46	4.6e-10	1e-09	INT	SPR	2		3BT1_A_U	51
3BT1_U_QU121A	QU121A	QU119A	3BT1	3BT1_U	Q03405	0.068	0.068	4.6e-10	4.1e-10	INT	SPR	2		3BT1_A_U	51
3BT1_U_EU120A	EU120A	EU118A	3BT1	3BT1_U	Q03405	0.0	0.0	4.6e-10	4.6e-10	INT	SPR	2		3BT1_A_U	51
3BT1_U_EU119A	EU119A	EU117A	3BT1	3BT1_U	Q03405	0.294	0.294	4.6e-10	2.8e-10	SUR	SPR	2		3BT1_A_U	51
3BT1_U_PU118A	PU118A	PU116A	3BT1	3BT1_U	Q03405	0.253	0.253	4.6e-10	3e-10	SUR	SPR	2		3BT1_A_U	51
3BT1_U_SU117A	SU117A	SU115A	3BT1	3BT1_U	Q03405	-0.013	-0.013	4.6e-10	4.7e-10	INT	SPR	2		3BT1_A_U	51
3BT1_U_RU116A	RU116A	RU114A	3BT1	3BT1_U	Q03405	-0.214	-0.214	4.6e-10	6.6e-10	SUR	SPR	2		3BT1_A_U	51
3BT1_U_SU156A	SU156A	SU154A	3BT1	3BT1_U	Q03405	0.04	0.04	4.6e-10	4.3e-10	SUR	SPR	2		3BT1_A_U	51
3BT1_U_PU154A	PU154A	PU152A	3BT1	3BT1_U	Q03405	-0.46	-0.46	4.6e-10	1e-09	SUR	SPR	2		3BT1_A_U	51
3BT1_U_GU152A	GU152A	GU150A	3BT1	3BT1_U	Q03405	-0.517	-0.517	4.6e-10	1.1e-09	SUR	SPR	2		3BT1_A_U	51
3BT1_U_PU151A	PU151A	PU149A	3BT1	3BT1_U	Q03405	-0.597	-0.597	4.6e-10	1.26e-09	SUP	SPR	2		3BT1_A_U	51
3BT1_U_LU150A	LU150A	LU148A	3BT1	3BT1_U	Q03405	-1.662	-1.662	4.6e-10	7.61e-09	SUP	SPR	2		3BT1_A_U	51
3BT1_U_YU149A	YU149A	YU147A	3BT1	3BT1_U	Q03405	0.113	0.113	4.6e-10	3.8e-10	SUR	SPR	2		3BT1_A_U	51
3BT1_U_GU148A	GU148A	GU146A	3BT1	3BT1_U	Q03405	-1.44	-1.44	4.6e-10	5.23e-09	INT	SPR	2		3BT1_A_U	51
3BT1_U_GU146A	GU146A	GU144A	3BT1	3BT1_U	Q03405	-1.251	-1.251	4.6e-10	3.8e-09	INT	SPR	2		3BT1_A_U	51
3BT1_U_LU144A	LU144A	LU142A	3BT1	3BT1_U	Q03405	-0.724	-0.724	4.6e-10	1.56e-09	SUP	SPR	2		3BT1_A_U	51
3BT1_U_DU141A	DU141A	DU139A	3BT1	3BT1_U	Q03405	-1.049	-1.049	4.6e-10	2.7e-09	SUP	SPR	2		3BT1_A_U	51
3BT1_U_DU140A	DU140A	DU138A	3BT1	3BT1_U	Q03405	-1.296	-1.296	4.6e-10	4.1e-09	COR	SPR	2		3BT1_A_U	51
3BT1_U_PU138A	PU138A	PU136A	3BT1	3BT1_U	Q03405	-0.335	-0.335	4.6e-10	8.1e-10	RIM	SPR	2		3BT1_A_U	51
3BT1_U_GU136A	GU136A	GU134A	3BT1	3BT1_U	Q03405	0.083	0.083	4.6e-10	4e-10	SUR	SPR	2		3BT1_A_U	51
3BT1_U_EU135A	EU135A	EU133A	3BT1	3BT1_U	Q03405	0.145	0.145	4.6e-10	3.6e-10	RIM	SPR	2		3BT1_A_U	51
3BT1_U_EU134A	EU134A	EU132A	3BT1	3BT1_U	Q03405	0.162	0.162	4.6e-10	3.5e-10	RIM	SPR	2		3BT1_A_U	51
3BT1_U_GU133A	GU133A	GU131A	3BT1	3BT1_U	Q03405	0.215	0.215	4.6e-10	3.2e-10	SUR	SPR	2		3BT1_A_U	51
3BT1_U_TU174A	TU174A	TU172A	3BT1	3BT1_U	Q03405	-0.411	-0.411	4.6e-10	9.2e-10	SUR	SPR	2		3BT1_A_U	51
3BT1_U_TU173A	TU173A	TU171A	3BT1	3BT1_U	Q03405	-0.274	-0.274	4.6e-10	7.3e-10	SUR	SPR	2		3BT1_A_U	51
3BT1_U_NU172Q	NU172Q	NU170Q	3BT1	3BT1_U	Q03405	-0.177	-0.177	4.6e-10	6.2e-10	SUR	SPR	2		3BT1_A_U	51
3BT1_U_KU169A	KU169A	KU167A	3BT1	3BT1_U	Q03405	-0.282	-0.282	4.6e-10	7.4e-10	SUR	SPR	2		3BT1_A_U	51
3BT1_U_LU168A	LU168A	LU166A	3BT1	3BT1_U	Q03405	-0.746	-0.746	4.6e-10	1.62e-09	SUP	SPR	2		3BT1_A_U	51
3BT1_U_FU167A	FU167A	FU165A	3BT1	3BT1_U	Q03405	-0.127	-0.127	4.6e-10	5.7e-10	SUP	SPR	2		3BT1_A_U	51
3BT1_U_HU166A	HU166A	HU164A	3BT1	3BT1_U	Q03405	-1.028	-1.028	4.6e-10	2.61e-09	SUP	SPR	2		3BT1_A_U	51
3BT1_U_FU165A	FU165A	FU163A	3BT1	3BT1_U	Q03405	-1.064	-1.064	4.6e-10	2.77e-09	INT	SPR	2		3BT1_A_U	51
3BT1_U_TU164A	TU164A	TU162A	3BT1	3BT1_U	Q03405	0.083	0.083	4.6e-10	4e-10	INT	SPR	2		3BT1_A_U	51
3BT1_U_DU163A	DU163A	DU161A	3BT1	3BT1_U	Q03405	0.098	0.098	4.6e-10	3.9e-10	INT	SPR	2		3BT1_A_U	51
3BT1_U_NU162Q	NU162Q	NU160Q	3BT1	3BT1_U	Q03405	-0.391	-0.391	4.6e-10	8.9e-10	SUR	SPR	2		3BT1_A_U	51
3BT1_U_NU161A	NU161A	NU159A	3BT1	3BT1_U	Q03405	-0.371	-0.371	4.6e-10	8.6e-10	INT	SPR	2		3BT1_A_U	51
3BT1_U_HU160A	HU160A	HU158A	3BT1	3BT1_U	Q03405	-0.205	-0.205	4.6e-10	6.5e-10	INT	SPR	2		3BT1_A_U	51
3BT1_U_FU159A	FU159A	FU157A	3BT1	3BT1_U	Q03405	-0.7	-0.7	4.6e-10	1.5e-09	INT	SPR	2		3BT1_A_U	51
3BT1_U_GU158A	GU158A	GU156A	3BT1	3BT1_U	Q03405	0.234	0.234	4.6e-10	3.1e-10	INT	SPR	2		3BT1_A_U	51
3BT1_U_NU157A	NU157A	NU155A	3BT1	3BT1_U	Q03405	-0.602	-0.602	4.6e-10	1.27e-09	SUP	SPR	2		3BT1_A_U	51
3BT1_U_RU192A	RU192A	RU190A	3BT1	3BT1_U	Q03405	-0.32	-0.32	4.6e-10	7.9e-10	SUR	SPR	2		3BT1_A_U	51
3BT1_U_GU191A	GU191A	GU189A	3BT1	3BT1_U	Q03405	0.098	0.098	4.6e-10	3.9e-10	SUR	SPR	2		3BT1_A_U	51
3BT1_U_NU190A	NU190A	NU188A	3BT1	3BT1_U	Q03405	0.234	0.234	4.6e-10	3.1e-10	SUR	SPR	2		3BT1_A_U	51
3BT1_U_QU189A	QU189A	QU187A	3BT1	3BT1_U	Q03405	0.179	0.179	4.6e-10	3.4e-10	SUR	SPR	2		3BT1_A_U	51
3BT1_U_PU188A	PU188A	PU186A	3BT1	3BT1_U	Q03405	0.013	0.013	4.6e-10	4.5e-10	SUR	SPR	2		3BT1_A_U	51
3BT1_U_LU187A	LU187A	LU185A	3BT1	3BT1_U	Q03405	-0.205	-0.205	4.6e-10	6.5e-10	INT	SPR	2		3BT1_A_U	51
3BT1_U_NU186A	NU186A	NU184A	3BT1	3BT1_U	Q03405	-0.328	-0.328	4.6e-10	8e-10	SUR	SPR	2		3BT1_A_U	51
3BT1_U_EU185A	EU185A	EU183A	3BT1	3BT1_U	Q03405	-0.391	-0.391	4.6e-10	8.9e-10	SUR	SPR	2		3BT1_A_U	51
3BT1_U_LU184A	LU184A	LU182A	3BT1	3BT1_U	Q03405	-0.731	-0.731	4.6e-10	1.58e-09	INT	SPR	2		3BT1_A_U	51
3BT1_U_EU183A	EU183A	EU181A	3BT1	3BT1_U	Q03405	-0.46	-0.46	4.6e-10	1e-09	SUR	SPR	2		3BT1_A_U	51
3BT1_U_LU182A	LU182A	LU180A	3BT1	3BT1_U	Q03405	-0.672	-0.672	4.6e-10	1.43e-09	SUR	SPR	2		3BT1_A_U	51
3BT1_U_IU181A	IU181A	IU179A	3BT1	3BT1_U	Q03405	-0.364	-0.364	4.6e-10	8.5e-10	INT	SPR	2		3BT1_A_U	51
3BT1_U_PU180A	PU180A	PU178A	3BT1	3BT1_U	Q03405	0.273	0.273	4.6e-10	2.9e-10	SUR	SPR	2		3BT1_A_U	51
3BT1_U_GU179A	GU179A	GU177A	3BT1	3BT1_U	Q03405	-0.328	-0.328	4.6e-10	8e-10	SUR	SPR	2		3BT1_A_U	51
3BT1_U_EU178A	EU178A	EU176A	3BT1	3BT1_U	Q03405	-0.025	-0.025	4.6e-10	4.8e-10	SUR	SPR	2		3BT1_A_U	51
3BT1_U_KU175A	KU175A	KU173A	3BT1	3BT1_U	Q03405	-0.692	-0.692	4.6e-10	1.48e-09	SUR	SPR	2		3BT1_A_U	51
3BT1_U_FU211A	FU211A	FU209A	3BT1	3BT1_U	Q03405	-0.196	-0.196	4.6e-10	6.4e-10	SUR	SPR	2		3BT1_A_U	51
3BT1_U_TU210A	TU210A	TU208A	3BT1	3BT1_U	Q03405	-0.232	-0.232	4.6e-10	6.8e-10	INT	SPR	2		3BT1_A_U	51
3BT1_U_EU209A	EU209A	EU207A	3BT1	3BT1_U	Q03405	0.253	0.253	4.6e-10	3e-10	SUR	SPR	2		3BT1_A_U	51
3BT1_U_EU208A	EU208A	EU206A	3BT1	3BT1_U	Q03405	0.113	0.113	4.6e-10	3.8e-10	SUR	SPR	2		3BT1_A_U	51
3BT1_U_SU207A	SU207A	SU205A	3BT1	3BT1_U	Q03405	0.215	0.215	4.6e-10	3.2e-10	SUR	SPR	2		3BT1_A_U	51
3BT1_U_SU206A	SU206A	SU204A	3BT1	3BT1_U	Q03405	0.215	0.215	4.6e-10	3.2e-10	INT	SPR	2		3BT1_A_U	51
3BT1_U_GU204A	GU204A	GU202A	3BT1	3BT1_U	Q03405	0.411	0.411	4.6e-10	2.3e-10	SUR	SPR	2		3BT1_A_U	51
3BT1_U_HU203A	HU203A	HU201A	3BT1	3BT1_U	Q03405	-0.013	-0.013	4.6e-10	4.7e-10	SUR	SPR	2		3BT1_A_U	51
3BT1_U_TU202A	TU202A	TU200A	3BT1	3BT1_U	Q03405	0.234	0.234	4.6e-10	3.1e-10	SUR	SPR	2		3BT1_A_U	51
3BT1_U_SU201A	SU201A	SU199A	3BT1	3BT1_U	Q03405	0.129	0.129	4.6e-10	3.7e-10	SUR	SPR	2		3BT1_A_U	51
3BT1_U_NU200Q	NU200Q	NU198Q	3BT1	3BT1_U	Q03405	-0.013	-0.013	4.6e-10	4.7e-10	SUR	SPR	2		3BT1_A_U	51
3BT1_U_GU199A	GU199A	GU197A	3BT1	3BT1_U	Q03405	-0.025	-0.025	4.6e-10	4.8e-10	INT	SPR	2		3BT1_A_U	51
3BT1_U_KU198A	KU198A	KU196A	3BT1	3BT1_U	Q03405	-0.249	-0.249	4.6e-10	7e-10	SUR	SPR	2		3BT1_A_U	51
3BT1_U_SU196A	SU196A	SU194A	3BT1	3BT1_U	Q03405	0.273	0.273	4.6e-10	2.9e-10	INT	SPR	2		3BT1_A_U	51
3BT1_U_YU195A	YU195A	YU193A	3BT1	3BT1_U	Q03405	0.068	0.068	4.6e-10	4.1e-10	INT	SPR	2		3BT1_A_U	51
3BT1_U_QU193A	QU193A	QU191A	3BT1	3BT1_U	Q03405	0.197	0.197	4.6e-10	3.3e-10	SUR	SPR	2		3BT1_A_U	51
3BT1_U_HU229A	HU229A	HU227A	3BT1	3BT1_U	Q03405	-0.265	-0.265	4.6e-10	7.2e-10	INT	SPR	2		3BT1_A_U	51
3BT1_U_TU228A	TU228A	TU226A	3BT1	3BT1_U	Q03405	0.026	0.026	4.6e-10	4.4e-10	INT	SPR	2		3BT1_A_U	51
3BT1_U_GU227A	GU227A	GU225A	3BT1	3BT1_U	Q03405	-0.712	-0.712	4.6e-10	1.53e-09	INT	SPR	2		3BT1_A_U	51
3BT1_U_TU226A	TU226A	TU224A	3BT1	3BT1_U	Q03405	0.215	0.215	4.6e-10	3.2e-10	SUR	SPR	2		3BT1_A_U	51
3BT1_U_AU225S	AU225S	AU223S	3BT1	3BT1_U	Q03405	0.234	0.234	4.6e-10	3.1e-10	INT	SPR	2		3BT1_A_U	51
3BT1_U_VU224A	VU224A	VU222A	3BT1	3BT1_U	Q03405	0.493	0.493	4.6e-10	2e-10	INT	SPR	2		3BT1_A_U	51
3BT1_U_LU223A	LU223A	LU221A	3BT1	3BT1_U	Q03405	-0.265	-0.265	4.6e-10	7.2e-10	INT	SPR	2		3BT1_A_U	51
3BT1_U_QU221A	QU221A	QU219A	3BT1	3BT1_U	Q03405	0.068	0.068	4.6e-10	4.1e-10	INT	SPR	2		3BT1_A_U	51
3BT1_U_NU220A	NU220A	NU218A	3BT1	3BT1_U	Q03405	0.179	0.179	4.6e-10	3.4e-10	SUR	SPR	2		3BT1_A_U	51
3BT1_U_MU219A	MU219A	MU217A	3BT1	3BT1_U	Q03405	-1.028	-1.028	4.6e-10	2.61e-09	INT	SPR	2		3BT1_A_U	51
3BT1_U_PU218A	PU218A	PU216A	3BT1	3BT1_U	Q03405	0.113	0.113	4.6e-10	3.8e-10	SUR	SPR	2		3BT1_A_U	51
3BT1_U_GU217A	GU217A	GU215A	3BT1	3BT1_U	Q03405	0.098	0.098	4.6e-10	3.9e-10	INT	SPR	2		3BT1_A_U	51
3BT1_U_RU216A	RU216A	RU214A	3BT1	3BT1_U	Q03405	0.026	0.026	4.6e-10	4.4e-10	INT	SPR	2		3BT1_A_U	51
3BT1_U_DU214A	DU214A	DU212A	3BT1	3BT1_U	Q03405	0.068	0.068	4.6e-10	4.1e-10	SUR	SPR	2		3BT1_A_U	51
3BT1_U_IU213A	IU213A	IU211A	3BT1	3BT1_U	Q03405	-0.147	-0.147	4.6e-10	5.9e-10	INT	SPR	2		3BT1_A_U	51
3BT1_U_LU212A	LU212A	LU210A	3BT1	3BT1_U	Q03405	0.524	0.524	4.6e-10	1.9e-10	SUR	SPR	2		3BT1_A_U	51
3BT1_U_MU246A	MU246A	MU244A	3BT1	3BT1_U	Q03405	-0.127	-0.127	4.6e-10	5.7e-10	INT	SPR	2		3BT1_A_U	51
3BT1_U_SU245A	SU245A	SU243A	3BT1	3BT1_U	Q03405	0.068	0.068	4.6e-10	4.1e-10	SUR	SPR	2		3BT1_A_U	51
3BT1_U_AU244S	AU244S	AU242S	3BT1	3BT1_U	Q03405	0.316	0.316	4.6e-10	2.7e-10	SUR	SPR	2		3BT1_A_U	51
3BT1_U_TU243A	TU243A	TU241A	3BT1	3BT1_U	Q03405	-0.35	-0.35	4.6e-10	8.3e-10	INT	SPR	2		3BT1_A_U	51
3BT1_U_AU242S	AU242S	AU240S	3BT1	3BT1_U	Q03405	0.179	0.179	4.6e-10	3.4e-10	INT	SPR	2		3BT1_A_U	51
3BT1_U_GU240A	GU240A	GU238A	3BT1	3BT1_U	Q03405	0.083	0.083	4.6e-10	4e-10	INT	SPR	2		3BT1_A_U	51
3BT1_U_RU239A	RU239A	RU237A	3BT1	3BT1_U	Q03405	-0.196	-0.196	4.6e-10	6.4e-10	INT	SPR	2		3BT1_A_U	51
3BT1_U_VU238A	VU238A	VU236A	3BT1	3BT1_U	Q03405	-0.157	-0.157	4.6e-10	6e-10	INT	SPR	2		3BT1_A_U	51
3BT1_U_MU237A	MU237A	MU235A	3BT1	3BT1_U	Q03405	-0.049	-0.049	4.6e-10	5e-10	INT	SPR	2		3BT1_A_U	51
3BT1_U_YU236A	YU236A	YU234A	3BT1	3BT1_U	Q03405	-0.186	-0.186	4.6e-10	6.3e-10	INT	SPR	2		3BT1_A_U	51
3BT1_U_SU235A	SU235A	SU233A	3BT1	3BT1_U	Q03405	0.179	0.179	4.6e-10	3.4e-10	SUR	SPR	2		3BT1_A_U	51
3BT1_U_QU234A	QU234A	QU232A	3BT1	3BT1_U	Q03405	-0.095	-0.095	4.6e-10	5.4e-10	SUR	SPR	2		3BT1_A_U	51
3BT1_U_NU233A	NU233A	NU231A	3BT1	3BT1_U	Q03405	-0.335	-0.335	4.6e-10	8.1e-10	SUR	SPR	2		3BT1_A_U	51
3BT1_U_KU232A	KU232A	KU230A	3BT1	3BT1_U	Q03405	-0.265	-0.265	4.6e-10	7.2e-10	SUR	SPR	2		3BT1_A_U	51
3BT1_U_PU231A	PU231A	PU229A	3BT1	3BT1_U	Q03405	-0.049	-0.049	4.6e-10	5e-10	SUR	SPR	2		3BT1_A_U	51
3BT1_U_EU230A	EU230A	EU228A	3BT1	3BT1_U	Q03405	-0.177	-0.177	4.6e-10	6.2e-10	RIM	SPR	2		3BT1_A_U	51
3BT1_U_VU263A	VU263A	VU261A	3BT1	3BT1_U	Q03405	-0.24	-0.24	4.6e-10	6.9e-10	INT	SPR	2		3BT1_A_U	51
3BT1_U_DU262A	DU262A	DU260A	3BT1	3BT1_U	Q03405	-0.106	-0.106	4.6e-10	5.5e-10	SUR	SPR	2		3BT1_A_U	51
3BT1_U_IU261A	IU261A	IU259A	3BT1	3BT1_U	Q03405	-0.137	-0.137	4.6e-10	5.8e-10	INT	SPR	2		3BT1_A_U	51
3BT1_U_HU260A	HU260A	HU258A	3BT1	3BT1_U	Q03405	-0.049	-0.049	4.6e-10	5e-10	SUR	SPR	2		3BT1_A_U	51
3BT1_U_NU259A	NU259A	NU257A	3BT1	3BT1_U	Q03405	0.234	0.234	4.6e-10	3.1e-10	INT	SPR	2		3BT1_A_U	51
3BT1_U_MU258A	MU258A	MU256A	3BT1	3BT1_U	Q03405	-0.739	-0.739	4.6e-10	1.6e-09	INT	SPR	2		3BT1_A_U	51
3BT1_U_SU257A	SU257A	SU255A	3BT1	3BT1_U	Q03405	-0.214	-0.214	4.6e-10	6.6e-10	RIM	SPR	2		3BT1_A_U	51
3BT1_U_FU256A	FU256A	FU254A	3BT1	3BT1_U	Q03405	-0.894	-0.894	4.6e-10	2.08e-09	INT	SPR	2		3BT1_A_U	51
3BT1_U_AU255S	AU255S	AU253S	3BT1	3BT1_U	Q03405	-0.205	-0.205	4.6e-10	6.5e-10	COR	SPR	2		3BT1_A_U	51
3BT1_U_DU254A	DU254A	DU252A	3BT1	3BT1_U	Q03405	-0.061	-0.061	4.6e-10	5.1e-10	COR	SPR	2		3BT1_A_U	51
3BT1_U_GU253A	GU253A	GU251A	3BT1	3BT1_U	Q03405	-0.177	-0.177	4.6e-10	6.2e-10	INT	SPR	2		3BT1_A_U	51
3BT1_U_LU252A	LU252A	LU250A	3BT1	3BT1_U	Q03405	-0.417	-0.417	4.6e-10	9.3e-10	INT	SPR	2		3BT1_A_U	51
3BT1_U_HU251A	HU251A	HU249A	3BT1	3BT1_U	Q03405	-0.282	-0.282	4.6e-10	7.4e-10	SUP	SPR	2		3BT1_A_U	51
3BT1_U_AU250S	AU250S	AU248S	3BT1	3BT1_U	Q03405	-0.127	-0.127	4.6e-10	5.7e-10	SUR	SPR	2		3BT1_A_U	51
3BT1_U_HU249A	HU249A	HU247A	3BT1	3BT1_U	Q03405	-0.049	-0.049	4.6e-10	5e-10	SUR	SPR	2		3BT1_A_U	51
3BT1_U_QU248A	QU248A	QU246A	3BT1	3BT1_U	Q03405	-0.46	-0.46	4.6e-10	1e-09	SUR	SPR	2		3BT1_A_U	51
3BT1_U_DU275A	DU275A	DU273A	3BT1	3BT1_U	Q03405	-0.049	-0.049	4.6e-10	5e-10	SUR	SPR	2		3BT1_A_U	51
3BT1_U_PU274A	PU274A	PU272A	3BT1	3BT1_U	Q03405	0.013	0.013	4.6e-10	4.5e-10	SUR	SPR	2		3BT1_A_U	51
3BT1_U_HU273A	HU273A	HU271A	3BT1	3BT1_U	Q03405	-0.147	-0.147	4.6e-10	5.9e-10	INT	SPR	2		3BT1_A_U	51
3BT1_U_GU270A	GU270A	GU268A	3BT1	3BT1_U	Q03405	0.294	0.294	4.6e-10	2.8e-10	INT	SPR	2		3BT1_A_U	51
3BT1_U_SU269A	SU269A	SU267A	3BT1	3BT1_U	Q03405	0.145	0.145	4.6e-10	3.6e-10	SUR	SPR	2		3BT1_A_U	51
3BT1_U_KU268A	KU268A	KU266A	3BT1	3BT1_U	Q03405	-0.095	-0.095	4.6e-10	5.4e-10	SUR	SPR	2		3BT1_A_U	51
3BT1_U_TU267A	TU267A	TU265A	3BT1	3BT1_U	Q03405	-0.061	-0.061	4.6e-10	5.1e-10	SUR	SPR	2		3BT1_A_U	51
3BT1_U_SU264A	SU264A	SU262A	3BT1	3BT1_U	Q03405	0.068	0.068	4.6e-10	4.1e-10	SUR	SPR	2		3BT1_A_U	51
1C1Y_B_RB89L	RB89L	RB35L	1C1Y	1C1Y_B	P04049	-2.62	-2.62	1.2e-06	0.0001	COR	IAFL	2		1GUA_A_B,1C1Y_A_B,4G0N_A_B,3KUD_A_B,1LFD_A_B,1K8R_A_B,1HE8_A_B	6
1C1Y_B_KB84E	KB84E	KB30E	1C1Y	1C1Y_B	P04049	-2.233	-2.233	1.2e-06	5.2e-05	RIM	IAFL	2		1GUA_A_B,1C1Y_A_B,4G0N_A_B,3KUD_A_B,1LFD_A_B,1K8R_A_B,1HE8_A_B	6
1C1Y_B_KB84A	KB84A	KB30A	1C1Y	1C1Y_B	P04049	-1.313	-1.313	1.2e-06	1.1e-05	RIM	IAFL	2		1GUA_A_B,1C1Y_A_B,4G0N_A_B,3KUD_A_B,1LFD_A_B,1K8R_A_B,1HE8_A_B	6
1C1Y_B_QB66A	QB66A	QB12A	1C1Y	1C1Y_B	P04049	-1.581	-1.581	1.2e-06	1.73e-05	COR	IAFL	2		1GUA_A_B,1C1Y_A_B,4G0N_A_B,3KUD_A_B,1LFD_A_B,1K8R_A_B,1HE8_A_B	6
1C1Y_B_RB59A	RB59A	RB5A	1C1Y	1C1Y_B	P04049	-1.907	-1.907	1.2e-06	3e-05	RIM	IAFL	2		1GUA_A_B,1C1Y_A_B,4G0N_A_B,3KUD_A_B,1LFD_A_B,1K8R_A_B,1HE8_A_B	6
1C1Y_B_RB67A	RB67A	RB13A	1C1Y	1C1Y_B	P04049	-1.456	-1.456	1.2e-06	1.4e-05	RIM	IAFL	2		1GUA_A_B,1C1Y_A_B,4G0N_A_B,3KUD_A_B,1LFD_A_B,1K8R_A_B,1HE8_A_B	6
1C1Y_B_TB68A	TB68A	TB14A	1C1Y	1C1Y_B	P04049	-1.456	-1.456	1.2e-06	1.4e-05	SUP	IAFL	2		1GUA_A_B,1C1Y_A_B,4G0N_A_B,3KUD_A_B,1LFD_A_B,1K8R_A_B,1HE8_A_B	6
1C1Y_B_KB65E	KB65E	KB11E	1C1Y	1C1Y_B	P04049	-0.891	-0.891	1.2e-06	5.4e-06	RIM	IAFL	2		1GUA_A_B,1C1Y_A_B,4G0N_A_B,3KUD_A_B,1LFD_A_B,1K8R_A_B,1HE8_A_B	6
1C1Y_B_KB65A	KB65A	KB11A	1C1Y	1C1Y_B	P04049	-1.109	-1.109	1.2e-06	7.8e-06	RIM	IAFL	2		1GUA_A_B,1C1Y_A_B,4G0N_A_B,3KUD_A_B,1LFD_A_B,1K8R_A_B,1HE8_A_B	6
1C1Y_B_VB69A	VB69A	VB15A	1C1Y	1C1Y_B	P04049	-1.124	-1.124	1.2e-06	8e-06	COR	IAFL	2		1GUA_A_B,1C1Y_A_B,4G0N_A_B,3KUD_A_B,1LFD_A_B,1K8R_A_B,1HE8_A_B	6
1C1Y_B_NB64D	NB64D	NB10D	1C1Y	1C1Y_B	P04049	-1.476	-1.476	1.2e-06	1.45e-05	RIM	IAFL	2		1GUA_A_B,1C1Y_A_B,4G0N_A_B,3KUD_A_B,1LFD_A_B,1K8R_A_B,1HE8_A_B	6
1C1Y_B_NB64A	NB64A	NB10A	1C1Y	1C1Y_B	P04049	-0.502	-0.502	1.2e-06	2.8e-06	RIM	IAFL	2		1GUA_A_B,1C1Y_A_B,4G0N_A_B,3KUD_A_B,1LFD_A_B,1K8R_A_B,1HE8_A_B	6
1C1Y_B_KB65M	KB65M	KB11M	1C1Y	1C1Y_B	P04049	-0.713	-0.713	1.2e-06	4e-06	RIM	IAFL	2		1GUA_A_B,1C1Y_A_B,4G0N_A_B,3KUD_A_B,1LFD_A_B,1K8R_A_B,1HE8_A_B	6
3M62_A_EA26A	EA26A	EA32A	3M62	3M62_A	P54860	-0.83	-0.83	7e-08	2.84e-07	RIM	ITC	2		3M62_A_B,3M63_A_B	6
3M62_A_IA104A	IA104A	IA110A	3M62	3M62_A	P54860	-1.854	-1.854	7e-08	1.6e-06	RIM	ITC	2		3M62_A_B,3M63_A_B	6
3M62_A_YA97A	YA97A	YA103A	3M62	3M62_A	P54860	-4.477	-4.477	7e-08	0.000134	SUP	ITC	2		3M62_A_B,3M63_A_B	6
3M62_A_GA96A	GA96A	GA102A	3M62	3M62_A	P54860	-1.265	-1.265	7e-08	5.92e-07	SUP	ITC	2		3M62_A_B,3M63_A_B	6
3M62_A_RA92A	RA92A	RA98A	3M62	3M62_A	P54860	-0.789	-0.789	7e-08	2.65e-07	RIM	ITC	2		3M62_A_B,3M63_A_B	6
3M62_A_EA49A	EA49A	EA55A	3M62	3M62_A	P54860	-1.052	-1.052	7e-08	4.13e-07	RIM	ITC	2		3M62_A_B,3M63_A_B	6
3M62_A_TA48A	TA48A	TA54A	3M62	3M62_A	P54860	-0.017	-0.017	7e-08	7.2e-08	COR	ITC	2		3M62_A_B,3M63_A_B	6
3M62_A_LA44A	LA44A	LA50A	3M62	3M62_A	P54860	-2.829	-2.829	7e-08	8.3e-06	COR	ITC	2		3M62_A_B,3M63_A_B	6
3M62_A_DA40A	DA40A	DA46A	3M62	3M62_A	P54860	-2.8	-2.8	7e-08	7.9e-06	COR	ITC	2		3M62_A_B,3M63_A_B	6
1GRN_A_DA38E	DA38E	DA38E	1GRN	1GRN_A	P60953	-0.39	-0.39	2.9e-06	5.6e-06	SUR	FL	1		1GRN_A_B,3EG5_A_B	6
5XCO_B_DB12A	DB12A	DB12A	5XCO	5XCO_B	Not Mapped	-2.797	-2.797	8.9e-09	1e-06	COR	SPR	2		5XCO_A_B,5TAR_A_B,2A9K_A_B	6
5XCO_B_YB11A	YB11A	YB11A	5XCO	5XCO_B	Not Mapped	-1.9	-1.9	8.9e-09	2.2e-07	RIM	SPR	2		5XCO_A_B,5TAR_A_B,2A9K_A_B	6
5XCO_B_SB10A	SB10A	SB10A	5XCO	5XCO_B	Not Mapped	-1.286	-1.286	8.9e-09	7.8e-08	COR	SPR	2		5XCO_A_B,5TAR_A_B,2A9K_A_B	6
5XCO_B_IB9A	IB9A	IB9A	5XCO	5XCO_B	Not Mapped	-2.797	-2.797	8.9e-09	1e-06	COR	SPR	2		5XCO_A_B,5TAR_A_B,2A9K_A_B	6
5XCO_B_YB8A	YB8A	YB8A	5XCO	5XCO_B	Not Mapped	-1.364	-1.364	8.9e-09	8.9e-08	COR	SPR	2		5XCO_A_B,5TAR_A_B,2A9K_A_B	6
5XCO_B_LB7A	LB7A	LB7A	5XCO	5XCO_B	Not Mapped	-2.748	-2.748	8.9e-09	9.2e-07	COR	SPR	2		5XCO_A_B,5TAR_A_B,2A9K_A_B	6
5XCO_B_PB6A	PB6A	PB6A	5XCO	5XCO_B	Not Mapped	-1.079	-1.079	8.9e-09	5.5e-08	COR	SPR	2		5XCO_A_B,5TAR_A_B,2A9K_A_B	6
5XCO_B_VB14A	VB14A	VB14A	5XCO	5XCO_B	Not Mapped	0.0	0.0	8.9e-09	8.9e-09	COR	SPR	2		5XCO_A_B,5TAR_A_B,2A9K_A_B	6
5XCO_B_PB13A	PB13A	PB13A	5XCO	5XCO_B	Not Mapped	-0.635	-0.635	8.9e-09	2.6e-08	RIM	SPR	2		5XCO_A_B,5TAR_A_B,2A9K_A_B	6
1C1Y_A_KA31E	KA31E	KA31E	1C1Y	1C1Y_A	P62834	1.775	1.775	1.2e-06	6e-08	SUR	IAFL	2		1GUA_A_B,1C1Y_A_B,4G0N_A_B,3KUD_A_B,1LFD_A_B,1K8R_A_B,1HE8_A_B	6
1C1Y_A_DA38A	DA38A	DA38A	1C1Y	1C1Y_A	P62834	-2.62	-2.62	1.2e-06	0.0001	COR	IAFL	2		1GUA_A_B,1C1Y_A_B,4G0N_A_B,3KUD_A_B,1LFD_A_B,1K8R_A_B,1HE8_A_B	6
1GUA_A_SA39A	SA39A	SA39A	1GUA	1GUA_A	P62834	-1.4	-1.4	4.93e-07	5.24e-06	COR	ITC	2		1GUA_A_B,1C1Y_A_B,4G0N_A_B,3KUD_A_B,1LFD_A_B,1K8R_A_B,1HE8_A_B	6
1GUA_A_EA37A	EA37A	EA37A	1GUA	1GUA_A	P62834	-1.301	-1.301	4.93e-07	4.43e-06	COR	ITC	2		1GUA_A_B,1C1Y_A_B,4G0N_A_B,3KUD_A_B,1LFD_A_B,1K8R_A_B,1HE8_A_B	6
1GUA_A_DA30E	DA30E	DA30E	1GUA	1GUA_A	P62834	-0.24	-0.24	4e-08	6e-08	SUR	IAFL	2		1GUA_A_B,1C1Y_A_B,4G0N_A_B,3KUD_A_B,1LFD_A_B,1K8R_A_B,1HE8_A_B	6
4G0N_B_RB59A	RB59A	RB6A	4G0N	4G0N_B	P04049	-1.646	-1.646,-1.646,-1.646	8.02e-08,1.18e-08,8e-08	1.29e-06,1.2e-06,2.5e-06	RIM	ITC,IAFL	2		4G0N_A_B,3KUD_A_B,1LFD_A_B,1GUA_A_B,1C1Y_A_B,1K8R_A_B,1HE8_A_B,1E96_A_B	6
4G0N_B_KB84A	KB84A	KB31A	4G0N	4G0N_B	P04049	-2.13	-2.13,-2.13,-2.13	8.02e-08,1.18e-08,8e-08	2.92e-06,5e-06,2.5e-06	RIM	ITC,IAFL	2		4G0N_A_B,3KUD_A_B,1LFD_A_B,1GUA_A_B,1C1Y_A_B,1K8R_A_B,1HE8_A_B,1E96_A_B	6
4G0N_B_RB67A	RB67A	RB14A	4G0N	4G0N_B	P04049	-1.937	-1.937,-1.937,-1.937	8.02e-08,1.18e-08,8e-08	2.11e-06,6e-07,1e-06	RIM	ITC,IAFL	2		4G0N_A_B,3KUD_A_B,1LFD_A_B,1GUA_A_B,1C1Y_A_B,1K8R_A_B,1HE8_A_B,1E96_A_B	6
4G0N_B_VB69A	VB69A	VB16A	4G0N	4G0N_B	P04049	-0.968	-0.968,-0.968,-0.968	8.02e-08,1.18e-08,8e-08	4.11e-07,2.5e-07,2.56e-07	COR	ITC,IAFL	2		4G0N_A_B,3KUD_A_B,1LFD_A_B,1GUA_A_B,1C1Y_A_B,1K8R_A_B,1HE8_A_B,1E96_A_B	6
4G0N_B_NB64A	NB64A	NB11A	4G0N	4G0N_B	P04049	-0.097	-0.097,-0.097,-0.097	8.02e-08,1.18e-08,8e-08	9.45e-08,1.5e-07,1.67e-07	RIM	ITC,IAFL	2		4G0N_A_B,3KUD_A_B,1LFD_A_B,1GUA_A_B,1C1Y_A_B,1K8R_A_B,1HE8_A_B,1E96_A_B	6
4G0N_B_VB88A	VB88A	VB35A	4G0N	4G0N_B	P04049	-0.097	-0.097,-0.097	8.02e-08,8e-08	9.45e-08,6.67e-08	COR	ITC	2		4G0N_A_B,3KUD_A_B,1LFD_A_B,1GUA_A_B,1C1Y_A_B,1K8R_A_B,1HE8_A_B,1E96_A_B	6
4G0N_B_TB68A	TB68A	TB15A	4G0N	4G0N_B	P04049	-1.453	-1.453,-1.453	8.02e-08,1.18e-08	9.31e-07,4.5e-07	SUP	ITC,IAFL	2		4G0N_A_B,3KUD_A_B,1LFD_A_B,1GUA_A_B,1C1Y_A_B,1K8R_A_B,1HE8_A_B,1E96_A_B	6
4G0N_B_QB66A	QB66A	QB13A	4G0N	4G0N_B	P04049	-1.646	-1.646,-1.646	8.02e-08,1.18e-08	1.29e-06,1.3e-06	COR	ITC,IAFL	2		4G0N_A_B,3KUD_A_B,1LFD_A_B,1GUA_A_B,1C1Y_A_B,1K8R_A_B,1HE8_A_B,1E96_A_B	6
4G0N_B_AB85K	AB85K	AB32K	4G0N	4G0N_B	P04049	1.109	1.109	1.3e-07	2e-08	SUP	IAFL	2		4G0N_A_B,3KUD_A_B,1LFD_A_B,1GUA_A_B,1C1Y_A_B,1K8R_A_B,1HE8_A_B,1E96_A_B	6
4G0N_B_NB71R	NB71R	NB18R	4G0N	4G0N_B	P04049	0.698	0.698	1.3e-07	4e-08	RIM	IAFL	2		4G0N_A_B,3KUD_A_B,1LFD_A_B,1GUA_A_B,1C1Y_A_B,1K8R_A_B,1HE8_A_B,1E96_A_B	6
4G0N_B_VB88I	VB88I	VB35I	4G0N	4G0N_B	P04049	-0.552	-0.552	1.3e-07	3.3e-07	COR	IAFL	2		4G0N_A_B,3KUD_A_B,1LFD_A_B,1GUA_A_B,1C1Y_A_B,1K8R_A_B,1HE8_A_B,1E96_A_B	6
4G0N_B_FB61W	FB61W	FB8W	4G0N	4G0N_B	P04049	-0.603	-0.603	1.3e-07	3.6e-07	SUR	IAFL	2		4G0N_A_B,3KUD_A_B,1LFD_A_B,1GUA_A_B,1C1Y_A_B,1K8R_A_B,1HE8_A_B,1E96_A_B	6
4G0N_B_KB65A	KB65A	KB12A	4G0N	4G0N_B	P04049	-1.832	-1.832	1.18e-08	2.6e-07	RIM	IAFL	2		4G0N_A_B,3KUD_A_B,1LFD_A_B,1GUA_A_B,1C1Y_A_B,1K8R_A_B,1HE8_A_B,1E96_A_B	6
4G0N_B_NB64D	NB64D	NB11D	4G0N	4G0N_B	P04049	-1.809	-1.809	1.18e-08	2.5e-07	RIM	IAFL	2		4G0N_A_B,3KUD_A_B,1LFD_A_B,1GUA_A_B,1C1Y_A_B,1K8R_A_B,1HE8_A_B,1E96_A_B	6
4G0N_B_KB65M	KB65M	KB12M	4G0N	4G0N_B	P04049	-1.323	-1.323	1.18e-08	1.1e-07	RIM	IAFL	2		4G0N_A_B,3KUD_A_B,1LFD_A_B,1GUA_A_B,1C1Y_A_B,1K8R_A_B,1HE8_A_B,1E96_A_B	6
4G0N_B_RB89L	RB89L	RB36L	4G0N	4G0N_B	P04049	-5.359	-5.359	1.18e-08	0.0001	COR	IAFL	2		4G0N_A_B,3KUD_A_B,1LFD_A_B,1GUA_A_B,1C1Y_A_B,1K8R_A_B,1HE8_A_B,1E96_A_B	6
4G0N_B_KB84E	KB84E	KB31E	4G0N	4G0N_B	P04049	-5.066	-5.066	1.18e-08	6.1e-05	RIM	IAFL	2		4G0N_A_B,3KUD_A_B,1LFD_A_B,1GUA_A_B,1C1Y_A_B,1K8R_A_B,1HE8_A_B,1E96_A_B	6
4G0N_B_KB65E	KB65E	KB12E	4G0N	4G0N_B	P04049	-1.917	-1.917	1.18e-08	3e-07	RIM	IAFL	2		4G0N_A_B,3KUD_A_B,1LFD_A_B,1GUA_A_B,1C1Y_A_B,1K8R_A_B,1HE8_A_B,1E96_A_B	6
1LFD_A_EA57A	EA57A	EA44A	1LFD	1LFD_A	Q03386	0.401	0.401,0.401,0.401,0.401	1.15e-06,1.94e-06,6.91e-07,1.21e-06	5.84e-07,1.28e-06,5.84e-07,1.67e-06	SUR	ITC,SFFL,IAFL	1		1LFD_A_B,4G0N_A_B,3KUD_A_B,1K8R_A_B,1HE8_A_B,1GUA_A_B,1C1Y_A_B	6
1LFD_A_KA48A	KA48A	KA35A	1LFD	1LFD_A	Q03386	-0.297	-0.297,-0.297,-0.297,-0.297	1.15e-06,1.94e-06,6.91e-07,1.21e-06	1.9e-06,3e-06,1.15e-06,3.19e-06	SUR	ITC,SFFL,IAFL	1		1LFD_A_B,4G0N_A_B,3KUD_A_B,1K8R_A_B,1HE8_A_B,1GUA_A_B,1C1Y_A_B	6
1LFD_A_DA51A	DA51A	DA38A	1LFD	1LFD_A	Q03386	0.601	0.601,0.601,0.601,0.601	1.15e-06,1.94e-06,6.91e-07,1.21e-06	4.17e-07,7.3e-07,4.17e-07,7.41e-07	RIM	ITC,SFFL,IAFL	1		1LFD_A_B,4G0N_A_B,3KUD_A_B,1K8R_A_B,1HE8_A_B,1GUA_A_B,1C1Y_A_B	6
1LFD_A_KA52A	KA52A	KA39A	1LFD	1LFD_A	Q03386	-1.8	-1.8,-1.8,-1.8,-1.8	1.15e-06,1.94e-06,6.91e-07,1.21e-06	2.4e-05,1.42e-05,3.98e-05,0.000217	COR	ITC,SFFL,IAFL	1		1LFD_A_B,4G0N_A_B,3KUD_A_B,1K8R_A_B,1HE8_A_B,1GUA_A_B,1C1Y_A_B	6
1LFD_A_RA20A	RA20A	RA7A	1LFD	1LFD_A	Q03386	-1.599	-1.599,-1.599,-1.599,-1.599	1.15e-06,1.94e-06,6.91e-07,1.21e-06	1.71e-05,1.32e-05,2.84e-05,5.92e-05	RIM	ITC,SFFL,IAFL	1		1LFD_A_B,4G0N_A_B,3KUD_A_B,1K8R_A_B,1HE8_A_B,1GUA_A_B,1C1Y_A_B	6
1LFD_A_KA32A	KA32A	KA19A	1LFD	1LFD_A	Q03386	-1.497	-1.497,-1.497,-1.497,-1.497	1.15e-06,1.94e-06,6.91e-07,1.21e-06	1.44e-05,1.82e-05,1.44e-05,0.000217	COR	ITC,SFFL,IAFL	1		1LFD_A_B,4G0N_A_B,3KUD_A_B,1K8R_A_B,1HE8_A_B,1GUA_A_B,1C1Y_A_B	6
1LFD_A_YA31F	YA31F	YA18F	1LFD	1LFD_A	Q03386	-1.0	-1.0,-1.0	6.91e-07,1.21e-06	3.74e-06,1.9e-05	COR	ITC,IAFL	2		1LFD_A_B,4G0N_A_B,3KUD_A_B,1K8R_A_B,1HE8_A_B,1GUA_A_B,1C1Y_A_B	6
1LFD_A_NA27K	NA27K	NA14K	1LFD	1LFD_A	Q03386	-0.398	-0.398,-0.398	1.15e-06,1.94e-06	2.25e-06,3.83e-06	RIM	ITC,SFFL	1		1LFD_A_B,4G0N_A_B,3KUD_A_B,1K8R_A_B,1HE8_A_B,1GUA_A_B,1C1Y_A_B	6
1LFD_A_MA30K	MA30K	MA17K	1LFD	1LFD_A	Q03386	0.401	0.401,0.401	1.15e-06,1.94e-06	5.84e-07,4.1e-07	RIM	ITC,SFFL	1		1LFD_A_B,4G0N_A_B,3KUD_A_B,1K8R_A_B,1HE8_A_B,1GUA_A_B,1C1Y_A_B	6
1LFD_A_LA23K	LA23K	LA10K	1LFD	1LFD_A	Q03386	0.502	0.502,0.502	1.15e-06,1.94e-06	4.93e-07,1.89e-06	INT	ITC,SFFL	1		1LFD_A_B,4G0N_A_B,3KUD_A_B,1K8R_A_B,1HE8_A_B,1GUA_A_B,1C1Y_A_B	6
1LFD_A_SA22K	SA22K	SA9K	1LFD	1LFD_A	Q03386	-0.898	-0.898,-0.898	1.15e-06,1.94e-06	5.24e-06,1.59e-06	INT	ITC,SFFL	1		1LFD_A_B,4G0N_A_B,3KUD_A_B,1K8R_A_B,1HE8_A_B,1GUA_A_B,1C1Y_A_B	6
1LFD_A_DA94K	DA94K	DA81K	1LFD	1LFD_A	Q03386	0.902	0.902,0.902	1.15e-06,1.94e-06	2.51e-07,2.8e-07	SUR	ITC,SFFL	1		1LFD_A_B,4G0N_A_B,3KUD_A_B,1K8R_A_B,1HE8_A_B,1GUA_A_B,1C1Y_A_B	6
1LFD_A_YA93K	YA93K	YA80K	1LFD	1LFD_A	Q03386	-0.199	-0.199,-0.199	1.15e-06,1.94e-06	1.61e-06,2.21e-06	SUR	ITC,SFFL	1		1LFD_A_B,4G0N_A_B,3KUD_A_B,1K8R_A_B,1HE8_A_B,1GUA_A_B,1C1Y_A_B	6
1LFD_A_NA92K	NA92K	NA79K	1LFD	1LFD_A	Q03386	0.401	0.401,0.401	1.15e-06,1.94e-06	5.84e-07,7.5e-07	SUR	ITC,SFFL	1		1LFD_A_B,4G0N_A_B,3KUD_A_B,1K8R_A_B,1HE8_A_B,1GUA_A_B,1C1Y_A_B	6
1LFD_A_DA58K	DA58K	DA45K	1LFD	1LFD_A	Q03386	0.502	0.502,0.502	1.15e-06,1.94e-06	4.93e-07,4.2e-07	SUR	ITC,SFFL	1		1LFD_A_B,4G0N_A_B,3KUD_A_B,1K8R_A_B,1HE8_A_B,1GUA_A_B,1C1Y_A_B	6
1LFD_A_NA29A	NA29A	NA16A	1LFD	1LFD_A	Q03386	-0.302	-0.302,-0.302	6.91e-07,1.21e-06	1.15e-06,3.75e-06	COR	ITC,IAFL	2		1LFD_A_B,4G0N_A_B,3KUD_A_B,1K8R_A_B,1HE8_A_B,1GUA_A_B,1C1Y_A_B	6
1LFD_A_NA27A	NA27A	NA14A	1LFD	1LFD_A	Q03386	-1.0	-1.0,-1.0	6.91e-07,1.21e-06	3.74e-06,5.19e-06	RIM	ITC,IAFL	2		1LFD_A_B,4G0N_A_B,3KUD_A_B,1K8R_A_B,1HE8_A_B,1GUA_A_B,1C1Y_A_B	6
1LFD_A_IA18A	IA18A	IA5A	1LFD	1LFD_A	Q03386	-1.0	-1.0,-1.0	6.91e-07,1.21e-06	3.74e-06,2.63e-05	RIM	ITC,IAFL	2		1LFD_A_B,4G0N_A_B,3KUD_A_B,1K8R_A_B,1HE8_A_B,1GUA_A_B,1C1Y_A_B	6
1LFD_A_HA53A	HA53A	HA40A	1LFD	1LFD_A	Q03386	-1.0	-1.0,-1.0	6.91e-07,1.21e-06	3.74e-06,3.09e-05	INT	ITC,IAFL	2		1LFD_A_B,4G0N_A_B,3KUD_A_B,1K8R_A_B,1HE8_A_B,1GUA_A_B,1C1Y_A_B	6
1LFD_A_SA33A	SA33A	SA20A	1LFD	1LFD_A	Q03386	-0.801	-0.801,-0.801	6.91e-07,1.21e-06	2.67e-06,7.18e-06	COR	ITC,IAFL	2		1LFD_A_B,4G0N_A_B,3KUD_A_B,1K8R_A_B,1HE8_A_B,1GUA_A_B,1C1Y_A_B	6
1LFD_A_DA51K	DA51K	DA38K	1LFD	1LFD_A	Q03386	0.902	0.902,0.902	1.15e-06,1.94e-06	2.51e-07,3.1e-07	RIM	ITC,SFFL	1		1LFD_A_B,4G0N_A_B,3KUD_A_B,1K8R_A_B,1HE8_A_B,1GUA_A_B,1C1Y_A_B	6
1LFD_A_EA57K	EA57K	EA44K	1LFD	1LFD_A	Q03386	0.101	0.101,0.101	1.15e-06,1.94e-06	9.69e-07,1.2e-06	SUR	ITC,SFFL	1		1LFD_A_B,4G0N_A_B,3KUD_A_B,1K8R_A_B,1HE8_A_B,1GUA_A_B,1C1Y_A_B	6
1LFD_A_DA56A	DA56A	DA43A	1LFD	1LFD_A	Q03386	0.401	0.401,0.401	1.15e-06,1.94e-06	5.84e-07,1.21e-06	RIM	ITC,SFFL	1		1LFD_A_B,4G0N_A_B,3KUD_A_B,1K8R_A_B,1HE8_A_B,1GUA_A_B,1C1Y_A_B	6
1LFD_A_LA55K	LA55K	LA42K	1LFD	1LFD_A	Q03386	0.0	0.0,0.0	1.15e-06,1.94e-06	1.15e-06,7.4e-07	INT	ITC,SFFL	1		1LFD_A_B,4G0N_A_B,3KUD_A_B,1K8R_A_B,1HE8_A_B,1GUA_A_B,1C1Y_A_B	6
1LFD_A_NA54K	NA54K	NA41K	1LFD	1LFD_A	Q03386	0.101	0.101,0.101	1.15e-06,1.94e-06	9.69e-07,2.7e-07	RIM	ITC,SFFL	1		1LFD_A_B,4G0N_A_B,3KUD_A_B,1K8R_A_B,1HE8_A_B,1GUA_A_B,1C1Y_A_B	6
1LFD_A_YA31A	YA31A	YA18A	1LFD	1LFD_A	Q03386	-3.459	-3.459	1.21e-06	0.000415	COR	IAFL	2		1LFD_A_B,4G0N_A_B,3KUD_A_B,1K8R_A_B,1HE8_A_B,1GUA_A_B,1C1Y_A_B	6
3M63_A_FA107A	FA107A	FA113A	3M63	3M63_A	P54860	-1.792	-1.792	1.75e-07	3.6e-06	SUP	ITC	2		3M63_A_B,3M62_A_B,1S1Q_A_B,1XD3_A_B,2OOB_A_B	6
3M63_A_IA104A	IA104A	IA110A	3M63	3M63_A	P54860	-1.089	-1.089	1.75e-07	1.1e-06	COR	ITC	2		3M63_A_B,3M62_A_B,1S1Q_A_B,1XD3_A_B,2OOB_A_B	6
3M63_A_VA100A	VA100A	VA106A	3M63	3M63_A	P54860	-1.839	-1.839	1.75e-07	3.9e-06	SUP	ITC	2		3M63_A_B,3M62_A_B,1S1Q_A_B,1XD3_A_B,2OOB_A_B	6
3M63_A_YA97A	YA97A	YA103A	3M63	3M63_A	P54860	-3.651	-3.651	1.75e-07	8.3e-05	SUP	ITC	2		3M63_A_B,3M62_A_B,1S1Q_A_B,1XD3_A_B,2OOB_A_B	6
3M63_A_GA96A	GA96A	GA102A	3M63	3M63_A	P54860	-0.125	-0.125	1.75e-07	2.16e-07	SUP	ITC	2		3M63_A_B,3M62_A_B,1S1Q_A_B,1XD3_A_B,2OOB_A_B	6
3M63_A_RA92A	RA92A	RA98A	3M63	3M63_A	P54860	0.185	0.185	1.75e-07	1.28e-07	RIM	ITC	2		3M63_A_B,3M62_A_B,1S1Q_A_B,1XD3_A_B,2OOB_A_B	6
3M63_A_EA49A	EA49A	EA55A	3M63	3M63_A	P54860	-0.346	-0.346	1.75e-07	3.14e-07	RIM	ITC	2		3M63_A_B,3M62_A_B,1S1Q_A_B,1XD3_A_B,2OOB_A_B	6
3M63_A_TA48A	TA48A	TA54A	3M63	3M63_A	P54860	-0.311	-0.311	1.75e-07	2.96e-07	COR	ITC	2		3M63_A_B,3M62_A_B,1S1Q_A_B,1XD3_A_B,2OOB_A_B	6
3M63_A_LA44A	LA44A	LA50A	3M63	3M63_A	P54860	-0.576	-0.576	1.75e-07	4.63e-07	COR	ITC	2		3M63_A_B,3M62_A_B,1S1Q_A_B,1XD3_A_B,2OOB_A_B	6
3M63_A_DA40A	DA40A	DA46A	3M63	3M63_A	P54860	-2.234	-2.234	1.75e-07	7.6e-06	COR	ITC	2		3M63_A_B,3M62_A_B,1S1Q_A_B,1XD3_A_B,2OOB_A_B	6
3M63_A_EA27A	EA27A	EA33A	3M63	3M63_A	P54860	-0.646	-0.646	1.75e-07	5.21e-07	SUR	ITC	2		3M63_A_B,3M62_A_B,1S1Q_A_B,1XD3_A_B,2OOB_A_B	6
4G0N_A_TA35A	TA35A	TA35A	4G0N	4G0N_A	P01112	-2.629	-2.629,-2.629	1.3e-07,5e-08	1.1e-05,7.2e-06	INT	IAFL,SFFL	2		4G0N_A_B,3KUD_A_B,1LFD_A_B,1GUA_A_B,1C1Y_A_B,1K8R_A_B,1HE8_A_B,1E96_A_B	6
4G0N_A_EA31A	EA31A	EA31A	4G0N	4G0N_A	P01112	-0.486	-0.486,-0.486	8.02e-08,8e-08	1.82e-07,8.33e-07	RIM	ITC	2		4G0N_A_B,3KUD_A_B,1LFD_A_B,1GUA_A_B,1C1Y_A_B,1K8R_A_B,1HE8_A_B,1E96_A_B	6
4G0N_A_RA41A	RA41A	RA41A	4G0N	4G0N_A	P01112	0.581	0.581,0.581	8.02e-08,8e-08	3.01e-08,6.67e-08	COR	ITC	2		4G0N_A_B,3KUD_A_B,1LFD_A_B,1GUA_A_B,1C1Y_A_B,1K8R_A_B,1HE8_A_B,1E96_A_B	6
4G0N_A_DA38A	DA38A	DA38A	4G0N	4G0N_A	P01112	-3.194	-3.194,-3.194	8.02e-08,1.8e-08	1.76e-05,1.3e-06	COR	ITC,IAFL	2		4G0N_A_B,3KUD_A_B,1LFD_A_B,1GUA_A_B,1C1Y_A_B,1K8R_A_B,1HE8_A_B,1E96_A_B	6
4G0N_A_DA33A	DA33A	DA33A	4G0N	4G0N_A	P01112	-1.065	-1.065,-1.065	8.02e-08,8e-08	4.84e-07,2.56e-07	RIM	ITC	2		4G0N_A_B,3KUD_A_B,1LFD_A_B,1GUA_A_B,1C1Y_A_B,1K8R_A_B,1HE8_A_B,1E96_A_B	6
4G0N_A_VA45A	VA45A	VA45A	4G0N	4G0N_A	P01112	0.291	0.291	8.02e-08	4.91e-08	SUR	ITC	2		4G0N_A_B,3KUD_A_B,1LFD_A_B,1GUA_A_B,1C1Y_A_B,1K8R_A_B,1HE8_A_B,1E96_A_B	6
4G0N_A_SA39A	SA39A	SA39A	4G0N	4G0N_A	P01112	-0.291	-0.291	8.02e-08	1.31e-07	COR	ITC	2		4G0N_A_B,3KUD_A_B,1LFD_A_B,1GUA_A_B,1C1Y_A_B,1K8R_A_B,1HE8_A_B,1E96_A_B	6
4G0N_A_EA37A	EA37A	EA37A	4G0N	4G0N_A	P01112	-1.743	-1.743	8.02e-08	1.52e-06	RIM	ITC	2		4G0N_A_B,3KUD_A_B,1LFD_A_B,1GUA_A_B,1C1Y_A_B,1K8R_A_B,1HE8_A_B,1E96_A_B	6
4G0N_A_IA36A	IA36A	IA36A	4G0N	4G0N_A	P01112	-1.743	-1.743	8.02e-08	1.52e-06	RIM	ITC	2		4G0N_A_B,3KUD_A_B,1LFD_A_B,1GUA_A_B,1C1Y_A_B,1K8R_A_B,1HE8_A_B,1E96_A_B	6
4G0N_A_HA27A	HA27A	HA27A	4G0N	4G0N_A	P01112	0.291	0.291	8.02e-08	4.91e-08	RIM	ITC	2		4G0N_A_B,3KUD_A_B,1LFD_A_B,1GUA_A_B,1C1Y_A_B,1K8R_A_B,1HE8_A_B,1E96_A_B	6
4G0N_A_IA21A	IA21A	IA21A	4G0N	4G0N_A	P01112	-0.871	-0.871	8.02e-08	3.49e-07	SUP	ITC	2		4G0N_A_B,3KUD_A_B,1LFD_A_B,1GUA_A_B,1C1Y_A_B,1K8R_A_B,1HE8_A_B,1E96_A_B	6
4G0N_A_TA35S	TA35S	TA35S	4G0N	4G0N_A	P01112	-2.214	-2.214	5e-08	2.1e-06	INT	SFFL	2		4G0N_A_B,3KUD_A_B,1LFD_A_B,1GUA_A_B,1C1Y_A_B,1K8R_A_B,1HE8_A_B,1E96_A_B	6
2REX_B_YB114F	YB114F	YB97F	2REX	2REX_B	Q92730	0.0	0.0	5.5e-06	5.5e-06	RIM	ITC	2		2REX_A_B,3Q3J_A_B,3EG5_A_B	6
3KUD_A_TA35A	TA35A	TA35A	3KUD	3KUD_A	P01112	-1.991	-1.991	1.7e-06	4.9e-05	INT	IAFL	2		4G0N_A_B,3KUD_A_B,1LFD_A_B,1GUA_A_B,1C1Y_A_B,1K8R_A_B,1HE8_A_B,1E96_A_B	6
1XD3_B_IB44A	IB44A	IB44A	1XD3	1XD3_B	P0CG48	-0.266	-0.266	3e-07	4.7e-07	SUP	IARA	1		1XD3_A_B,2OOB_A_B,3M63_A_B	6
1XD3_B_RB74L	RB74L	RB74L	1XD3	1XD3_B	P0CG48	-2.378	-2.378	3e-07	1.66e-05	COR	IARA	1		1XD3_A_B,2OOB_A_B,3M63_A_B	6
1XD3_B_RB72L	RB72L	RB72L	1XD3	1XD3_B	P0CG48	-1.302	-1.302	3e-07	2.7e-06	COR	IARA	1		1XD3_A_B,2OOB_A_B,3M63_A_B	6
1XD3_B_HB68N	HB68N	HB68N	1XD3	1XD3_B	P0CG48	0.0	0.0	3e-07	3e-07	COR	IARA	1		1XD3_A_B,2OOB_A_B,3M63_A_B	6
1XD3_B_RB54L	RB54L	RB54L	1XD3	1XD3_B	P0CG48	-0.869	-0.869	3e-07	1.3e-06	SUR	IARA	1		1XD3_A_B,2OOB_A_B,3M63_A_B	6
1XD3_B_RB42L	RB42L	RB42L	1XD3	1XD3_B	P0CG48	0.862	0.862	3e-07	7e-08	SUP	IARA	1		1XD3_A_B,2OOB_A_B,3M63_A_B	6
1XD3_B_KB27A	KB27A	KB27A	1XD3	1XD3_B	P0CG48	0.062	0.062	3e-07	2.7e-07	SUP	IARA	1		1XD3_A_B,2OOB_A_B,3M63_A_B	6
1XD3_B_KB33R	KB33R	KB33R	1XD3	1XD3_B	P0CG48	0.0	0.0	3e-07	3e-07	SUR	IARA	1		1XD3_A_B,2OOB_A_B,3M63_A_B	6
1XD3_B_KB27R	KB27R	KB27R	1XD3	1XD3_B	P0CG48	-0.266	-0.266	3e-07	4.7e-07	SUP	IARA	1		1XD3_A_B,2OOB_A_B,3M63_A_B	6
1XD3_B_KB11R	KB11R	KB11R	1XD3	1XD3_B	P0CG48	-1.402	-1.402	3e-07	3.2e-06	RIM	IARA	1		1XD3_A_B,2OOB_A_B,3M63_A_B	6
1XD3_B_LB8A	LB8A	LB8A	1XD3	1XD3_B	P0CG48	-2.677	-2.677	3e-07	2.75e-05	COR	IARA	1		1XD3_A_B,2OOB_A_B,3M63_A_B	6
1XD3_B_KB6R	KB6R	KB6R	1XD3	1XD3_B	P0CG48	-0.303	-0.303	3e-07	5e-07	RIM	IARA	1		1XD3_A_B,2OOB_A_B,3M63_A_B	6
1XD3_B_DB58A	DB58A	DB58A	1XD3	1XD3_B	P0CG48	0.24	0.24	3e-07	2e-07	SUR	IARA	1		1XD3_A_B,2OOB_A_B,3M63_A_B	6
1XD3_B_DB52A	DB52A	DB52A	1XD3	1XD3_B	P0CG48	0.24	0.24	3e-07	2e-07	SUR	IARA	1		1XD3_A_B,2OOB_A_B,3M63_A_B	6
1XD3_B_EB51A	EB51A	EB51A	1XD3	1XD3_B	P0CG48	-1.535	-1.535	3e-07	4e-06	SUR	IARA	1		1XD3_A_B,2OOB_A_B,3M63_A_B	6
1XD3_B_DB39A	DB39A	DB39A	1XD3	1XD3_B	P0CG48	0.411	0.411	3e-07	1.5e-07	RIM	IARA	1		1XD3_A_B,2OOB_A_B,3M63_A_B	6
1XD3_B_EB24A	EB24A	EB24A	1XD3	1XD3_B	P0CG48	0.24	0.24	3e-07	2e-07	SUR	IARA	1		1XD3_A_B,2OOB_A_B,3M63_A_B	6
1XD3_B_KB6A	KB6A	KB6A	1XD3	1XD3_B	P0CG48	-1.344	-1.344	3e-07	2.9e-06	RIM	IARA	1		1XD3_A_B,2OOB_A_B,3M63_A_B	6
2REX_A_LA1815Y	LA1815Y	LA70Y	2REX	2REX_A	O43157	-0.558	-0.558	5.5e-06	1.41e-05	COR	ITC	2		2REX_A_B,3Q3J_A_B,3EG5_A_B	6
3Q3J_B_YB114F	YB114F	YB100F	3Q3J	3Q3J_B	Q92730	-0.211	-0.211	7e-06	1e-05	RIM	ITC	2		3Q3J_A_B,2REX_A_B,3EG5_A_B	6
1E96_A_DA38N	DA38N	DA38N	1E96	1E96_A	P63000	-2.202	-2.202	1.24e-07	5.1e-06	SUR	FL	1		1E96_A_B,4G0N_A_B,3KUD_A_B	6
1E96_A_IA33N	IA33N	IA33N	1E96	1E96_A	P63000	-2.043	-2.043	1.24e-07	3.9e-06	RIM	FL	1		1E96_A_B,4G0N_A_B,3KUD_A_B	6
1E96_A_NA26H	NA26H	NA26H	1E96	1E96_A	P63000	-1.105	-1.105	1.24e-07	8e-07	COR	FL	1		1E96_A_B,4G0N_A_B,3KUD_A_B	6
1E96_A_LA134R	LA134R	LA134R	1E96	1E96_A	P63000	0.127	0.127	1.24e-07	1e-07	SUR	FL	1		1E96_A_B,4G0N_A_B,3KUD_A_B	6
1E96_A_KA132E	KA132E	KA132E	1E96	1E96_A	P63000	0.19	0.19	1.24e-07	9e-08	SUR	FL	1		1E96_A_B,4G0N_A_B,3KUD_A_B	6
1E96_A_MA45T	MA45T	MA45T	1E96	1E96_A	P63000	-0.366	-0.366	1.24e-07	2.3e-07	SUR	FL	1		1E96_A_B,4G0N_A_B,3KUD_A_B	6
1LFD_B_DB238A	DB238A	DB38A	1LFD	1LFD_B	P01112	-3.747	-3.747,-3.747	1.21e-06,1e-06	0.000675,0.0001	COR	IAFL	2		1LFD_A_B,4G0N_A_B,3KUD_A_B,1K8R_A_B,1HE8_A_B,1GUA_A_B,1C1Y_A_B	6
1LFD_B_RB241A	RB241A	RB41A	1LFD	1LFD_B	P01112	-0.901	-0.901,-0.901	6.91e-07,1.21e-06	3.16e-06,4.41e-06	RIM	ITC,IAFL	2		1LFD_A_B,4G0N_A_B,3KUD_A_B,1K8R_A_B,1HE8_A_B,1GUA_A_B,1C1Y_A_B	6
1LFD_B_YB240F	YB240F	YB40F	1LFD	1LFD_B	P01112	-2.301	-2.301,-2.301	6.91e-07,1.21e-06	3.36e-05,3.09e-05	SUP	ITC,IAFL	2		1LFD_A_B,4G0N_A_B,3KUD_A_B,1K8R_A_B,1HE8_A_B,1GUA_A_B,1C1Y_A_B	6
1LFD_B_SB239A	SB239A	SB39A	1LFD	1LFD_B	P01112	0.6	0.6,0.6	6.91e-07,1.21e-06	2.51e-07,2.8e-07	COR	ITC,IAFL	2		1LFD_A_B,4G0N_A_B,3KUD_A_B,1K8R_A_B,1HE8_A_B,1GUA_A_B,1C1Y_A_B	6
1LFD_B_DB233A	DB233A	DB33A	1LFD	1LFD_B	P01112	-1.101	-1.101	6.91e-07	4.43e-06	RIM	ITC	2		1LFD_A_B,4G0N_A_B,3KUD_A_B,1K8R_A_B,1HE8_A_B,1GUA_A_B,1C1Y_A_B	6
1LFD_B_QB225A	QB225A	QB25A	1LFD	1LFD_B	P01112	-0.901	-0.901	6.91e-07	3.16e-06	RIM	ITC	2		1LFD_A_B,4G0N_A_B,3KUD_A_B,1K8R_A_B,1HE8_A_B,1GUA_A_B,1C1Y_A_B	6
1LFD_B_EB237A	EB237A	EB37A	1LFD	1LFD_B	P01112	-1.151	-1.151	1.21e-06	8.44e-06	COR	IAFL	2		1LFD_A_B,4G0N_A_B,3KUD_A_B,1K8R_A_B,1HE8_A_B,1GUA_A_B,1C1Y_A_B	6
1LFD_B_VB229A	VB229A	VB29A	1LFD	1LFD_B	P01112	-0.478	-0.478	1.21e-06	2.71e-06	RIM	IAFL	2		1LFD_A_B,4G0N_A_B,3KUD_A_B,1K8R_A_B,1HE8_A_B,1GUA_A_B,1C1Y_A_B	6
1LFD_B_EB263A	EB263A	EB63A	1LFD	1LFD_B	P01112	-0.286	-0.286	1.21e-06	1.96e-06	SUR	IAFL	2		1LFD_A_B,4G0N_A_B,3KUD_A_B,1K8R_A_B,1HE8_A_B,1GUA_A_B,1C1Y_A_B	6
1LFD_B_EB262A	EB262A	EB62A	1LFD	1LFD_B	P01112	-0.191	-0.191	1.21e-06	1.67e-06	SUR	IAFL	2		1LFD_A_B,4G0N_A_B,3KUD_A_B,1K8R_A_B,1HE8_A_B,1GUA_A_B,1C1Y_A_B	6
1LFD_B_YB240A	YB240A	YB40A	1LFD	1LFD_B	P01112	-3.555	-3.555	1.21e-06	0.000488	SUP	IAFL	2		1LFD_A_B,4G0N_A_B,3KUD_A_B,1K8R_A_B,1HE8_A_B,1GUA_A_B,1C1Y_A_B	6
1LFD_B_YB232W	YB232W	YB32W	1LFD	1LFD_B	P01112	0.211	0.211	1e-06	7e-07	SUR	IAFL	2		1LFD_A_B,4G0N_A_B,3KUD_A_B,1K8R_A_B,1HE8_A_B,1GUA_A_B,1C1Y_A_B	6
3KUD_B_NB71R	NB71R	NB16R	3KUD	3KUD_B	P04049	0.798	0.798	1.7e-06	4.42e-07	RIM	IAFL	2		4G0N_A_B,3KUD_A_B,1LFD_A_B,1GUA_A_B,1C1Y_A_B,1K8R_A_B,1HE8_A_B,1E96_A_B	6
3KUD_B_KB85A	KB85A	KB30A	3KUD	3KUD_B	P04049	-1.954	-1.954	1.7e-06	4.6e-05	COR	IAFL	2		4G0N_A_B,3KUD_A_B,1LFD_A_B,1GUA_A_B,1C1Y_A_B,1K8R_A_B,1HE8_A_B,1E96_A_B	6
5XCO_A_DA12G	DA12G	DA13G	5XCO	5XCO_A	P01116	-1.11	-1.11	8.9e-09	5.8e-08	SUR	SPR	2		5XCO_A_B,5TAR_A_B,2A9K_A_B	6
5XCO_A_DA12C	DA12C	DA13C	5XCO	5XCO_A	P01116	-0.811	-0.811	8.9e-09	3.5e-08	SUR	SPR	2		5XCO_A_B,5TAR_A_B,2A9K_A_B	6
5UFQ_A_DA12G	DA12G	DA12G	5UFQ	5UFQ_A	P01116	-1.221	-1.221,-1.221,-1.221	6.4e-09,4e-09,6.4e-09	5.03e-08,4.1e-08,5.03e-08	SUR	SP,BI	2		5UFE_A_B,5UFQ_A_C,1K8R_A_B,1HE8_A_B	6
5UFQ_A_DA12V	DA12V	DA12V	5UFQ	5UFQ_A	P01116	-0.651	-0.651	4e-09	1.2e-08	SUR	BI	2		5UFE_A_B,5UFQ_A_C,1K8R_A_B,1HE8_A_B	6
5UFQ_A_DA12C	DA12C	DA12C	5UFQ	5UFQ_A	P01116	-0.982	-0.982	4e-09	2.1e-08	SUR	BI	2		5UFE_A_B,5UFQ_A_C,1K8R_A_B,1HE8_A_B	6
1GUA_B_KB84A	KB84A	KB29A	1GUA	1GUA_B	P04049	-1.999	-1.999	4.93e-07	1.44e-05	RIM	ITC	2		1GUA_A_B,1C1Y_A_B,4G0N_A_B,3KUD_A_B,1LFD_A_B,1K8R_A_B,1HE8_A_B	6
1GUA_B_VB69A	VB69A	VB14A	1GUA	1GUA_B	P04049	-0.1	-0.1	4.93e-07	5.84e-07	COR	ITC	2		1GUA_A_B,1C1Y_A_B,4G0N_A_B,3KUD_A_B,1LFD_A_B,1K8R_A_B,1HE8_A_B	6
1GUA_B_TB68A	TB68A	TB13A	1GUA	1GUA_B	P04049	-0.701	-0.701	4.93e-07	1.61e-06	SUP	ITC	2		1GUA_A_B,1C1Y_A_B,4G0N_A_B,3KUD_A_B,1LFD_A_B,1K8R_A_B,1HE8_A_B	6
1GUA_B_QB66A	QB66A	QB11A	1GUA	1GUA_B	P04049	-0.1	-0.1	4.93e-07	5.84e-07	COR	ITC	2		1GUA_A_B,1C1Y_A_B,4G0N_A_B,3KUD_A_B,1LFD_A_B,1K8R_A_B,1HE8_A_B	6
1GUA_B_KB65A	KB65A	KB10A	1GUA	1GUA_B	P04049	0.4	0.4	4.93e-07	2.51e-07	RIM	ITC	2		1GUA_A_B,1C1Y_A_B,4G0N_A_B,3KUD_A_B,1LFD_A_B,1K8R_A_B,1HE8_A_B	6
1GUA_B_NB64A	NB64A	NB9A	1GUA	1GUA_B	P04049	0.4	0.4	4.93e-07	2.51e-07	RIM	ITC	2		1GUA_A_B,1C1Y_A_B,4G0N_A_B,3KUD_A_B,1LFD_A_B,1K8R_A_B,1HE8_A_B	6
1GUA_B_RB59A	RB59A	RB4A	1GUA	1GUA_B	P04049	-1.001	-1.001	4.93e-07	2.67e-06	RIM	ITC	2		1GUA_A_B,1C1Y_A_B,4G0N_A_B,3KUD_A_B,1LFD_A_B,1K8R_A_B,1HE8_A_B	6
1GUA_B_VB88A	VB88A	VB33A	1GUA	1GUA_B	P04049	-0.2	-0.2	4.93e-07	6.91e-07	COR	ITC	2		1GUA_A_B,1C1Y_A_B,4G0N_A_B,3KUD_A_B,1LFD_A_B,1K8R_A_B,1HE8_A_B	6
1GUA_B_KB87A	KB87A	KB32A	1GUA	1GUA_B	P04049	-0.799	-0.799	4.93e-07	1.9e-06	RIM	ITC	2		1GUA_A_B,1C1Y_A_B,4G0N_A_B,3KUD_A_B,1LFD_A_B,1K8R_A_B,1HE8_A_B	6
1K8R_A_DA38N	DA38N	DA38N	1K8R	1K8R_A	P01112	-1.896	-1.896	2.99e-07	7.34e-06	COR	IAFL	2		1K8R_A_B,4G0N_A_B,3KUD_A_B,1LFD_A_B,1HE8_A_B,5UFE_A_B,5UFQ_A_C,1GUA_A_B,1C1Y_A_B	6
1K8R_A_DA38E	DA38E	DA38E	1K8R	1K8R_A	P01112	-3.438	-3.438	2.99e-07	9.9e-05	COR	IAFL	2		1K8R_A_B,4G0N_A_B,3KUD_A_B,1LFD_A_B,1HE8_A_B,5UFE_A_B,5UFQ_A_C,1GUA_A_B,1C1Y_A_B	6
1K8R_A_DA38A	DA38A	DA38A	1K8R	1K8R_A	P01112	-1.712	-1.712	2.99e-07	5.38e-06	COR	IAFL	2		1K8R_A_B,4G0N_A_B,3KUD_A_B,1LFD_A_B,1HE8_A_B,5UFE_A_B,5UFQ_A_C,1GUA_A_B,1C1Y_A_B	6
1K8R_A_EA37A	EA37A	EA37A	1K8R	1K8R_A	P01112	-0.306	-0.306	2.99e-07	5.01e-07	RIM	IAFL	2		1K8R_A_B,4G0N_A_B,3KUD_A_B,1LFD_A_B,1HE8_A_B,5UFE_A_B,5UFQ_A_C,1GUA_A_B,1C1Y_A_B	6
1K8R_A_DA33A	DA33A	DA33A	1K8R	1K8R_A	P01112	-1.535	-1.535	2.99e-07	3.99e-06	RIM	IAFL	2		1K8R_A_B,4G0N_A_B,3KUD_A_B,1LFD_A_B,1HE8_A_B,5UFE_A_B,5UFQ_A_C,1GUA_A_B,1C1Y_A_B	6
1K8R_A_EA31K	EA31K	EA31K	1K8R	1K8R_A	P01112	-0.171	-0.171	2.99e-07	3.99e-07	SUR	IAFL	2		1K8R_A_B,4G0N_A_B,3KUD_A_B,1LFD_A_B,1HE8_A_B,5UFE_A_B,5UFQ_A_C,1GUA_A_B,1C1Y_A_B	6
1K8R_A_EA63A	EA63A	EA63A	1K8R	1K8R_A	P01112	-0.41	-0.41	2.99e-07	5.97e-07	SUR	IAFL	2		1K8R_A_B,4G0N_A_B,3KUD_A_B,1LFD_A_B,1HE8_A_B,5UFE_A_B,5UFQ_A_C,1GUA_A_B,1C1Y_A_B	6
1K8R_A_EA62A	EA62A	EA62A	1K8R	1K8R_A	P01112	-0.41	-0.41	2.99e-07	5.97e-07	SUR	IAFL	2		1K8R_A_B,4G0N_A_B,3KUD_A_B,1LFD_A_B,1HE8_A_B,5UFE_A_B,5UFQ_A_C,1GUA_A_B,1C1Y_A_B	6
1K8R_A_DA57A	DA57A	DA57A	1K8R	1K8R_A	P01112	-1.18	-1.18	2.99e-07	2.19e-06	INT	IAFL	2		1K8R_A_B,4G0N_A_B,3KUD_A_B,1LFD_A_B,1HE8_A_B,5UFE_A_B,5UFQ_A_C,1GUA_A_B,1C1Y_A_B	6
1K8R_A_RA41A	RA41A	RA41A	1K8R	1K8R_A	P01112	-1.18	-1.18	2.99e-07	2.19e-06	COR	IAFL	2		1K8R_A_B,4G0N_A_B,3KUD_A_B,1LFD_A_B,1HE8_A_B,5UFE_A_B,5UFQ_A_C,1GUA_A_B,1C1Y_A_B	6
1K8R_A_YA40F	YA40F	YA40F	1K8R	1K8R_A	P01112	-1.492	-1.492	2.99e-07	3.71e-06	SUP	IAFL	2		1K8R_A_B,4G0N_A_B,3KUD_A_B,1LFD_A_B,1HE8_A_B,5UFE_A_B,5UFQ_A_C,1GUA_A_B,1C1Y_A_B	6
1K8R_A_YA40C	YA40C	YA40C	1K8R	1K8R_A	P01112	-3.438	-3.438	2.99e-07	9.9e-05	SUP	IAFL	2		1K8R_A_B,4G0N_A_B,3KUD_A_B,1LFD_A_B,1HE8_A_B,5UFE_A_B,5UFQ_A_C,1GUA_A_B,1C1Y_A_B	6
1K8R_A_SA39A	SA39A	SA39A	1K8R	1K8R_A	P01112	-0.715	-0.715	2.99e-07	1e-06	COR	IAFL	2		1K8R_A_B,4G0N_A_B,3KUD_A_B,1LFD_A_B,1HE8_A_B,5UFE_A_B,5UFQ_A_C,1GUA_A_B,1C1Y_A_B	6
3M62_B_VB69A	VB69A	VB67A	3M62	3M62_B	P32628	-1.138	-1.138	7e-08	4.78e-07	COR	ITC	2		3M62_A_B,3M63_A_B	6
3M62_B_QB67A	QB67A	QB65A	3M62	3M62_B	P32628	-0.284	-0.284	7e-08	1.13e-07	RIM	ITC	2		3M62_A_B,3M63_A_B	6
3M62_B_QB52A	QB52A	QB50A	3M62	3M62_B	P32628	-1.054	-1.054	7e-08	4.15e-07	RIM	ITC	2		3M62_A_B,3M63_A_B	6
3M62_B_VB50A	VB50A	VB48A	3M62	3M62_B	P32628	-1.09	-1.09	7e-08	4.41e-07	RIM	ITC	2		3M62_A_B,3M63_A_B	6
3M62_B_SB47A	SB47A	SB45A	3M62	3M62_B	P32628	-1.279	-1.279	7e-08	6.06e-07	COR	ITC	2		3M62_A_B,3M63_A_B	6
3M62_B_IB45A	IB45A	IB43A	3M62	3M62_B	P32628	-2.884	-2.884	7e-08	9.1e-06	COR	ITC	2		3M62_A_B,3M63_A_B	6
3M62_B_KB10A	KB10A	KB8A	3M62	3M62_B	P32628	-0.497	-0.497	7e-08	1.62e-07	SUR	ITC	2		3M62_A_B,3M63_A_B	6
3M62_B_FB9A	FB9A	FB7A	3M62	3M62_B	P32628	-0.996	-0.996	7e-08	3.76e-07	RIM	ITC	2		3M62_A_B,3M63_A_B	6
3M62_B_MB71A	MB71A	MB69A	3M62	3M62_B	P32628	-0.681	-0.681	7e-08	2.21e-07	COR	ITC	2		3M62_A_B,3M63_A_B	6
1K8R_B_RB160A	RB160A	RB77A	1K8R	1K8R_B	P28829	-1.437	-1.437	2.99e-07	3.38e-06	COR	IAFL	2		1K8R_A_B,4G0N_A_B,3KUD_A_B,1LFD_A_B,1HE8_A_B,5UFE_A_B,5UFQ_A_C,1GUA_A_B,1C1Y_A_B	6
1K8R_B_RB159A	RB159A	RB76A	1K8R	1K8R_B	P28829	-0.715	-0.715	2.99e-07	1e-06	SUR	IAFL	2		1K8R_A_B,4G0N_A_B,3KUD_A_B,1LFD_A_B,1HE8_A_B,5UFE_A_B,5UFQ_A_C,1GUA_A_B,1C1Y_A_B	6
1K8R_B_KB101A	KB101A	KB31A	1K8R	1K8R_B	P28829	-2.728	-2.728	2.99e-07	2.99e-05	COR	IAFL	2		1K8R_A_B,4G0N_A_B,3KUD_A_B,1LFD_A_B,1HE8_A_B,5UFE_A_B,5UFQ_A_C,1GUA_A_B,1C1Y_A_B	6
1K8R_B_KB93A	KB93A	KB23A	1K8R	1K8R_B	P28829	-0.587	-0.587	2.99e-07	8.05e-07	SUR	IAFL	2		1K8R_A_B,4G0N_A_B,3KUD_A_B,1LFD_A_B,1HE8_A_B,5UFE_A_B,5UFQ_A_C,1GUA_A_B,1C1Y_A_B	6
1K8R_B_RB83A	RB83A	RB13A	1K8R	1K8R_B	P28829	-2.801	-2.801	2.99e-07	3.38e-05	COR	IAFL	2		1K8R_A_B,4G0N_A_B,3KUD_A_B,1LFD_A_B,1HE8_A_B,5UFE_A_B,5UFQ_A_C,1GUA_A_B,1C1Y_A_B	6
1K8R_B_QB81A	QB81A	QB11A	1K8R	1K8R_B	P28829	-1.798	-1.798	2.99e-07	6.22e-06	COR	IAFL	2		1K8R_A_B,4G0N_A_B,3KUD_A_B,1LFD_A_B,1HE8_A_B,5UFE_A_B,5UFQ_A_C,1GUA_A_B,1C1Y_A_B	6
3EG5_A_HA104F	HA104F	HA104F	3EG5	3EG5_A	P60766	2.085	2.085	1.25e-06	3.7e-08	COR	ITC	2		3EG5_A_B,1GRN_A_B,2REX_A_B,3Q3J_A_B	6
5UFE_A_GA12D	GA12D	GA12D	5UFE	5UFE_A	P01116	1.221	1.221,1.221,1.221	5.03e-08,4.1e-08,5.03e-08	6.4e-09,4e-09,6.4e-09	SUR	SP,BI	2		5UFE_A_B,5UFQ_A_C,1K8R_A_B,1HE8_A_B	6
5UFE_A_GA12V	GA12V	GA12V	5UFE	5UFE_A	P01116	0.728	0.728	4.1e-08	1.2e-08	SUR	BI	2		5UFE_A_B,5UFQ_A_C,1K8R_A_B,1HE8_A_B	6
5UFE_A_GA12C	GA12C	GA12C	5UFE	5UFE_A	P01116	0.396	0.396	4.1e-08	2.1e-08	SUR	BI	2		5UFE_A_B,5UFQ_A_C,1K8R_A_B,1HE8_A_B	6
5UFE_B_QB27R	QB27R	QB25R	5UFE	5UFE_B	Not Mapped	-0.292	-0.292	5.03e-08	8.24e-08	RIM	SP	2		5UFE_A_B,5UFQ_A_C,1K8R_A_B,1HE8_A_B	6
2G2U_A_DA104K	DA104K	DA79K	2G2U	2G2U_A	P0AD64	0.453	0.453,0.453	1.25e-06,1.8e-06	5.82e-07,5.8e-07	COR	IASP	1		2G2U_A_B,2G2W_A_B,3N4I_A_B,1XXM_A_C,1S0W_A_C,1JTG_A_B,1JTD_A_B,3QHY_A_B	15
2G2U_A_DA104E	DA104E	DA79E	2G2U	2G2U_A	P0AD64	4.384	4.384	1.8e-06	1.1e-09	COR	IASP	2		2G2U_A_B,2G2W_A_B,3N4I_A_B,1XXM_A_C,1S0W_A_C,1JTG_A_B,1JTD_A_B,3QHY_A_B	15
2G2U_A_DA104A	DA104A	DA79A	2G2U	2G2U_A	P0AD64	1.543	1.543	1.8e-06	1.33e-07	COR	IASP	2		2G2U_A_B,2G2W_A_B,3N4I_A_B,1XXM_A_C,1S0W_A_C,1JTG_A_B,1JTD_A_B,3QHY_A_B	15
2G2W_A_KA104D	KA104D	KA79D	2G2W	2G2W_A	P0AD64	-0.453	-0.453	5.82e-07	1.25e-06	RIM	IASP	1		2G2U_A_B,2G2W_A_B,3N4I_A_B,1XXM_A_C,1S0W_A_C,1JTG_A_B,1JTD_A_B,3QHY_A_B	15
3QHY_B_LB91A	LB91A	LB51A	3QHY	3QHY_B	O87916	-0.816	-0.816	3e-13	1.19e-12	RIM	IASP	2		3QHY_A_B,1JTD_A_B,1XXM_A_C,1S0W_A_C,1JTG_A_B,2G2U_A_B,2G2W_A_B,3N4I_A_B	15
3QHY_B_FB74A	FB74A	FB34A	3QHY	3QHY_B	O87916	-3.985	-3.985	3e-13	2.5e-10	SUP	IASP	2		3QHY_A_B,1JTD_A_B,1XXM_A_C,1S0W_A_C,1JTG_A_B,2G2U_A_B,2G2W_A_B,3N4I_A_B	15
3QHY_B_YB73A	YB73A	YB33A	3QHY	3QHY_B	O87916	-2.903	-2.903	3e-13	4.03e-11	SUP	IASP	2		3QHY_A_B,1JTD_A_B,1XXM_A_C,1S0W_A_C,1JTG_A_B,2G2U_A_B,2G2W_A_B,3N4I_A_B	15
3QHY_B_TB57A	TB57A	TB17A	3QHY	3QHY_B	O87916	-0.056	-0.056	3e-13	3.3e-13	RIM	IASP	2		3QHY_A_B,1JTD_A_B,1XXM_A_C,1S0W_A_C,1JTG_A_B,2G2U_A_B,2G2W_A_B,3N4I_A_B	15
3QHY_B_WB53A	WB53A	WB13A	3QHY	3QHY_B	O87916	-2.864	-2.864	3e-13	3.77e-11	COR	IASP	2		3QHY_A_B,1JTD_A_B,1XXM_A_C,1S0W_A_C,1JTG_A_B,2G2U_A_B,2G2W_A_B,3N4I_A_B	15
3QHY_B_DB52A	DB52A	DB12A	3QHY	3QHY_B	O87916	-2.255	-2.255	3e-13	1.35e-11	COR	IASP	2		3QHY_A_B,1JTD_A_B,1XXM_A_C,1S0W_A_C,1JTG_A_B,2G2U_A_B,2G2W_A_B,3N4I_A_B	15
3QHY_B_NB50A	NB50A	NB10A	3QHY	3QHY_B	O87916	-2.255	-2.255	3e-13	1.35e-11	COR	IASP	2		3QHY_A_B,1JTD_A_B,1XXM_A_C,1S0W_A_C,1JTG_A_B,2G2U_A_B,2G2W_A_B,3N4I_A_B	15
3QHY_B_WB269A	WB269A	WB229A	3QHY	3QHY_B	O87916	-5.433	-5.433	3e-13	2.88e-09	COR	IASP	2		3QHY_A_B,1JTD_A_B,1XXM_A_C,1S0W_A_C,1JTG_A_B,2G2U_A_B,2G2W_A_B,3N4I_A_B	15
3QHY_B_EB268A	EB268A	EB228A	3QHY	3QHY_B	O87916	-3.013	-3.013	3e-13	4.85e-11	SUP	IASP	2		3QHY_A_B,1JTD_A_B,1XXM_A_C,1S0W_A_C,1JTG_A_B,2G2U_A_B,2G2W_A_B,3N4I_A_B	15
3QHY_B_YB248A	YB248A	YB208A	3QHY	3QHY_B	O87916	-0.24	-0.24	3e-13	4.5e-13	RIM	IASP	2		3QHY_A_B,1JTD_A_B,1XXM_A_C,1S0W_A_C,1JTG_A_B,2G2U_A_B,2G2W_A_B,3N4I_A_B	15
3QHY_B_FB230A	FB230A	FB190A	3QHY	3QHY_B	O87916	-3.075	-3.075	3e-13	5.39e-11	SUP	IASP	2		3QHY_A_B,1JTD_A_B,1XXM_A_C,1S0W_A_C,1JTG_A_B,2G2U_A_B,2G2W_A_B,3N4I_A_B	15
3QHY_B_IB229A	IB229A	IB189A	3QHY	3QHY_B	O87916	-3.068	-3.068	3e-13	5.32e-11	SUP	IASP	2		3QHY_A_B,1JTD_A_B,1XXM_A_C,1S0W_A_C,1JTG_A_B,2G2U_A_B,2G2W_A_B,3N4I_A_B	15
3QHY_B_FB209A	FB209A	FB169A	3QHY	3QHY_B	O87916	-2.062	-2.062	3e-13	9.75e-12	COR	IASP	2		3QHY_A_B,1JTD_A_B,1XXM_A_C,1S0W_A_C,1JTG_A_B,2G2U_A_B,2G2W_A_B,3N4I_A_B	15
3QHY_B_YB208A	YB208A	YB168A	3QHY	3QHY_B	O87916	-1.743	-1.743	3e-13	5.69e-12	RIM	IASP	2		3QHY_A_B,1JTD_A_B,1XXM_A_C,1S0W_A_C,1JTG_A_B,2G2U_A_B,2G2W_A_B,3N4I_A_B	15
3QHY_B_DB206A	DB206A	DB166A	3QHY	3QHY_B	O87916	-3.498	-3.498	3e-13	1.1e-10	SUP	IASP	2		3QHY_A_B,1JTD_A_B,1XXM_A_C,1S0W_A_C,1JTG_A_B,2G2U_A_B,2G2W_A_B,3N4I_A_B	15
3QHY_B_YB191A	YB191A	YB151A	3QHY	3QHY_B	O87916	-3.424	-3.424	3e-13	9.7e-11	COR	IASP	2		3QHY_A_B,1JTD_A_B,1XXM_A_C,1S0W_A_C,1JTG_A_B,2G2U_A_B,2G2W_A_B,3N4I_A_B	15
3QHY_B_DB170A	DB170A	DB130A	3QHY	3QHY_B	O87916	-0.961	-0.961	3e-13	1.52e-12	COR	IASP	2		3QHY_A_B,1JTD_A_B,1XXM_A_C,1S0W_A_C,1JTG_A_B,2G2U_A_B,2G2W_A_B,3N4I_A_B	15
3QHY_B_SB169A	SB169A	SB129A	3QHY	3QHY_B	O87916	0.085	0.085	3e-13	2.6e-13	RIM	IASP	2		3QHY_A_B,1JTD_A_B,1XXM_A_C,1S0W_A_C,1JTG_A_B,2G2U_A_B,2G2W_A_B,3N4I_A_B	15
3QHY_B_DB167A	DB167A	DB127A	3QHY	3QHY_B	O87916	-0.38	-0.38	3e-13	5.7e-13	SUP	IASP	2		3QHY_A_B,1JTD_A_B,1XXM_A_C,1S0W_A_C,1JTG_A_B,2G2U_A_B,2G2W_A_B,3N4I_A_B	15
3QHY_B_WB152A	WB152A	WB112A	3QHY	3QHY_B	O87916	-3.79	-3.79	3e-13	1.8e-10	SUP	IASP	2		3QHY_A_B,1JTD_A_B,1XXM_A_C,1S0W_A_C,1JTG_A_B,2G2U_A_B,2G2W_A_B,3N4I_A_B	15
3QHY_B_DB131A	DB131A	DB91A	3QHY	3QHY_B	O87916	-1.889	-1.889	3e-13	7.28e-12	RIM	IASP	2		3QHY_A_B,1JTD_A_B,1XXM_A_C,1S0W_A_C,1JTG_A_B,2G2U_A_B,2G2W_A_B,3N4I_A_B	15
3QHY_B_YB113A	YB113A	YB73A	3QHY	3QHY_B	O87916	-0.801	-0.801	3e-13	1.16e-12	COR	IASP	2		3QHY_A_B,1JTD_A_B,1XXM_A_C,1S0W_A_C,1JTG_A_B,2G2U_A_B,2G2W_A_B,3N4I_A_B	15
3QHY_B_NB112A	NB112A	NB72A	3QHY	3QHY_B	O87916	-1.606	-1.606	3e-13	4.51e-12	SUP	IASP	2		3QHY_A_B,1JTD_A_B,1XXM_A_C,1S0W_A_C,1JTG_A_B,2G2U_A_B,2G2W_A_B,3N4I_A_B	15
3QHY_B_NB304A	NB304A	NB264A	3QHY	3QHY_B	O87916	-2.696	-2.696	3e-13	2.84e-11	SUP	IASP	2		3QHY_A_B,1JTD_A_B,1XXM_A_C,1S0W_A_C,1JTG_A_B,2G2U_A_B,2G2W_A_B,3N4I_A_B	15
3QHY_B_RB286A	RB286A	RB246A	3QHY	3QHY_B	O87916	-0.535	-0.535	3e-13	7.4e-13	SUP	IASP	2		3QHY_A_B,1JTD_A_B,1XXM_A_C,1S0W_A_C,1JTG_A_B,2G2U_A_B,2G2W_A_B,3N4I_A_B	15
1JTD_A_MA270A	MA270A	MA244A	1JTD	1JTD_A	P62593	-0.278	-0.278	1.5e-12	2.4e-12	COR	SFFL	2		1JTD_A_B,1XXM_A_C,1S0W_A_C,1JTG_A_B,3QHY_A_B,2G2U_A_B,2G2W_A_B,3N4I_A_B	15
1JTD_A_VA216A	VA216A	VA190A	1JTD	1JTD_A	P62593	-0.038	-0.038	1.5e-12	1.6e-12	COR	SFFL	2		1JTD_A_B,1XXM_A_C,1S0W_A_C,1JTG_A_B,3QHY_A_B,2G2U_A_B,2G2W_A_B,3N4I_A_B	15
1JTD_A_MA129A	MA129A	MA103A	1JTD	1JTD_A	P62593	-2.523	-2.523	1.5e-12	1.06e-10	COR	SFFL	2		1JTD_A_B,1XXM_A_C,1S0W_A_C,1JTG_A_B,3QHY_A_B,2G2U_A_B,2G2W_A_B,3N4I_A_B	15
1JTD_A_KA111A	KA111A	KA85A	1JTD	1JTD_A	P62593	-2.145	-2.145	1.5e-12	5.6e-11	COR	SFFL	2		1JTD_A_B,1XXM_A_C,1S0W_A_C,1JTG_A_B,3QHY_A_B,2G2U_A_B,2G2W_A_B,3N4I_A_B	15
1JTD_A_EA110A	EA110A	EA84A	1JTD	1JTD_A	P62593	-0.038	-0.038	1.5e-12	1.6e-12	COR	SFFL	2		1JTD_A_B,1XXM_A_C,1S0W_A_C,1JTG_A_B,3QHY_A_B,2G2U_A_B,2G2W_A_B,3N4I_A_B	15
1JTD_A_PA107A	PA107A	PA81A	1JTD	1JTD_A	P62593	-1.734	-1.734	1.5e-12	2.8e-11	COR	SFFL	2		1JTD_A_B,1XXM_A_C,1S0W_A_C,1JTG_A_B,3QHY_A_B,2G2U_A_B,2G2W_A_B,3N4I_A_B	15
1JTD_A_YA105A	YA105A	YA79A	1JTD	1JTD_A	P62593	-2.251	-2.251	1.5e-12	6.7e-11	COR	SFFL	2		1JTD_A_B,1XXM_A_C,1S0W_A_C,1JTG_A_B,3QHY_A_B,2G2U_A_B,2G2W_A_B,3N4I_A_B	15
1JTD_A_EA104A	EA104A	EA78A	1JTD	1JTD_A	P62593	-0.841	-0.841	1.5e-12	6.2e-12	COR	SFFL	2		1JTD_A_B,1XXM_A_C,1S0W_A_C,1JTG_A_B,3QHY_A_B,2G2U_A_B,2G2W_A_B,3N4I_A_B	15
1JTD_A_LA102A	LA102A	LA76A	1JTD	1JTD_A	P62593	-1.734	-1.734	1.5e-12	2.8e-11	COR	SFFL	2		1JTD_A_B,1XXM_A_C,1S0W_A_C,1JTG_A_B,3QHY_A_B,2G2U_A_B,2G2W_A_B,3N4I_A_B	15
1JTD_A_NA100A	NA100A	NA74A	1JTD	1JTD_A	P62593	-0.801	-0.801	1.5e-12	5.8e-12	RIM	SFFL	2		1JTD_A_B,1XXM_A_C,1S0W_A_C,1JTG_A_B,3QHY_A_B,2G2U_A_B,2G2W_A_B,3N4I_A_B	15
1JTD_A_QA99A	QA99A	QA73A	1JTD	1JTD_A	P62593	-0.519	-0.519	1.5e-12	3.6e-12	COR	SFFL	2		1JTD_A_B,1XXM_A_C,1S0W_A_C,1JTG_A_B,3QHY_A_B,2G2U_A_B,2G2W_A_B,3N4I_A_B	15
1JTG_A_EA104A	EA104A	EA79A	1JTG	1JTG_A	P62593	-1.553	-1.553,-1.553,-1.553,-1.553	4.77e-09,4.77e-09,3.2e-09,2.3e-10	6.56e-08,9.43e-08,7e-08,2.52e-08	COR	SPR,IASP,SFFL	1		1XXM_A_C,1S0W_A_C,1JTG_A_B,2G2U_A_B,2G2W_A_B,3N4I_A_B,1JTD_A_B,3QHY_A_B	15
1JTG_A_QA99A	QA99A	QA74A	1JTG	1JTG_A	P62593	-0.43	-0.43,-0.43	4.77e-09,2.3e-10	9.85e-09,6.22e-10	COR	SPR,SFFL	1		1XXM_A_C,1S0W_A_C,1JTG_A_B,2G2U_A_B,2G2W_A_B,3N4I_A_B,1JTD_A_B,3QHY_A_B	15
1JTG_A_VA216A	VA216A	VA190A	1JTG	1JTG_A	P62593	0.407	0.407,0.407	4.77e-09,2.3e-10	2.4e-09,8.6e-11	COR	SPR,SFFL	1		1XXM_A_C,1S0W_A_C,1JTG_A_B,2G2U_A_B,2G2W_A_B,3N4I_A_B,1JTD_A_B,3QHY_A_B	15
1JTG_A_MA129A	MA129A	MA104A	1JTG	1JTG_A	P62593	-0.739	-0.739,-0.739	4.77e-09,2.3e-10	1.66e-08,2.94e-09	COR	SPR,SFFL	1		1XXM_A_C,1S0W_A_C,1JTG_A_B,2G2U_A_B,2G2W_A_B,3N4I_A_B,1JTD_A_B,3QHY_A_B	15
1JTG_A_EA110A	EA110A	EA85A	1JTG	1JTG_A	P62593	-4.062	-4.062,-4.062	4.77e-09,2.3e-10	4.53e-06,2.5e-11	COR	SPR,SFFL	1		1XXM_A_C,1S0W_A_C,1JTG_A_B,2G2U_A_B,2G2W_A_B,3N4I_A_B,1JTD_A_B,3QHY_A_B	15
1JTG_A_PA107A	PA107A	PA82A	1JTG	1JTG_A	P62593	0.383	0.383,0.383	4.77e-09,2.3e-10	2.5e-09,3.43e-10	COR	SPR,SFFL	1		1XXM_A_C,1S0W_A_C,1JTG_A_B,2G2U_A_B,2G2W_A_B,3N4I_A_B,1JTD_A_B,3QHY_A_B	15
1JTG_A_NA100A	NA100A	NA75A	1JTG	1JTG_A	P62593	0.456	0.456,0.456	4.77e-09,2.3e-10	2.21e-09,1.9e-11	RIM	SPR,SFFL	1		1XXM_A_C,1S0W_A_C,1JTG_A_B,2G2U_A_B,2G2W_A_B,3N4I_A_B,1JTD_A_B,3QHY_A_B	15
1JTG_A_YA105A	YA105A	YA80A	1JTG	1JTG_A	P62593	0.168	0.168,0.168	4.77e-09,2.3e-10	3.59e-09,1.96e-10	COR	SPR,SFFL	1		1XXM_A_C,1S0W_A_C,1JTG_A_B,2G2U_A_B,2G2W_A_B,3N4I_A_B,1JTD_A_B,3QHY_A_B	15
1JTG_A_KA234A	KA234A	KA208A	1JTG	1JTG_A	P62593	-1.417	-1.417,-1.417	6.83e-09,4.77e-09	7.47e-08,2.7e-08	INT	SPR	1		1XXM_A_C,1S0W_A_C,1JTG_A_B,2G2U_A_B,2G2W_A_B,3N4I_A_B,1JTD_A_B,3QHY_A_B	15
1JTG_A_RA243A	RA243A	RA217A	1JTG	1JTG_A	P62593	-1.339	-1.339,-1.339	6.83e-09,4.77e-09	6.55e-08,4.04e-08	SUP	SPR	1		1XXM_A_C,1S0W_A_C,1JTG_A_B,2G2U_A_B,2G2W_A_B,3N4I_A_B,1JTD_A_B,3QHY_A_B	15
1JTG_A_SA130A	SA130A	SA105A	1JTG	1JTG_A	P62593	-0.792	-0.792,-0.792	6.83e-09,4.77e-09	2.6e-08,8.38e-09	SUP	SPR	1		1XXM_A_C,1S0W_A_C,1JTG_A_B,2G2U_A_B,2G2W_A_B,3N4I_A_B,1JTD_A_B,3QHY_A_B	15
1JTG_A_EA104K	EA104K	EA79K	1JTG	1JTG_A	P62593	-4.235	-4.235,-4.235	1.1e-10,3.2e-09	1.4e-07,1.4e-07	COR	IASP	1		1XXM_A_C,1S0W_A_C,1JTG_A_B,2G2U_A_B,2G2W_A_B,3N4I_A_B,1JTD_A_B,3QHY_A_B	15
1JTG_A_SA235A	SA235A	SA209A	1JTG	1JTG_A	P62593	-1.239	-1.239	6.83e-09	5.53e-08	SUP	SPR	1		1XXM_A_C,1S0W_A_C,1JTG_A_B,2G2U_A_B,2G2W_A_B,3N4I_A_B,1JTD_A_B,3QHY_A_B	15
1JTG_A_GA238S	GA238S	GA212S	1JTG	1JTG_A	P62593	0.268	0.268	1.1e-10	7e-11	SUP	IASP	1		1XXM_A_C,1S0W_A_C,1JTG_A_B,2G2U_A_B,2G2W_A_B,3N4I_A_B,1JTD_A_B,3QHY_A_B	15
1JTG_A_PA107Q	PA107Q	PA82Q	1JTG	1JTG_A	P62593	-0.461	-0.461	2.8e-10	6.1e-10	COR	SPR,SFFL	2		1XXM_A_C,1S0W_A_C,1JTG_A_B,2G2U_A_B,2G2W_A_B,3N4I_A_B,1JTD_A_B,3QHY_A_B	15
1JTG_A_RA240Y	RA240Y	RA214Y	1JTG	1JTG_A	P62593	0.143	0.143	2.8e-10	2.2e-10	RIM	SPR,SFFL	2		1XXM_A_C,1S0W_A_C,1JTG_A_B,2G2U_A_B,2G2W_A_B,3N4I_A_B,1JTD_A_B,3QHY_A_B	15
1JTG_A_KA111N	KA111N	KA86N	1JTG	1JTG_A	P62593	-0.181	-0.181	2.8e-10	3.8e-10	COR	SPR,SFFL	2		1XXM_A_C,1S0W_A_C,1JTG_A_B,2G2U_A_B,2G2W_A_B,3N4I_A_B,1JTD_A_B,3QHY_A_B	15
1JTG_A_EA168A	EA168A	EA143A	1JTG	1JTG_A	P62593	0.073	0.073	4.77e-09	4.22e-09	RIM	SPR	1		1XXM_A_C,1S0W_A_C,1JTG_A_B,2G2U_A_B,2G2W_A_B,3N4I_A_B,1JTD_A_B,3QHY_A_B	15
1JTG_A_VA103A	VA103A	VA78A	1JTG	1JTG_A	P62593	-1.911	-1.911	4.77e-09	1.2e-07	SUP	SPR	1		1XXM_A_C,1S0W_A_C,1JTG_A_B,2G2U_A_B,2G2W_A_B,3N4I_A_B,1JTD_A_B,3QHY_A_B	15
1JTG_A_EA239K	EA239K	EA213K	1JTG	1JTG_A	P62593	0.411	0.411	2.8e-10	1.4e-10	COR	SPR,SFFL	2		1XXM_A_C,1S0W_A_C,1JTG_A_B,2G2U_A_B,2G2W_A_B,3N4I_A_B,1JTD_A_B,3QHY_A_B	15
1JTG_A_EA171K	EA171K	EA146K	1JTG	1JTG_A	P62593	0.61	0.61	2.8e-10	1e-10	RIM	SPR,SFFL	2		1XXM_A_C,1S0W_A_C,1JTG_A_B,2G2U_A_B,2G2W_A_B,3N4I_A_B,1JTD_A_B,3QHY_A_B	15
1JTG_A_EA110G	EA110G	EA85G	1JTG	1JTG_A	P62593	0.913	0.913	2.8e-10	6e-11	COR	SPR,SFFL	2		1XXM_A_C,1S0W_A_C,1JTG_A_B,2G2U_A_B,2G2W_A_B,3N4I_A_B,1JTD_A_B,3QHY_A_B	15
1JTG_A_EA110V	EA110V	EA85V	1JTG	1JTG_A	P62593	0.672	0.672	2.8e-10	9e-11	COR	SPR,SFFL	2		1XXM_A_C,1S0W_A_C,1JTG_A_B,2G2U_A_B,2G2W_A_B,3N4I_A_B,1JTD_A_B,3QHY_A_B	15
1JTG_A_EA168G	EA168G	EA143G	1JTG	1JTG_A	P62593	0.17	0.17	2.8e-10	2.1e-10	RIM	SPR,SFFL	2		1XXM_A_C,1S0W_A_C,1JTG_A_B,2G2U_A_B,2G2W_A_B,3N4I_A_B,1JTD_A_B,3QHY_A_B	15
1JTG_A_EA104D	EA104D	EA79D	1JTG	1JTG_A	P62593	-3.644	-3.644	3.2e-09	1.5e-06	COR	IASP	2		1XXM_A_C,1S0W_A_C,1JTG_A_B,2G2U_A_B,2G2W_A_B,3N4I_A_B,1JTD_A_B,3QHY_A_B	15
1JTG_A_MA270A	MA270A	MA244A	1JTG	1JTG_A	P62593	0.051	0.051	2.3e-10	2.11e-10	COR	SFFL	2		1XXM_A_C,1S0W_A_C,1JTG_A_B,2G2U_A_B,2G2W_A_B,3N4I_A_B,1JTD_A_B,3QHY_A_B	15
1JTG_A_KA111A	KA111A	KA86A	1JTG	1JTG_A	P62593	0.859	0.859	2.3e-10	5.4e-11	COR	SFFL	2		1XXM_A_C,1S0W_A_C,1JTG_A_B,2G2U_A_B,2G2W_A_B,3N4I_A_B,1JTD_A_B,3QHY_A_B	15
1JTG_A_LA102A	LA102A	LA77A	1JTG	1JTG_A	P62593	-0.871	-0.871	2.3e-10	1e-09	COR	SFFL	2		1XXM_A_C,1S0W_A_C,1JTG_A_B,2G2U_A_B,2G2W_A_B,3N4I_A_B,1JTD_A_B,3QHY_A_B	15
3N4I_A_EA104D	EA104D	EA79D	3N4I	3N4I_A	P0AD64	-4.384	-4.384	1.1e-09	1.8e-06	COR	IASP	2		2G2U_A_B,2G2W_A_B,3N4I_A_B,1XXM_A_C,1S0W_A_C,1JTG_A_B,1JTD_A_B,3QHY_A_B	15
1JTD_B_DB206A	DB206A	DB168A	1JTD	1JTD_B	O87916	1.062	1.062	4.8e-13	8e-14	SUP	IASP	2		1JTD_A_B,1XXM_A_C,1S0W_A_C,1JTG_A_B,3QHY_A_B,2G2U_A_B,2G2W_A_B,3N4I_A_B	15
1JTD_B_YB191A	YB191A	YB153A	1JTD	1JTD_B	O87916	-3.3	-3.3	4.8e-13	1.26e-10	COR	IASP	2		1JTD_A_B,1XXM_A_C,1S0W_A_C,1JTG_A_B,3QHY_A_B,2G2U_A_B,2G2W_A_B,3N4I_A_B	15
1JTD_B_DB170A	DB170A	DB132A	1JTD	1JTD_B	O87916	0.549	0.549	4.8e-13	1.9e-13	COR	IASP	2		1JTD_A_B,1XXM_A_C,1S0W_A_C,1JTG_A_B,3QHY_A_B,2G2U_A_B,2G2W_A_B,3N4I_A_B	15
1JTD_B_SB169A	SB169A	SB131A	1JTD	1JTD_B	O87916	-0.152	-0.152	4.8e-13	6.2e-13	RIM	IASP	2		1JTD_A_B,1XXM_A_C,1S0W_A_C,1JTG_A_B,3QHY_A_B,2G2U_A_B,2G2W_A_B,3N4I_A_B	15
1JTD_B_DB167A	DB167A	DB129A	1JTD	1JTD_B	O87916	-0.961	-0.961	4.8e-13	2.43e-12	SUP	IASP	2		1JTD_A_B,1XXM_A_C,1S0W_A_C,1JTG_A_B,3QHY_A_B,2G2U_A_B,2G2W_A_B,3N4I_A_B	15
1JTD_B_WB152A	WB152A	WB114A	1JTD	1JTD_B	O87916	-3.256	-3.256	4.8e-13	1.17e-10	SUP	IASP	2		1JTD_A_B,1XXM_A_C,1S0W_A_C,1JTG_A_B,3QHY_A_B,2G2U_A_B,2G2W_A_B,3N4I_A_B	15
1JTD_B_DB131A	DB131A	DB93A	1JTD	1JTD_B	O87916	-1.99	-1.99	4.8e-13	1.38e-11	RIM	IASP	2		1JTD_A_B,1XXM_A_C,1S0W_A_C,1JTG_A_B,3QHY_A_B,2G2U_A_B,2G2W_A_B,3N4I_A_B	15
1JTD_B_YB113A	YB113A	YB75A	1JTD	1JTD_B	O87916	-0.48	-0.48	4.8e-13	1.08e-12	COR	IASP	2		1JTD_A_B,1XXM_A_C,1S0W_A_C,1JTG_A_B,3QHY_A_B,2G2U_A_B,2G2W_A_B,3N4I_A_B	15
1JTD_B_NB112A	NB112A	NB74A	1JTD	1JTD_B	O87916	-1.21	-1.21	4.8e-13	3.7e-12	SUP	IASP	2		1JTD_A_B,1XXM_A_C,1S0W_A_C,1JTG_A_B,3QHY_A_B,2G2U_A_B,2G2W_A_B,3N4I_A_B	15
1JTD_B_LB91A	LB91A	LB53A	1JTD	1JTD_B	O87916	-0.667	-0.667	4.8e-13	1.48e-12	RIM	IASP	2		1JTD_A_B,1XXM_A_C,1S0W_A_C,1JTG_A_B,3QHY_A_B,2G2U_A_B,2G2W_A_B,3N4I_A_B	15
1JTD_B_FB74A	FB74A	FB36A	1JTD	1JTD_B	O87916	-2.551	-2.551	4.8e-13	3.56e-11	SUP	IASP	2		1JTD_A_B,1XXM_A_C,1S0W_A_C,1JTG_A_B,3QHY_A_B,2G2U_A_B,2G2W_A_B,3N4I_A_B	15
1JTD_B_YB73A	YB73A	YB35A	1JTD	1JTD_B	O87916	-3.152	-3.152	4.8e-13	9.81e-11	SUP	IASP	2		1JTD_A_B,1XXM_A_C,1S0W_A_C,1JTG_A_B,3QHY_A_B,2G2U_A_B,2G2W_A_B,3N4I_A_B	15
1JTD_B_TB57A	TB57A	TB19A	1JTD	1JTD_B	O87916	-0.295	-0.295	4.8e-13	7.9e-13	RIM	IASP	2		1JTD_A_B,1XXM_A_C,1S0W_A_C,1JTG_A_B,3QHY_A_B,2G2U_A_B,2G2W_A_B,3N4I_A_B	15
1JTD_B_WB53A	WB53A	WB15A	1JTD	1JTD_B	O87916	-1.393	-1.393	4.8e-13	5.04e-12	COR	IASP	2		1JTD_A_B,1XXM_A_C,1S0W_A_C,1JTG_A_B,3QHY_A_B,2G2U_A_B,2G2W_A_B,3N4I_A_B	15
1JTD_B_DB52A	DB52A	DB14A	1JTD	1JTD_B	O87916	-1.508	-1.508	4.8e-13	6.12e-12	COR	IASP	2		1JTD_A_B,1XXM_A_C,1S0W_A_C,1JTG_A_B,3QHY_A_B,2G2U_A_B,2G2W_A_B,3N4I_A_B	15
1JTD_B_NB50A	NB50A	NB12A	1JTD	1JTD_B	O87916	-1.302	-1.302	4.8e-13	4.32e-12	COR	IASP	2		1JTD_A_B,1XXM_A_C,1S0W_A_C,1JTG_A_B,3QHY_A_B,2G2U_A_B,2G2W_A_B,3N4I_A_B	15
1JTD_B_NB304A	NB304A	NB266A	1JTD	1JTD_B	O87916	-2.67	-2.67	4.8e-13	4.35e-11	SUP	IASP	2		1JTD_A_B,1XXM_A_C,1S0W_A_C,1JTG_A_B,3QHY_A_B,2G2U_A_B,2G2W_A_B,3N4I_A_B	15
1JTD_B_RB286A	RB286A	RB248A	1JTD	1JTD_B	O87916	-0.888	-0.888	4.8e-13	2.15e-12	SUP	IASP	2		1JTD_A_B,1XXM_A_C,1S0W_A_C,1JTG_A_B,3QHY_A_B,2G2U_A_B,2G2W_A_B,3N4I_A_B	15
1JTD_B_WB269A	WB269A	WB231A	1JTD	1JTD_B	O87916	-5.812	-5.812	4.8e-13	8.74e-09	COR	IASP	2		1JTD_A_B,1XXM_A_C,1S0W_A_C,1JTG_A_B,3QHY_A_B,2G2U_A_B,2G2W_A_B,3N4I_A_B	15
1JTD_B_EB268A	EB268A	EB230A	1JTD	1JTD_B	O87916	-1.85	-1.85	4.8e-13	1.09e-11	SUP	IASP	2		1JTD_A_B,1XXM_A_C,1S0W_A_C,1JTG_A_B,3QHY_A_B,2G2U_A_B,2G2W_A_B,3N4I_A_B	15
1JTD_B_YB248A	YB248A	YB210A	1JTD	1JTD_B	O87916	-0.824	-0.824	4.8e-13	1.93e-12	RIM	IASP	2		1JTD_A_B,1XXM_A_C,1S0W_A_C,1JTG_A_B,3QHY_A_B,2G2U_A_B,2G2W_A_B,3N4I_A_B	15
1JTD_B_FB230A	FB230A	FB192A	1JTD	1JTD_B	O87916	-3.962	-3.962	4.8e-13	3.85e-10	SUP	IASP	2		1JTD_A_B,1XXM_A_C,1S0W_A_C,1JTG_A_B,3QHY_A_B,2G2U_A_B,2G2W_A_B,3N4I_A_B	15
1JTD_B_IB229A	IB229A	IB191A	1JTD	1JTD_B	O87916	-2.89	-2.89	4.8e-13	6.31e-11	SUP	IASP	2		1JTD_A_B,1XXM_A_C,1S0W_A_C,1JTG_A_B,3QHY_A_B,2G2U_A_B,2G2W_A_B,3N4I_A_B	15
1JTD_B_FB209A	FB209A	FB171A	1JTD	1JTD_B	O87916	-2.201	-2.201	4.8e-13	1.97e-11	COR	IASP	2		1JTD_A_B,1XXM_A_C,1S0W_A_C,1JTG_A_B,3QHY_A_B,2G2U_A_B,2G2W_A_B,3N4I_A_B	15
1JTD_B_YB208A	YB208A	YB170A	1JTD	1JTD_B	O87916	-2.027	-2.027	4.8e-13	1.47e-11	RIM	IASP	2		1JTD_A_B,1XXM_A_C,1S0W_A_C,1JTG_A_B,3QHY_A_B,2G2U_A_B,2G2W_A_B,3N4I_A_B	15
2G2U_B_EB73M	EB73M	EB73M	2G2U	2G2U_B	P35804	3.536	3.536,3.536	1.72e-06,1.8e-06	4.4e-09,2.8e-08	COR	IASP	1		2G2U_A_B,2G2W_A_B,3N4I_A_B,1XXM_A_C,1S0W_A_C,1JTG_A_B,1JTD_A_B,3QHY_A_B	15
2G2U_B_SB71A	SB71A	SB71A	2G2U	2G2U_B	P35804	0.512	0.512	1.13e-06	4.76e-07	SUP	IASP	1		2G2U_A_B,2G2W_A_B,3N4I_A_B,1XXM_A_C,1S0W_A_C,1JTG_A_B,1JTD_A_B,3QHY_A_B	15
2G2U_B_YB53A	YB53A	YB53A	2G2U	2G2U_B	P35804	-2.302	-2.302	1.13e-06	5.5e-05	SUP	IASP	1		2G2U_A_B,2G2W_A_B,3N4I_A_B,1XXM_A_C,1S0W_A_C,1JTG_A_B,1JTD_A_B,3QHY_A_B	15
2G2U_B_YB51A	YB51A	YB51A	2G2U	2G2U_B	P35804	0.629	0.629	1.13e-06	3.91e-07	COR	IASP	1		2G2U_A_B,2G2W_A_B,3N4I_A_B,1XXM_A_C,1S0W_A_C,1JTG_A_B,1JTD_A_B,3QHY_A_B	15
2G2U_B_YB50A	YB50A	YB50A	2G2U	2G2U_B	P35804	2.076	2.076	1.13e-06	3.4e-08	COR	IASP	1		2G2U_A_B,2G2W_A_B,3N4I_A_B,1XXM_A_C,1S0W_A_C,1JTG_A_B,1JTD_A_B,3QHY_A_B	15
2G2U_B_GB48A	GB48A	GB48A	2G2U	2G2U_B	P35804	0.427	0.427	1.13e-06	5.5e-07	COR	IASP	1		2G2U_A_B,2G2W_A_B,3N4I_A_B,1XXM_A_C,1S0W_A_C,1JTG_A_B,1JTD_A_B,3QHY_A_B	15
2G2U_B_HB41A	HB41A	HB41A	2G2U	2G2U_B	P35804	-1.717	-1.717	1.13e-06	2.05e-05	SUP	IASP	1		2G2U_A_B,2G2W_A_B,3N4I_A_B,1XXM_A_C,1S0W_A_C,1JTG_A_B,1JTD_A_B,3QHY_A_B	15
2G2U_B_SB39A	SB39A	SB39A	2G2U	2G2U_B	P35804	0.956	0.956	1.13e-06	2.25e-07	SUP	IASP	1		2G2U_A_B,2G2W_A_B,3N4I_A_B,1XXM_A_C,1S0W_A_C,1JTG_A_B,1JTD_A_B,3QHY_A_B	15
2G2U_B_FB36A	FB36A	FB36A	2G2U	2G2U_B	P35804	-2.764	-2.764	1.13e-06	0.00012	COR	IASP	1		2G2U_A_B,2G2W_A_B,3N4I_A_B,1XXM_A_C,1S0W_A_C,1JTG_A_B,1JTD_A_B,3QHY_A_B	15
2G2U_B_SB35A	SB35A	SB35A	2G2U	2G2U_B	P35804	0.951	0.951	1.13e-06	2.27e-07	RIM	IASP	1		2G2U_A_B,2G2W_A_B,3N4I_A_B,1XXM_A_C,1S0W_A_C,1JTG_A_B,1JTD_A_B,3QHY_A_B	15
2G2U_B_EB31A	EB31A	EB31A	2G2U	2G2U_B	P35804	-0.651	-0.651	1.13e-06	3.39e-06	RIM	IASP	1		2G2U_A_B,2G2W_A_B,3N4I_A_B,1XXM_A_C,1S0W_A_C,1JTG_A_B,1JTD_A_B,3QHY_A_B	15
2G2U_B_WB150A	WB150A	WB150A	2G2U	2G2U_B	P35804	-1.785	-1.785	1.13e-06	2.3e-05	COR	IASP	1		2G2U_A_B,2G2W_A_B,3N4I_A_B,1XXM_A_C,1S0W_A_C,1JTG_A_B,1JTD_A_B,3QHY_A_B	15
2G2U_B_HB148A	HB148A	HB148A	2G2U	2G2U_B	P35804	-1.119	-1.119	1.13e-06	7.47e-06	SUP	IASP	1		2G2U_A_B,2G2W_A_B,3N4I_A_B,1XXM_A_C,1S0W_A_C,1JTG_A_B,1JTD_A_B,3QHY_A_B	15
2G2U_B_RB144A	RB144A	RB144A	2G2U	2G2U_B	P35804	0.342	0.342	1.13e-06	6.34e-07	RIM	IASP	1		2G2U_A_B,2G2W_A_B,3N4I_A_B,1XXM_A_C,1S0W_A_C,1JTG_A_B,1JTD_A_B,3QHY_A_B	15
2G2U_B_YB143A	YB143A	YB143A	2G2U	2G2U_B	P35804	1.847	1.847	1.13e-06	5e-08	COR	IASP	1		2G2U_A_B,2G2W_A_B,3N4I_A_B,1XXM_A_C,1S0W_A_C,1JTG_A_B,1JTD_A_B,3QHY_A_B	15
2G2U_B_FB142A	FB142A	FB142A	2G2U	2G2U_B	P35804	-0.276	-0.276	1.13e-06	1.8e-06	COR	IASP	1		2G2U_A_B,2G2W_A_B,3N4I_A_B,1XXM_A_C,1S0W_A_C,1JTG_A_B,1JTD_A_B,3QHY_A_B	15
2G2U_B_GB141A	GB141A	GB141A	2G2U	2G2U_B	P35804	0.414	0.414	1.13e-06	5.62e-07	SUP	IASP	1		2G2U_A_B,2G2W_A_B,3N4I_A_B,1XXM_A_C,1S0W_A_C,1JTG_A_B,1JTD_A_B,3QHY_A_B	15
2G2U_B_SB113A	SB113A	SB113A	2G2U	2G2U_B	P35804	0.612	0.612	1.13e-06	4.02e-07	SUP	IASP	1		2G2U_A_B,2G2W_A_B,3N4I_A_B,1XXM_A_C,1S0W_A_C,1JTG_A_B,1JTD_A_B,3QHY_A_B	15
2G2U_B_WB112A	WB112A	WB112A	2G2U	2G2U_B	P35804	-0.959	-0.959	1.13e-06	5.7e-06	COR	IASP	1		2G2U_A_B,2G2W_A_B,3N4I_A_B,1XXM_A_C,1S0W_A_C,1JTG_A_B,1JTD_A_B,3QHY_A_B	15
2G2U_B_KB74A	KB74A	KB74A	2G2U	2G2U_B	P35804	0.217	0.217	1.13e-06	7.83e-07	SUP	IASP	1		2G2U_A_B,2G2W_A_B,3N4I_A_B,1XXM_A_C,1S0W_A_C,1JTG_A_B,1JTD_A_B,3QHY_A_B	15
2G2U_B_EB73A	EB73A	EB73A	2G2U	2G2U_B	P35804	1.979	1.979	1.13e-06	4e-08	COR	IASP	1		2G2U_A_B,2G2W_A_B,3N4I_A_B,1XXM_A_C,1S0W_A_C,1JTG_A_B,1JTD_A_B,3QHY_A_B	15
2G2U_B_SB130K	SB130K	SB130K	2G2U	2G2U_B	P35804	1.469	1.469	1.72e-06	1.44e-07	INT	IASP	1		2G2U_A_B,2G2W_A_B,3N4I_A_B,1XXM_A_C,1S0W_A_C,1JTG_A_B,1JTD_A_B,3QHY_A_B	15
2G2U_B_WB162A	WB162A	WB162A	2G2U	2G2U_B	P35804	-0.531	-0.531	1.13e-06	2.77e-06	COR	IASP	1		2G2U_A_B,2G2W_A_B,3N4I_A_B,1XXM_A_C,1S0W_A_C,1JTG_A_B,1JTD_A_B,3QHY_A_B	15
2G2U_B_RB160A	RB160A	RB160A	2G2U	2G2U_B	P35804	-0.67	-0.67	1.13e-06	3.5e-06	RIM	IASP	1		2G2U_A_B,2G2W_A_B,3N4I_A_B,1XXM_A_C,1S0W_A_C,1JTG_A_B,1JTD_A_B,3QHY_A_B	15
1JTG_B_DB49A	DB49A	DB49A	1JTG	1JTG_B	P35804	-2.561	-2.561,-2.561,-2.561,-2.561,-2.561,-2.561,-2.561,-2.561	1.1e-10,6.83e-09,4.77e-09,4.77e-09,5e-10,1.11e-10,1.11e-10,1.11e-10	8.3e-09,1.46e-07,9.82e-08,8.03e-08,2e-08,2.63e-08,1.96e-08,1.49e-08	COR	ITC,IASP,SPR	1		1XXM_A_C,1S0W_A_C,1JTG_A_B,2G2U_A_B,2G2W_A_B,3N4I_A_B,1JTD_A_B,3QHY_A_B	15
1JTG_B_FB142A	FB142A	FB142A	1JTG	1JTG_B	P35804	-3.379	-3.379,-3.379,-3.379,-3.379,-3.379,-3.379,-3.379	1.1e-10,4.77e-09,4.77e-09,5e-10,1.11e-10,1.11e-10,1.11e-10	3.3e-08,1.66e-07,3.29e-07,1.6e-08,2.63e-08,3.85e-08,2.63e-08	COR	ITC,IASP,SPR	1		1XXM_A_C,1S0W_A_C,1JTG_A_B,2G2U_A_B,2G2W_A_B,3N4I_A_B,1JTD_A_B,3QHY_A_B	15
1JTG_B_KB74A	KB74A	KB74A	1JTG	1JTG_B	P35804	-3.56	-3.56,-3.56,-3.56,-3.56,-3.56,-3.56	4.77e-09,4.77e-09,5e-10,1.11e-10,1.11e-10,1.11e-10	1.94e-06,3.03e-06,4.6e-08,9.09e-08,1.11e-07,6.25e-08	SUP	ITC,SPR,IASP	1		1XXM_A_C,1S0W_A_C,1JTG_A_B,2G2U_A_B,2G2W_A_B,3N4I_A_B,1JTD_A_B,3QHY_A_B	15
1JTG_B_HB41A	HB41A	HB41A	1JTG	1JTG_B	P35804	-3.25	-3.25,-3.25,-3.25,-3.25,-3.25	4.77e-09,5e-10,1.11e-10,1.11e-10,1.11e-10	1.15e-06,3.4e-08,3.85e-08,5.26e-08,1.25e-07	SUP	ITC,SPR,IASP	1		1XXM_A_C,1S0W_A_C,1JTG_A_B,2G2U_A_B,2G2W_A_B,3N4I_A_B,1JTD_A_B,3QHY_A_B	15
1JTG_B_WB112A	WB112A	WB112A	1JTG	1JTG_B	P35804	-3.011	-3.011,-3.011,-3.011,-3.011,-3.011	4.77e-09,5e-10,1.11e-10,1.11e-10,1.11e-10	7.68e-07,1.3e-08,3.57e-08,2.5e-08,1.56e-08	COR	ITC,SPR,IASP	1		1XXM_A_C,1S0W_A_C,1JTG_A_B,2G2U_A_B,2G2W_A_B,3N4I_A_B,1JTD_A_B,3QHY_A_B	15
1JTG_B_HB148A	HB148A	HB148A	1JTG	1JTG_B	P35804	-2.748	-2.748,-2.748,-2.748,-2.748,-2.748	4.77e-09,5e-10,1.11e-10,1.11e-10,1.11e-10	4.93e-07,2.1e-08,6.94e-09,5e-08,7.69e-08	SUP	ITC,SPR,IASP	1		1XXM_A_C,1S0W_A_C,1JTG_A_B,2G2U_A_B,2G2W_A_B,3N4I_A_B,1JTD_A_B,3QHY_A_B	15
1JTG_B_WB150A	WB150A	WB150A	1JTG	1JTG_B	P35804	-4.254	-4.254,-4.254,-4.254,-4.254,-4.254	4.77e-09,5e-10,1.11e-10,1.11e-10,1.11e-10	6.26e-06,1.84e-07,5e-07,2.5e-07,5e-07	COR	ITC,SPR,IASP	1		1XXM_A_C,1S0W_A_C,1JTG_A_B,2G2U_A_B,2G2W_A_B,3N4I_A_B,1JTD_A_B,3QHY_A_B	15
1JTG_B_YB53A	YB53A	YB53A	1JTG	1JTG_B	P35804	-2.077	-2.077,-2.077,-2.077,-2.077,-2.077	4.77e-09,5e-10,1.11e-10,1.11e-10,1.11e-10	1.59e-07,2.1e-08,2.5e-08,7.14e-08,3.45e-08	SUP	ITC,SPR,IASP	1		1XXM_A_C,1S0W_A_C,1JTG_A_B,2G2U_A_B,2G2W_A_B,3N4I_A_B,1JTD_A_B,3QHY_A_B	15
1JTG_B_FB36A	FB36A	FB36A	1JTG	1JTG_B	P35804	-3.201	-3.201,-3.201,-3.201,-3.201,-3.201	4.77e-09,5e-10,1.11e-10,1.11e-10,1.11e-10	1.06e-06,4e-08,7.14e-08,4.76e-08,1.89e-08	COR	ITC,SPR,IASP	1		1XXM_A_C,1S0W_A_C,1JTG_A_B,2G2U_A_B,2G2W_A_B,3N4I_A_B,1JTD_A_B,3QHY_A_B	15
1JTG_B_RB160A	RB160A	RB160A	1JTG	1JTG_B	P35804	-2.222	-2.222,-2.222,-2.222,-2.222,-2.222	4.77e-09,5e-10,1.11e-10,1.11e-10,1.11e-10	2.03e-07,1.1e-08,4.76e-08,2.7e-08,2.94e-08	RIM	ITC,SPR,IASP	1		1XXM_A_C,1S0W_A_C,1JTG_A_B,2G2U_A_B,2G2W_A_B,3N4I_A_B,1JTD_A_B,3QHY_A_B	15
1JTG_B_YB50A	YB50A	YB50A	1JTG	1JTG_B	P35804	0.407	0.407,0.407,0.407,0.407	4.77e-09,5e-10,1.11e-10,1.11e-10	2.4e-09,1.1e-11,3.33e-12,3.1e-12	COR	ITC,SPR,IASP	1		1XXM_A_C,1S0W_A_C,1JTG_A_B,2G2U_A_B,2G2W_A_B,3N4I_A_B,1JTD_A_B,3QHY_A_B	15
1JTG_B_YB143A	YB143A	YB143A	1JTG	1JTG_B	P35804	-0.382	-0.382,-0.382,-0.382,-0.382	4.77e-09,5e-10,1.11e-10,1.11e-10	9.09e-09,6e-10,5e-10,1.54e-09	COR	ITC,SPR,IASP	1		1XXM_A_C,1S0W_A_C,1JTG_A_B,2G2U_A_B,2G2W_A_B,3N4I_A_B,1JTD_A_B,3QHY_A_B	15
1JTG_B_YB51A	YB51A	YB51A	1JTG	1JTG_B	P35804	0.0	0.0,0.0,0.0,0.0	5e-10,1.11e-10,1.11e-10,1.11e-10	5e-10,7.63e-10,6.67e-10,6.41e-10	COR	ITC,IASP	2		1XXM_A_C,1S0W_A_C,1JTG_A_B,2G2U_A_B,2G2W_A_B,3N4I_A_B,1JTD_A_B,3QHY_A_B	15
1JTG_B_SB113A	SB113A	SB113A	1JTG	1JTG_B	P35804	0.168	0.168,0.168,0.168	4.77e-09,5e-10,1.11e-10	3.59e-09,1.1e-10,4.78e-11	COR	ITC,SPR,IASP	1		1XXM_A_C,1S0W_A_C,1JTG_A_B,2G2U_A_B,2G2W_A_B,3N4I_A_B,1JTD_A_B,3QHY_A_B	15
1JTG_B_SB71A	SB71A	SB71A	1JTG	1JTG_B	P35804	-0.358	-0.358,-0.358,-0.358	4.77e-09,5e-10,1.11e-10	8.73e-09,2e-10,3.01e-10	SUP	ITC,SPR,IASP	1		1XXM_A_C,1S0W_A_C,1JTG_A_B,2G2U_A_B,2G2W_A_B,3N4I_A_B,1JTD_A_B,3QHY_A_B	15
1JTG_B_GB48A	GB48A	GB48A	1JTG	1JTG_B	P35804	-0.199	-0.199,-0.199,-0.199	5e-10,1.11e-10,1.11e-10	7e-10,1e-09,2.94e-09	COR	ITC,IASP	2		1XXM_A_C,1S0W_A_C,1JTG_A_B,2G2U_A_B,2G2W_A_B,3N4I_A_B,1JTD_A_B,3QHY_A_B	15
1JTG_B_RB144A	RB144A	RB144A	1JTG	1JTG_B	P35804	-0.108	-0.108,-0.108	5e-10,1.11e-10	6e-10,8.17e-10	RIM	ITC,IASP	2		1XXM_A_C,1S0W_A_C,1JTG_A_B,2G2U_A_B,2G2W_A_B,3N4I_A_B,1JTD_A_B,3QHY_A_B	15
1JTG_B_GB141A	GB141A	GB141A	1JTG	1JTG_B	P35804	-0.759	-0.759,-0.759	5e-10,1.11e-10	1.8e-09,2.61e-09	COR	ITC,IASP	2		1XXM_A_C,1S0W_A_C,1JTG_A_B,2G2U_A_B,2G2W_A_B,3N4I_A_B,1JTD_A_B,3QHY_A_B	15
1JTG_B_EB73A	EB73A	EB73A	1JTG	1JTG_B	P35804	0.132	0.132,0.132	5e-10,1.11e-10	4e-10,5.86e-10	COR	ITC,IASP	2		1XXM_A_C,1S0W_A_C,1JTG_A_B,2G2U_A_B,2G2W_A_B,3N4I_A_B,1JTD_A_B,3QHY_A_B	15
1JTG_B_SB39A	SB39A	SB39A	1JTG	1JTG_B	P35804	0.303	0.303,0.303	5e-10,1.11e-10	3e-10,2.01e-10	SUP	ITC,IASP	2		1XXM_A_C,1S0W_A_C,1JTG_A_B,2G2U_A_B,2G2W_A_B,3N4I_A_B,1JTD_A_B,3QHY_A_B	15
1JTG_B_WB162A	WB162A	WB162A	1JTG	1JTG_B	P35804	-2.341	-2.341,-2.341	4.77e-09,5e-10	2.48e-07,2e-08	COR	SPR,IASP	1		1XXM_A_C,1S0W_A_C,1JTG_A_B,2G2U_A_B,2G2W_A_B,3N4I_A_B,1JTD_A_B,3QHY_A_B	15
1JTG_B_DB163K	DB163K	DB163K	1JTG	1JTG_B	P35804	1.983	1.983	1.25e-09	4.4e-11	RIM	SFFL	1		1XXM_A_C,1S0W_A_C,1JTG_A_B,2G2U_A_B,2G2W_A_B,3N4I_A_B,1JTD_A_B,3QHY_A_B	15
1JTG_B_DB163A	DB163A	DB163A	1JTG	1JTG_B	P35804	1.341	1.341	1.25e-09	1.3e-10	RIM	SFFL	1		1XXM_A_C,1S0W_A_C,1JTG_A_B,2G2U_A_B,2G2W_A_B,3N4I_A_B,1JTD_A_B,3QHY_A_B	15
1JTG_B_NB89K	NB89K	NB89K	1JTG	1JTG_B	P35804	0.455	0.455	1.25e-09	5.8e-10	SUR	SFFL	1		1XXM_A_C,1S0W_A_C,1JTG_A_B,2G2U_A_B,2G2W_A_B,3N4I_A_B,1JTD_A_B,3QHY_A_B	15
1JTG_B_TB140K	TB140K	TB140K	1JTG	1JTG_B	P35804	0.014	0.014	1.25e-09	1.22e-09	RIM	SFFL	1		1XXM_A_C,1S0W_A_C,1JTG_A_B,2G2U_A_B,2G2W_A_B,3N4I_A_B,1JTD_A_B,3QHY_A_B	15
1JTG_B_VB93K	VB93K	VB93K	1JTG	1JTG_B	P35804	0.476	0.476	1.25e-09	5.6e-10	SUR	SFFL	1		1XXM_A_C,1S0W_A_C,1JTG_A_B,2G2U_A_B,2G2W_A_B,3N4I_A_B,1JTD_A_B,3QHY_A_B	15
1JTG_B_TB32K	TB32K	TB32K	1JTG	1JTG_B	P35804	-0.199	-0.199	1.25e-09	1.75e-09	SUR	SFFL	1		1XXM_A_C,1S0W_A_C,1JTG_A_B,2G2U_A_B,2G2W_A_B,3N4I_A_B,1JTD_A_B,3QHY_A_B	15
1JTG_B_EB73M	EB73M	EB73M	1JTG	1JTG_B	P35804	-0.505	-0.505	3.2e-09	7.5e-09	COR	IASP	2		1XXM_A_C,1S0W_A_C,1JTG_A_B,2G2U_A_B,2G2W_A_B,3N4I_A_B,1JTD_A_B,3QHY_A_B	15
1JTG_B_SB35A	SB35A	SB35A	1JTG	1JTG_B	P35804	0.0	0.0	5e-10	5e-10	RIM	IASP	2		1XXM_A_C,1S0W_A_C,1JTG_A_B,2G2U_A_B,2G2W_A_B,3N4I_A_B,1JTD_A_B,3QHY_A_B	15
1JTG_B_EB31A	EB31A	EB31A	1JTG	1JTG_B	P35804	-0.821	-0.821	5e-10	2e-09	RIM	IASP	2		1XXM_A_C,1S0W_A_C,1JTG_A_B,2G2U_A_B,2G2W_A_B,3N4I_A_B,1JTD_A_B,3QHY_A_B	15
1S0W_C_AC1142F	AC1142F	AC142F	1S0W	1S0W_C	P35804	2.103	2.103	1.66e-07	4.77e-09	RIM	SPR	1		1XXM_A_C,1S0W_A_C,1JTG_A_B,2G2U_A_B,2G2W_A_B,3N4I_A_B,1JTD_A_B,3QHY_A_B	15
