complex_a	complex_b
2REX_A_B	3Q3J_A_B
2B12_A_B	2PCC_A_B
1FC2_C_D	1FCC_A_C
1FR2_A_B	1FR2_A_B
1LFD_A_B	4G0N_A_B
2BTF_A_P	2BTF_A_P
2NZ9_DC_A	AB/AG
2G2U_A_B	2G2W_A_B
3MZG_A_B	3NCC_A_B
1CT0_E_I	Pr/PI
1JCK_A_B	3QFJ_ABC_DE
3PWP_ABC_DE	TCR/pMHC
2B12_A_B	2B12_A_B
1KIQ_AB_C	AB/AG
3VR6_ABCDEF_GH	3VR6_ABCDEF_GH
1GRN_A_B	3EG5_A_B
1JCK_A_B	3HG1_ABC_DE
1EFN_A_B	1GCQ_AB_C
1KTZ_A_B	2QJ9_AB_C
1JCK_A_B	2OI9_AQ_BC
2GYK_A_B	2VLN_A_B
1JTG_A_B	1S0W_A_C
1JCK_A_B	3QDG_ABC_DE
1LP9_ABC_EF	TCR/pMHC
2B0Z_A_B	2B0Z_A_B
1KAC_A_B	1P69_A_B
1K8R_A_B	5UFQ_A_C
1Y33_E_I	Pr/PI
1SGD_E_I	Pr/PI
1YQV_HL_Y	AB/AG
3BN9_B_CD	Pr/PI
2J8U_ABC_EF	TCR/pMHC
1N8O_ABC_E	Pr/PI
4YEB_A_B	4YEB_A_B
2GOX_A_B	3D5R_A_C
3EG5_A_B	3EG5_A_B
1MAH_A_F	1MAH_A_F
2VLO_A_B	2VLQ_A_B
5XCO_A_B	5XCO_A_B
1GL0_E_I	Pr/PI
2VLP_A_B	2VLP_A_B
4HFK_A_BD	4HFK_A_BD
3BTG_E_I	Pr/PI
2B0U_AB_C	3HH2_AB_C
3UIG_A_P	3UIG_A_P
1B2U_A_D	1X1W_A_D
1MI5_ABC_DE	4N8V_G_ABC
2C5D_A_C	2C5D_A_C
1TM5_E_I	Pr/PI
1EMV_A_B	2VLO_A_B
3W2D_A_HL	AB/AG
1JTG_A_B	3QHY_A_B
4ZS6_HL_A	AB/AG
1SGQ_E_I	Pr/PI
2GOX_A_B	2NOJ_A_B
1CSO_E_I	Pr/PI
1EMV_A_B	1FR2_A_B
3HH2_AB_C	3SEK_B_C
1E96_A_B	4G0N_A_B
1C1Y_A_B	1C1Y_A_B
2VLN_A_B	2WPT_A_B
2NU2_E_I	Pr/PI
3SE3_B_A	3SE3_B_A
4JFF_ABC_DE	TCR/pMHC
3KUD_A_B	3KUD_A_B
2C5D_A_C	4RA0_A_C
2NYY_DC_A	AB/AG
1XD3_A_B	2OOB_A_B
1DAN_HL_UT	1DAN_HL_UT
1JCK_A_B	3C60_CD_AB
2HLE_A_B	2HLE_A_B
1XGQ_AB_C	AB/AG
1PPF_E_I	Pr/PI
4NM8_ABCDEF_HL	AB/AG
3NVN_B_A	3NVQ_B_A
1TM3_E_I	Pr/PI
1JTD_A_B	1JTG_A_B
2C0L_A_B	3R9A_AC_B
1B3S_A_D	1B3S_A_D
4E6K_AB_G	4E6K_AB_G
3BK3_A_C	3SEK_B_C
3BTE_E_I	Pr/PI
1X1W_A_D	1X1W_A_D
1K8R_A_B	1LFD_A_B
1P69_A_B	1P6A_A_B
1Y34_E_I	Pr/PI
3NCB_A_B	3NCB_A_B
4JFD_ABC_DE	TCR/pMHC
1FR2_A_B	2WPT_A_B
3R9A_AC_B	3R9A_AC_B
1HE8_A_B	4G0N_A_B
3RF3_A_C	3RF3_A_C
1REW_AB_C	2QJ9_AB_C
1P69_A_B	2J12_A_B
1LFD_A_B	3KUD_A_B
1R0R_E_I	Pr/PI
3NVQ_B_A	3NVQ_B_A
2G2W_A_B	2G2W_A_B
3D5S_A_C	3D5S_A_C
1C1Y_A_B	4G0N_A_B
1JCK_A_B	3QDJ_ABC_DE
2I26_N_L	2I26_N_L
1IAR_A_B	1IAR_A_B
1B2S_A_D	1B3S_A_D
2BNR_ABC_DE	4N8V_G_ABC
3N06_A_B	3NCC_A_B
1OGA_ABC_DE	TCR/pMHC
1MI5_ABC_DE	TCR/pMHC
2REX_A_B	3EG5_A_B
1MHP_HL_A	AB/AG
3LB6_A_C	3LB6_A_C
1Y1K_E_I	Pr/PI
1BP3_A_B	3NCC_A_B
1B2S_A_D	1B2U_A_D
3N85_A_LH	AB/AG
1XGU_AB_C	AB/AG
2GYK_A_B	2VLP_A_B
4KRO_A_B	AB/AG
3EQY_A_C	3EQY_A_C
3B4V_AB_C	3BK3_A_C
1KNE_A_P	1KNE_A_P
2B2X_HL_A	AB/AG
3U82_A_B	3U82_A_B
1XD3_A_B	1XD3_A_B
4U6H_AB_E	AB/AG
1C4Z_ABC_D	1C4Z_ABC_D
3EQS_A_B	3LNZ_A_B
1KAC_A_B	1P6A_A_B
1JCK_A_B	2J8U_ABC_EF
1JCK_A_B	3D3V_ABC_DE
1JTD_A_B	2G2U_A_B
2VLQ_A_B	2VLQ_A_B
2OOB_A_B	2OOB_A_B
3L5X_A_HL	AB/AG
1S1Q_A_B	2OOB_A_B
4K71_A_BC	4K71_A_BC
1KAC_A_B	2J12_A_B
3WWN_A_B	3WWN_A_B
1EMV_A_B	2WPT_A_B
3BTH_E_I	Pr/PI
3SE9_HL_G	AB/AG
1S0W_A_C	3N4I_A_B
3N4I_A_B	3N4I_A_B
1JCK_A_B	1SBB_A_B
1JTG_A_B	2G2W_A_B
2J0T_A_D	2J0T_A_D
2BDN_HL_A	AB/AG
1E96_A_B	3KUD_A_B
1SIB_E_I	Pr/PI
3EQS_A_B	3EQY_A_C
1Y48_E_I	Pr/PI
4GNK_A_B	4GNK_A_B
3NPS_A_BC	Pr/PI
2J1K_C_T	2J1K_C_T
4NZW_A_B	4NZW_A_B
3BTW_E_I	Pr/PI
2AW2_A_B	2AW2_A_B
1NMB_N_LH	AB/AG
3M62_A_B	3M62_A_B
2SIC_E_I	Pr/PI
2UWE_ABC_EF	TCR/pMHC
2NOJ_A_B	3D5S_A_C
1FSS_A_B	1MAH_A_F
1F5R_A_I	Pr/PI
4EKD_A_B	4EKD_A_B
1BD2_ABC_DE	1JCK_A_B
3QIB_ABP_CD	TCR/pMHC
1JTD_A_B	2G2W_A_B
2SGP_E_I	Pr/PI
3N0P_A_B	3NCB_A_B
1SBB_A_B	1SBB_A_B
1S0W_A_C	1S0W_A_C
3NCC_A_B	3NCC_A_B
3BK3_A_C	3HH2_AB_C
2A9K_A_B	2A9K_A_B
2B42_A_B	2B42_A_B
1EFN_A_B	1EFN_A_B
1GC1_G_C	1GC1_G_C
1Z7X_W_X	1Z7X_W_X
1HE8_A_B	3KUD_A_B
1AK4_A_D	1AK4_A_D
2VIR_AB_C	AB/AG
3S9D_A_B	3SE3_B_C
2GYK_A_B	2WPT_A_B
2NU0_E_I	Pr/PI
1JTG_A_B	1XXM_A_C
1A22_A_B	1BP3_A_B
1JCK_A_B	4OZG_ABJ_GH
1E50_A_B	1H9D_A_B
2VLO_A_B	2VLP_A_B
4P23_CD_AB	TCR/pMHC
1JTD_A_B	3N4I_A_B
3MZG_A_B	3N06_A_B
1S0W_A_C	3QHY_A_B
3N4I_A_B	3QHY_A_B
1C1Y_A_B	3KUD_A_B
1AO7_ABC_DE	TCR/pMHC
5F4E_A_B	5F4E_A_B
3AAA_AB_C	3AAA_AB_C
1XD3_A_B	3M63_A_B
1B2U_A_D	1BRS_A_D
3BN9_B_CD	AB/AG
4FTV_ABC_DE	TCR/pMHC
5TAR_A_B	5TAR_A_B
2FTL_E_I	Pr/PI
1FR2_A_B	2VLP_A_B
1NCA_N_LH	AB/AG
1SMF_E_I	Pr/PI
1K8R_A_B	4G0N_A_B
2E7L_EQ_AD	TCR/pMHC
3L5X_A_HL	3LB6_A_C
3KBH_A_E	3KBH_A_E
2B11_A_B	2PCC_A_B
1TM7_E_I	Pr/PI
1BRS_A_D	1X1W_A_D
2VIS_AB_C	AB/AG
5CXB_A_B	5CYK_A_B
1X1X_A_D	1X1X_A_D
3QDG_ABC_DE	TCR/pMHC
2JCC_ABC_EF	TCR/pMHC
1JTD_A_B	1S0W_A_C
2VLN_A_B	2VLQ_A_B
3F1S_A_B	3F1S_A_B
3TGK_E_I	Pr/PI
1JCK_A_B	4JFE_ABC_DE
1SGN_E_I	Pr/PI
4NKQ_C_AB	4RS1_A_B
3G6D_LH_A	AB/AG
2P5E_ABC_DE	4N8V_G_ABC
4JFE_ABC_DE	TCR/pMHC
1B41_A_B	1B41_A_B
3M63_A_B	3M63_A_B
2B11_A_B	2B11_A_B
3MZG_A_B	3NCB_A_B
1FY8_E_I	Pr/PI
3B4V_AB_C	3B4V_AB_C
3UIG_A_P	3UIH_A_P
1JTD_A_B	3QHY_A_B
3MZG_A_B	3MZG_A_B
3B4V_AB_C	3SEK_B_C
4G2V_A_B	4G2V_A_B
3SE3_B_A	3SE4_B_A
4NZW_A_B	4O27_A_B
1CSE_E_I	Pr/PI
4JGH_ABC_D	4JGH_ABC_D
1KBH_A_B	1KBH_A_B
1EMV_A_B	2VLP_A_B
4J2L_A_CD	4J2L_A_CD
1FCC_A_C	1FCC_A_C
3N0P_A_B	3N0P_A_B
1HE8_A_B	5TAR_A_B
4Y61_A_B	4Y61_A_B
1DVF_AB_CD	AB/AG
1JCK_A_B	2BNR_ABC_DE
2VLO_A_B	2WPT_A_B
1S0W_A_C	2G2U_A_B
3D3V_ABC_DE	TCR/pMHC
1JCK_A_B	2E7L_EQ_AD
2OOB_A_B	3M63_A_B
2J12_A_B	2J12_A_B
3BTT_E_I	Pr/PI
3BTQ_E_I	Pr/PI
1WQJ_I_B	1WQJ_I_B
1S1Q_A_B	3M63_A_B
4I77_HL_Z	AB/AG
2VLP_A_B	2VLQ_A_B
4FZA_A_B	4FZA_A_B
2VLR_ABC_DE	TCR/pMHC
3HFM_HL_Y	AB/AG
1JCK_A_B	4JFD_ABC_DE
1FFW_A_B	1FFW_A_B
3EQS_A_B	3EQS_A_B
5UFQ_A_C	5UFQ_A_C
4G2V_A_B	4WND_A_B
2B10_A_B	2PCC_A_B
3U82_A_B	4MYW_A_B
3LNZ_A_B	3LNZ_A_B
1XXM_A_C	2G2U_A_B
4RA0_A_C	4RA0_A_C
4NKQ_C_AB	4NKQ_C_AB
2B11_A_B	2PCB_A_B
2B10_A_B	2B12_A_B
3BP8_A_C	3BP8_A_C
1XGT_AB_C	AB/AG
1B3S_A_D	1X1X_A_D
2ABZ_B_E	4CPA_A_I
4KRL_A_B	AB/AG
3SGB_E_I	Pr/PI
3N06_A_B	3N06_A_B
1KIR_AB_C	AB/AG
1CBW_FGH_I	Pr/PI
1JCK_A_B	4P23_CD_AB
1S0W_A_C	2G2W_A_B
1BP3_A_B	3N06_A_B
2P5E_ABC_DE	TCR/pMHC
4PWX_AB_CD	4PWX_AB_CD
2B10_A_B	2B11_A_B
1K8R_A_B	3KUD_A_B
1TMG_E_I	Pr/PI
1AHW_AB_C	AB/AG
4O27_A_B	4O27_A_B
3NVN_B_A	3NVN_B_A
4YH7_A_B	4YH7_A_B
4MNQ_ABC_DE	TCR/pMHC
1M9E_A_D	1M9E_A_D
3G6D_LH_A	3LB6_A_C
3UII_A_P	3UII_A_P
1GUA_A_B	1GUA_A_B
1BP3_A_B	1BP3_A_B
1BRS_A_D	1X1X_A_D
3SE4_B_C	3SE4_B_C
1GC1_G_C	2NY7_HL_G
4RS1_A_B	4RS1_A_B
4LRX_AB_CD	4LRX_AB_CD
1B2U_A_D	1B3S_A_D
3SEK_B_C	3SEK_B_C
1B2S_A_D	1X1X_A_D
4X4M_AB_E	4X4M_AB_E
1XGR_AB_C	AB/AG
2REX_A_B	2REX_A_B
3MZG_A_B	3N0P_A_B
2DVW_A_B	2DVW_A_B
1B2U_A_D	1B2U_A_D
3D5R_A_C	3D5S_A_C
2AJF_A_E	2AJF_A_E
3NPS_A_BC	AB/AG
1BJ1_HL_VW	AB/AG
1P6A_A_B	2J1K_C_T
2DVW_A_B	3AAA_AB_C
3HH2_AB_C	3HH2_AB_C
1S1Q_A_B	1S1Q_A_B
1EAW_A_B	Pr/PI
3N06_A_B	3NCB_A_B
1TM1_E_I	Pr/PI
3S9D_A_B	3SE4_B_A
1DQJ_AB_C	AB/AG
3QFJ_ABC_DE	TCR/pMHC
2NU4_E_I	Pr/PI
1SGY_E_I	Pr/PI
1JCK_A_B	2P5E_ABC_DE
4N8V_G_ABC	5E9D_AB_CDE
4N8V_G_ABC	4N8V_G_ABC
5E6P_A_B	5E6P_A_B
1S0W_A_C	1XXM_A_C
1BP3_A_B	3NCB_A_B
3SE4_B_A	3SE4_B_A
1A4Y_A_B	1A4Y_A_B
1MLC_AB_E	AB/AG
1XXM_A_C	3N4I_A_B
2C5D_AB_CD	2C5D_A_C
1GUA_A_B	1K8R_A_B
1HE8_A_B	1K8R_A_B
1BP3_A_B	3MZG_A_B
2WPT_A_B	2WPT_A_B
3BTF_E_I	Pr/PI
2KSO_A_B	2KSO_A_B
2B10_A_B	2PCB_A_B
1QSE_ABC_DE	TCR/pMHC
4OFY_A_D	4OFY_A_D
2GOX_A_B	3D5S_A_C
5CYK_A_B	5CYK_A_B
1FC2_C_D	1FC2_C_D
1GL1_A_I	Pr/PI
2VLN_A_B	2VLO_A_B
3QHY_A_B	3QHY_A_B
1Y3D_E_I	Pr/PI
2BNR_ABC_DE	TCR/pMHC
1C1Y_A_B	1K8R_A_B
2VLQ_A_B	2WPT_A_B
1B41_A_B	1FSS_A_B
2PCB_A_B	2PCB_A_B
1Y3C_E_I	Pr/PI
2NU1_E_I	Pr/PI
1YY9_CD_A	AB/AG
1JCK_A_B	1LP9_ABC_EF
2C5D_AB_CD	4RA0_A_C
2G2U_A_B	2G2U_A_B
4FZA_A_B	4O27_A_B
4HRN_A_D	4HRN_A_D
5TAR_A_B	5XCO_A_B
4CPA_A_I	4CPA_A_I
3LZF_AB_HL	AB/AG
1BRS_A_D	1BRS_A_D
1B3S_A_D	1X1W_A_D
2A9K_A_B	5XCO_A_B
4JEU_A_B	4JEU_A_B
3BTM_E_I	Pr/PI
2DSQ_I_G	2DSQ_I_G
3AAA_AB_C	4HRN_A_D
3SE4_B_A	3SE4_B_C
1FR2_A_B	2GYK_A_B
1JCK_A_B	2AK4_ABC_DE
2B0Z_A_B	2PCB_A_B
1JCK_A_B	2BNQ_ABC_DE
1JTD_A_B	1XXM_A_C
3BTD_E_I	Pr/PI
1UUZ_A_D	1YQV_HL_Y
5E9D_AB_CDE	TCR/pMHC
3SZK_AB_C	3SZK_AB_C
1JCK_A_B	1QSE_ABC_DE
2B0U_AB_C	3BK3_A_C
1XXM_A_C	3QHY_A_B
3UIH_A_P	3UII_A_P
2B11_A_B	2B12_A_B
1KTZ_A_B	1REW_AB_C
1B2S_A_D	1X1W_A_D
4WND_A_B	4WND_A_B
2B10_A_B	2B10_A_B
1N8Z_AB_C	AB/AG
1JTD_A_B	1JTD_A_B
1JCK_A_B	4FTV_ABC_DE
2NOJ_A_B	3D5R_A_C
3SE3_B_C	3SE4_B_A
1E50_A_B	1E50_A_B
1UUZ_A_D	1UUZ_A_D
2HRK_A_B	2HRK_A_B
3N06_A_B	3N0P_A_B
1JCK_A_B	3QIB_ABP_CD
1HE8_A_B	5UFE_A_B
2J12_A_B	2J1K_C_T
4OZG_ABJ_GH	TCR/pMHC
1KTZ_A_B	2QJB_AB_C
1BP3_A_B	3N0P_A_B
2PYE_ABC_DE	4N8V_G_ABC
2B0U_AB_C	2B0U_AB_C
2G2U_A_B	3N4I_A_B
1Y3B_E_I	Pr/PI
1EMV_A_B	2GYK_A_B
1FR2_A_B	2VLQ_A_B
1JCK_A_B	4P5T_CD_AB
1P69_A_B	2J1K_C_T
3NCB_A_B	3NCC_A_B
3SF4_A_D	4G2V_A_B
1AO7_ABC_DE	1JCK_A_B
4UYP_A_D	5M2O_A_B
2B0Z_A_B	2B10_A_B
4GXU_ABCDEF_MN	AB/AG
4KRP_A_B	AB/AG
1VFB_AB_C	AB/AG
1JCK_A_B	1QSF_ABC_DE
1F47_A_B	1F47_A_B
1KIP_AB_C	AB/AG
1SGE_E_I	Pr/PI
1JTG_A_B	1JTG_A_B
1JCK_A_B	4JFF_ABC_DE
1AK4_A_D	1M9E_A_D
4FZA_A_B	4NZW_A_B
3SE3_B_C	3SE4_B_C
4MYW_A_B	4MYW_A_B
1LFD_A_B	1LFD_A_B
1KTZ_A_B	2QJA_AB_C
3SF4_A_D	3SF4_A_D
4G0N_A_B	4G0N_A_B
4BFI_A_B	4BFI_A_B
3Q3J_A_B	3Q3J_A_B
3M62_A_B	3M63_A_B
2JEL_LH_P	AB/AG
1CT4_E_I	Pr/PI
1K8R_A_B	1K8R_A_B
1GC1_G_C	3IDX_HL_G
2VLN_A_B	2VLN_A_B
1JCK_A_B	2PYE_ABC_DE
2PCB_A_B	2PCC_A_B
3SF4_A_D	4WND_A_B
1B2S_A_D	1B2S_A_D
2GOX_A_B	2GOX_A_B
1JCK_A_B	2JCC_ABC_EF
1KTZ_A_B	3B4V_AB_C
1FC2_C_D	3MZW_A_B
2B12_A_B	2PCB_A_B
2SGQ_E_I	Pr/PI
4HSA_AB_C	4HSA_AB_C
3SE8_HL_G	AB/AG
1REW_AB_C	1REW_AB_C
1KAC_A_B	2J1K_C_T
4P5T_CD_AB	TCR/pMHC
4CVW_A_C	4CVW_A_C
2GYK_A_B	2GYK_A_B
1HE8_A_B	5UFQ_A_C
2BNQ_ABC_DE	4N8V_G_ABC
3BX1_A_C	Pr/PI
2AJF_A_E	3KBH_A_E
1GUA_A_B	1HE8_A_B
1SGP_E_I	Pr/PI
2G2U_A_B	3QHY_A_B
1HE8_A_B	1HE8_A_B
2GYK_A_B	2VLO_A_B
1EMV_A_B	2VLQ_A_B
1KAC_A_B	1KAC_A_B
1GUA_A_B	4G0N_A_B
5K39_A_B	5K39_A_B
1JCK_A_B	2VLR_ABC_DE
1GRN_A_B	1GRN_A_B
3EQY_A_C	3LNZ_A_B
5CXB_A_B	5CXB_A_B
1BD2_ABC_DE	TCR/pMHC
1C1Y_A_B	1HE8_A_B
3S9D_A_B	3S9D_A_B
2B0Z_A_B	2PCC_A_B
2VLP_A_B	2WPT_A_B
3EG5_A_B	3Q3J_A_B
1XXM_A_C	2G2W_A_B
1E96_A_B	1E96_A_B
1FR2_A_B	2VLN_A_B
2C0L_A_B	2C0L_A_B
3UIG_A_P	3UII_A_P
1CZ8_HL_VW	AB/AG
4YFD_A_B	4YH7_A_B
1C1Y_A_B	1GUA_A_B
1CHO_EFG_I	Pr/PI
1REW_AB_C	2QJB_AB_C
2B0Z_A_B	2B12_A_B
1JTG_A_B	2G2U_A_B
4L3E_ABC_DE	TCR/pMHC
2PCC_A_B	2PCC_A_B
1JCK_A_B	2UWE_ABC_EF
3H9S_ABC_DE	TCR/pMHC
4UYQ_A_B	5M2O_A_B
1JRH_LH_I	AB/AG
1A4Y_A_B	1Z7X_W_X
5UFE_A_B	5UFE_A_B
2B0U_AB_C	3B4V_AB_C
1A22_A_B	1A22_A_B
4L0P_A_B	4L0P_A_B
2HLE_A_B	4L0P_A_B
2DVW_A_B	4HRN_A_D
1U7F_B_AC	1U7F_B_AC
2B0Z_A_B	2B11_A_B
1JCK_A_B	1QRN_ABC_DE
3N0P_A_B	3NCC_A_B
3MZW_A_B	3N85_A_LH
2G2W_A_B	3N4I_A_B
2B0U_AB_C	3SEK_B_C
3B4V_AB_C	3HH2_AB_C
1XGP_AB_C	AB/AG
3MZW_A_B	3MZW_A_B
1JCK_A_B	1MI5_ABC_DE
3C60_CD_AB	TCR/pMHC
1EMV_A_B	1EMV_A_B
1B2U_A_D	1X1X_A_D
3BK3_A_C	3BK3_A_C
4JPK_HL_A	AB/AG
1KTZ_A_B	1KTZ_A_B
3QDJ_ABC_DE	TCR/pMHC
1JCK_A_B	3H9S_ABC_DE
2GYK_A_B	2VLQ_A_B
3Q8D_A_E	3Q8D_A_E
1REW_AB_C	2QJA_AB_C
4YFD_A_B	4YFD_A_B
1B41_A_B	1MAH_A_F
1B3S_A_D	1BRS_A_D
4B0M_A_BM	4B0M_A_BM
1K8R_A_B	5UFE_A_B
1GUA_A_B	1LFD_A_B
1HE8_A_B	1LFD_A_B
3KUD_A_B	4G0N_A_B
1EMV_A_B	2VLN_A_B
1JCK_A_B	4L3E_ABC_DE
1TM4_E_I	Pr/PI
2O3B_A_B	2O3B_A_B
1JCK_A_B	1OGA_ABC_DE
2BNQ_ABC_DE	TCR/pMHC
2OI9_AQ_BC	TCR/pMHC
1GCQ_AB_C	1GCQ_AB_C
1P6A_A_B	1P6A_A_B
1H9D_A_B	1H9D_A_B
1C1Y_A_B	1LFD_A_B
2VLO_A_B	2VLO_A_B
1P69_A_B	1P69_A_B
1FSS_A_B	1FSS_A_B
3S9D_A_B	3SE4_B_C
1P6A_A_B	2J12_A_B
1SBN_E_I	Pr/PI
1JCK_A_B	1JCK_A_B
1ACB_E_I	Pr/PI
1TO1_E_I	Pr/PI
2VLN_A_B	2VLP_A_B
1B2S_A_D	1BRS_A_D
1JTG_A_B	3N4I_A_B
1JCK_A_B	3PWP_ABC_DE
3NGB_HL_G	AB/AG
5UFE_A_B	5UFQ_A_C
1FR2_A_B	2VLO_A_B
3BT1_A_U	3BT1_A_U
2G2W_A_B	3QHY_A_B
1X1W_A_D	1X1X_A_D
1YCS_A_B	1YCS_A_B
5C6T_HL_A	AB/AG
2AK4_ABC_DE	TCR/pMHC
1CT2_E_I	Pr/PI
1GUA_A_B	3KUD_A_B
3D5R_A_C	3D5R_A_C
5M2O_A_B	5M2O_A_B
